Country,Shipment Mode,Fulfill Via,Delay Days
Côte d'Ivoire,Air,Direct Drop,0
Vietnam,Air,Direct Drop,0
Côte d'Ivoire,Air,Direct Drop,0
Vietnam,Air,Direct Drop,0
Vietnam,Air,Direct Drop,0
Nigeria,Air,Direct Drop,0
Zambia,Air,Direct Drop,0
Tanzania,Air,Direct Drop,0
Nigeria,Air,Direct Drop,0
Zambia,Air,Direct Drop,0
Zambia,Air,Direct Drop,0
Zambia,Air,Direct Drop,0
Nigeria,Air,Direct Drop,0
Rwanda,Air,Direct Drop,0
Haiti,Air,Direct Drop,0
Zimbabwe,Air,Direct Drop,0
Nigeria,N/A,Direct Drop,0
Rwanda,Air,Direct Drop,0
Tanzania,Air,Direct Drop,0
Nigeria,Air,Direct Drop,0
Nigeria,Air,Direct Drop,0
Côte d'Ivoire,Air,Direct Drop,0
Vietnam,Air,Direct Drop,0
Vietnam,Air,Direct Drop,0
Haiti,Air,Direct Drop,8
Haiti,Air,Direct Drop,0
Tanzania,Air,Direct Drop,0
Tanzania,Air,Direct Drop,0
Tanzania,Air,Direct Drop,0
Ethiopia,Air,Direct Drop,0
Nigeria,Air,Direct Drop,0
South Africa,N/A,Direct Drop,0
Vietnam,Air,Direct Drop,0
Vietnam,Air,Direct Drop,0
Rwanda,Air,Direct Drop,0
Nigeria,Air,Direct Drop,0
South Africa,N/A,Direct Drop,-17
Haiti,Air,Direct Drop,0
Côte d'Ivoire,Air,Direct Drop,0
Côte d'Ivoire,Air,Direct Drop,0
Guyana,Air,Direct Drop,-8
Guyana,Air,Direct Drop,0
Ethiopia,N/A,Direct Drop,0
Zimbabwe,Air,Direct Drop,0
Nigeria,Air,Direct Drop,0
Namibia,Air,Direct Drop,0
Vietnam,Air,Direct Drop,0
South Africa,Truck,Direct Drop,0
South Africa,Truck,Direct Drop,0
Vietnam,Air,Direct Drop,0
South Africa,N/A,Direct Drop,-18
Nigeria,Air,Direct Drop,0
Nigeria,Air,Direct Drop,-5
Ethiopia,Air,Direct Drop,0
Vietnam,Air,Direct Drop,0
South Africa,Truck,Direct Drop,0
South Africa,Truck,Direct Drop,-104
South Africa,Truck,Direct Drop,-104
Tanzania,Air,Direct Drop,0
Haiti,Air,Direct Drop,0
Haiti,Air,Direct Drop,0
South Africa,Truck,Direct Drop,-3
Vietnam,Air,Direct Drop,0
Nigeria,Air,Direct Drop,-169
Vietnam,Air,Direct Drop,0
South Africa,Truck,Direct Drop,-2
Vietnam,Air,Direct Drop,0
Guyana,Air,Direct Drop,0
Zambia,Air,Direct Drop,0
Namibia,Air,Direct Drop,0
Côte d'Ivoire,Air,Direct Drop,0
Côte d'Ivoire,Air,Direct Drop,0
Nigeria,Air,Direct Drop,29
Namibia,Air,Direct Drop,0
Botswana,Air,Direct Drop,0
Zambia,Air,Direct Drop,0
South Africa,Truck,Direct Drop,-220
South Africa,Truck,Direct Drop,0
South Africa,Truck,Direct Drop,-220
South Africa,Truck,Direct Drop,-220
South Africa,Truck,Direct Drop,-220
Guyana,Air,Direct Drop,0
Tanzania,Air,Direct Drop,0
Côte d'Ivoire,Air,Direct Drop,0
Mozambique,Air,Direct Drop,0
Vietnam,Air,Direct Drop,0
Vietnam,Air,Direct Drop,0
Vietnam,Air,Direct Drop,0
Vietnam,Air,Direct Drop,0
Tanzania,Air,Direct Drop,0
Tanzania,Air,Direct Drop,0
Rwanda,Air,Direct Drop,0
Nigeria,Air,Direct Drop,0
Haiti,Air,Direct Drop,0
Haiti,Air,Direct Drop,0
Haiti,Air,Direct Drop,0
South Africa,Air,Direct Drop,-119
South Africa,Air,Direct Drop,-125
South Africa,Air,Direct Drop,-125
South Africa,Air,Direct Drop,-133
South Africa,Air,Direct Drop,-133
South Africa,Air,Direct Drop,-130
South Africa,Air,Direct Drop,-65
South Africa,Truck,Direct Drop,-20
South Africa,Air,Direct Drop,-8
South Africa,Truck,Direct Drop,0
South Africa,Air,Direct Drop,-72
South Africa,Air,Direct Drop,-57
South Africa,Air,Direct Drop,-66
Botswana,Air,Direct Drop,0
Côte d'Ivoire,Air,Direct Drop,0
Côte d'Ivoire,Air,Direct Drop,0
South Africa,Truck,Direct Drop,-101
South Africa,Truck,Direct Drop,-28
South Africa,Truck,Direct Drop,-22
Haiti,Air,Direct Drop,0
Kenya,Air,Direct Drop,0
Nigeria,Air,Direct Drop,0
Rwanda,Air,Direct Drop,0
Côte d'Ivoire,Air,Direct Drop,0
Vietnam,Air,Direct Drop,0
Vietnam,Air,Direct Drop,0
Botswana,Air,Direct Drop,28
Namibia,Air,Direct Drop,0
Vietnam,Air,Direct Drop,0
Namibia,Air,Direct Drop,0
South Africa,Truck,Direct Drop,0
South Africa,Truck,Direct Drop,-68
South Africa,Truck,Direct Drop,-76
Côte d'Ivoire,Air,Direct Drop,0
Côte d'Ivoire,Air,Direct Drop,0
Vietnam,Air,Direct Drop,0
Haiti,Air,Direct Drop,0
Zimbabwe,Air,Direct Drop,0
Nigeria,Air,Direct Drop,0
Vietnam,Air,Direct Drop,0
Vietnam,Air,Direct Drop,0
Guyana,Air,Direct Drop,0
Mozambique,Air,Direct Drop,0
Vietnam,Air,Direct Drop,0
Rwanda,Air,Direct Drop,0
Rwanda,Air,Direct Drop,0
Ethiopia,Air,Direct Drop,0
Vietnam,Air,Direct Drop,0
Nigeria,Air,Direct Drop,15
Ethiopia,Air,Direct Drop,0
Côte d'Ivoire,Air,Direct Drop,0
Nigeria,Air,Direct Drop,0
Côte d'Ivoire,Air,Direct Drop,0
Vietnam,Air,Direct Drop,0
Vietnam,Air,Direct Drop,0
Vietnam,Air,Direct Drop,0
Vietnam,Air,Direct Drop,0
Vietnam,Air,Direct Drop,0
Vietnam,Air,Direct Drop,0
Tanzania,Air,Direct Drop,0
Rwanda,Air,Direct Drop,0
South Africa,N/A,Direct Drop,0
South Africa,N/A,Direct Drop,0
Vietnam,Air,Direct Drop,0
Nigeria,Air,Direct Drop,0
Rwanda,Air,Direct Drop,0
Vietnam,Air,Direct Drop,0
Kazakhstan,Air,Direct Drop,0
Nigeria,Air,Direct Drop,0
South Africa,N/A,Direct Drop,-17
Botswana,Air,Direct Drop,0
Nigeria,Air,Direct Drop,-65
Mozambique,Air,Direct Drop,0
Zambia,Air,Direct Drop,0
Zambia,Air,Direct Drop,-7
Côte d'Ivoire,Air,Direct Drop,0
Mozambique,Air,Direct Drop,-5
Côte d'Ivoire,Air,Direct Drop,-4
Côte d'Ivoire,Air,Direct Drop,0
Côte d'Ivoire,Air,Direct Drop,0
Guyana,Air,Direct Drop,0
Guyana,Air,Direct Drop,0
Botswana,Air,Direct Drop,0
Zimbabwe,Air,Direct Drop,-27
South Africa,Truck,Direct Drop,0
South Africa,Truck,Direct Drop,0
South Africa,Truck,Direct Drop,0
Vietnam,Air,Direct Drop,-17
Vietnam,Air,Direct Drop,0
Côte d'Ivoire,Air,Direct Drop,0
South Africa,N/A,Direct Drop,-18
South Africa,N/A,Direct Drop,0
South Africa,N/A,Direct Drop,-18
Nigeria,Air,Direct Drop,0
Vietnam,Air,Direct Drop,0
Vietnam,Air,Direct Drop,0
South Africa,Truck,Direct Drop,-104
South Africa,Truck,Direct Drop,-91
South Africa,Truck,Direct Drop,-98
South Africa,Truck,Direct Drop,-104
Haiti,Air,Direct Drop,0
Rwanda,Air,Direct Drop,0
Rwanda,Air,Direct Drop,-1
Rwanda,Air,Direct Drop,0
Vietnam,Air,Direct Drop,0
Vietnam,Air,Direct Drop,0
South Africa,Truck,Direct Drop,4
South Africa,Truck,Direct Drop,-2
South Africa,Truck,Direct Drop,-2
South Africa,Truck,Direct Drop,-2
Zambia,Air,Direct Drop,0
Guyana,Air,Direct Drop,0
Nigeria,Air,Direct Drop,0
Nigeria,Air,Direct Drop,0
Vietnam,Air,Direct Drop,0
Vietnam,Air,Direct Drop,0
Vietnam,Air,Direct Drop,0
Vietnam,Air,Direct Drop,0
Guyana,Air,Direct Drop,0
Ethiopia,Air,Direct Drop,-21
Ethiopia,Air,Direct Drop,0
Ethiopia,Air,Direct Drop,0
South Africa,Truck,Direct Drop,-11
South Africa,Truck,Direct Drop,-11
Ethiopia,Air,Direct Drop,-6
Ethiopia,Air,Direct Drop,0
Zimbabwe,Air,Direct Drop,0
Vietnam,Air,Direct Drop,0
South Africa,Truck,Direct Drop,-220
South Africa,Truck,Direct Drop,-220
South Africa,Truck,Direct Drop,-220
South Africa,Truck,Direct Drop,-220
Nigeria,Air,Direct Drop,0
Namibia,Air,Direct Drop,0
Guyana,Air,Direct Drop,-29
Namibia,Air,Direct Drop,0
Vietnam,Air,Direct Drop,0
Vietnam,Air,Direct Drop,0
Nigeria,Air,Direct Drop,0
Haiti,Air,Direct Drop,0
Haiti,Air,Direct Drop,0
Mozambique,Air,Direct Drop,0
South Africa,Air,Direct Drop,-109
South Africa,Air,Direct Drop,-113
South Africa,Air,Direct Drop,-119
South Africa,Air,Direct Drop,-145
South Africa,Air,Direct Drop,-133
South Africa,Air,Direct Drop,-124
South Africa,Air,Direct Drop,-130
South Africa,Air,Direct Drop,-68
South Africa,Air,Direct Drop,-68
Uganda,Air,Direct Drop,0
South Africa,Truck,Direct Drop,0
South Africa,Air,Direct Drop,-66
South Africa,Air,Direct Drop,-66
Rwanda,Air,Direct Drop,0
South Africa,Air,Direct Drop,-102
South Africa,Truck,Direct Drop,-88
South Africa,Truck,Direct Drop,-53
Guyana,Air,Direct Drop,0
Guyana,Air,Direct Drop,0
South Africa,Truck,Direct Drop,-22
Nigeria,Air,Direct Drop,0
Kenya,Air,Direct Drop,0
Kenya,Air,Direct Drop,0
Nigeria,Air,Direct Drop,0
Rwanda,Air,Direct Drop,0
Côte d'Ivoire,Air,Direct Drop,35
Namibia,Air,Direct Drop,0
Vietnam,Air,Direct Drop,0
Côte d'Ivoire,Air,Direct Drop,0
Namibia,Air,Direct Drop,0
Vietnam,Air,Direct Drop,0
South Africa,Truck,Direct Drop,-70
South Africa,Truck,Direct Drop,0
Zambia,Air,Direct Drop,-13
Guyana,Air,Direct Drop,0
Côte d'Ivoire,Air,Direct Drop,0
Haiti,Air,Direct Drop,0
Vietnam,Air,Direct Drop,0
Vietnam,Air,Direct Drop,0
Vietnam,Air,Direct Drop,0
Nigeria,Air,Direct Drop,0
Nigeria,Air,Direct Drop,0
Zambia,Air,Direct Drop,0
Zambia,Air,Direct Drop,0
Nigeria,Air,Direct Drop,0
Nigeria,Air,Direct Drop,0
Zambia,Air,Direct Drop,0
Vietnam,Air,Direct Drop,0
Vietnam,Air,Direct Drop,0
Haiti,Air,Direct Drop,0
Vietnam,Air,Direct Drop,0
Zambia,Air,Direct Drop,0
Côte d'Ivoire,Air,Direct Drop,0
Nigeria,Air,Direct Drop,0
Nigeria,Air,Direct Drop,24
Nigeria,Air,Direct Drop,0
Vietnam,Air,Direct Drop,0
Vietnam,Air,Direct Drop,0
Vietnam,Air,Direct Drop,0
Vietnam,Air,Direct Drop,0
Tanzania,Air,Direct Drop,0
Tanzania,Air,Direct Drop,0
Namibia,Air,Direct Drop,0
Ethiopia,Air,Direct Drop,34
Guyana,Air,Direct Drop,0
Uganda,Air,Direct Drop,0
South Africa,N/A,Direct Drop,0
South Africa,N/A,Direct Drop,0
South Africa,N/A,Direct Drop,0
Rwanda,Air,Direct Drop,0
Vietnam,Air,Direct Drop,0
Haiti,Air,Direct Drop,0
Haiti,Air,Direct Drop,-9
South Africa,N/A,Direct Drop,-17
South Africa,N/A,Direct Drop,-17
South Africa,N/A,Direct Drop,-17
South Africa,N/A,Direct Drop,-17
Côte d'Ivoire,Air,Direct Drop,0
Nigeria,Air,Direct Drop,0
Nigeria,Air,Direct Drop,-2
Nigeria,Air,Direct Drop,0
South Africa,Truck,Direct Drop,-15
Ethiopia,Air,Direct Drop,0
Mozambique,Air,Direct Drop,0
Zambia,Air,Direct Drop,13
Côte d'Ivoire,Air,Direct Drop,0
Côte d'Ivoire,Air,Direct Drop,0
Uganda,Air,Direct Drop,0
South Africa,Truck,Direct Drop,-55
South Africa,Truck,Direct Drop,0
Vietnam,Air,Direct Drop,0
Vietnam,Air,Direct Drop,0
Vietnam,Air,Direct Drop,0
Botswana,Air,Direct Drop,0
Botswana,Air,Direct Drop,-24
Botswana,Air,Direct Drop,-139
Ethiopia,Air,Direct Drop,0
South Africa,Truck,Direct Drop,-98
South Africa,Truck,Direct Drop,-104
South Africa,Truck,Direct Drop,-104
Haiti,Air,Direct Drop,0
Zambia,Air,Direct Drop,0
Vietnam,Air,Direct Drop,0
South Africa,Truck,Direct Drop,-2
Nigeria,Air,Direct Drop,-17
Uganda,Air,Direct Drop,0
Vietnam,Air,Direct Drop,0
Zambia,Air,Direct Drop,0
Ethiopia,Air,Direct Drop,0
South Africa,Truck,Direct Drop,-7
South Africa,Truck,Direct Drop,-11
South Africa,Truck,Direct Drop,-7
Namibia,Air,Direct Drop,0
Côte d'Ivoire,Air,Direct Drop,0
Mozambique,Air,Direct Drop,0
Mozambique,Air,Direct Drop,0
Côte d'Ivoire,Air,Direct Drop,0
Nigeria,Air,Direct Drop,0
Zambia,Air,Direct Drop,0
Vietnam,Air,Direct Drop,0
Namibia,Air,Direct Drop,0
Uganda,Air,Direct Drop,0
Ethiopia,Air,Direct Drop,-6
South Africa,Truck,Direct Drop,-220
Tanzania,Air,Direct Drop,0
Nigeria,Air,Direct Drop,0
Namibia,Air,Direct Drop,0
Guyana,Air,Direct Drop,-4
Guyana,Air,Direct Drop,0
Vietnam,Air,Direct Drop,0
Vietnam,Air,Direct Drop,0
Rwanda,Air,Direct Drop,0
Haiti,Air,Direct Drop,0
Haiti,Air,Direct Drop,0
South Africa,Air,Direct Drop,-109
South Africa,Air,Direct Drop,-109
South Africa,Air,Direct Drop,-113
South Africa,Air,Direct Drop,-131
South Africa,Air,Direct Drop,-137
South Africa,Air,Direct Drop,-125
South Africa,Air,Direct Drop,-137
South Africa,Air,Direct Drop,-124
South Africa,Air,Direct Drop,-75
South Africa,Air,Direct Drop,-61
South Africa,Air,Direct Drop,-130
South Africa,Air,Direct Drop,-68
South Africa,Air,Direct Drop,-68
South Africa,Air,Direct Drop,-66
South Africa,Air,Direct Drop,-66
South Africa,Air,Direct Drop,-66
South Africa,Air,Direct Drop,-78
South Africa,Air,Direct Drop,-78
South Africa,Air,Direct Drop,-77
South Africa,Air,Direct Drop,-77
South Africa,Air,Direct Drop,-65
South Africa,Truck,Direct Drop,-20
Botswana,Air,Direct Drop,0
South Africa,Truck,Direct Drop,-11
Kenya,Air,Direct Drop,21
Rwanda,Air,Direct Drop,0
Namibia,Air,Direct Drop,0
Côte d'Ivoire,Air,Direct Drop,0
Vietnam,Air,Direct Drop,0
Vietnam,Air,Direct Drop,0
Vietnam,Air,Direct Drop,0
Vietnam,Air,Direct Drop,0
Botswana,Air,Direct Drop,0
Vietnam,Air,Direct Drop,0
South Africa,Truck,Direct Drop,-83
South Africa,Truck,Direct Drop,-83
South Africa,Truck,Direct Drop,-76
South Africa,Truck,Direct Drop,-76
South Africa,Truck,Direct Drop,-76
South Africa,Truck,Direct Drop,-8
Côte d'Ivoire,Air,Direct Drop,0
Uganda,Air,Direct Drop,0
Vietnam,Air,Direct Drop,0
Rwanda,Air,Direct Drop,0
Rwanda,Air,Direct Drop,43
Zambia,Air,Direct Drop,0
Zambia,Air,Direct Drop,0
Haiti,Air,Direct Drop,0
Nigeria,Air,Direct Drop,48
Vietnam,Air,Direct Drop,0
Vietnam,Air,Direct Drop,0
Guyana,Air,Direct Drop,0
Côte d'Ivoire,Air,Direct Drop,0
Tanzania,Air,Direct Drop,0
Tanzania,Air,Direct Drop,0
Guyana,Air,Direct Drop,0
Côte d'Ivoire,Air,Direct Drop,0
South Africa,N/A,Direct Drop,0
South Africa,N/A,Direct Drop,-370
Rwanda,Air,Direct Drop,0
Rwanda,Air,Direct Drop,-6
Vietnam,Air,Direct Drop,45
Vietnam,Air,Direct Drop,0
South Africa,N/A,Direct Drop,-17
South Africa,N/A,Direct Drop,-17
South Africa,N/A,Direct Drop,-17
Haiti,Air,Direct Drop,0
South Africa,Truck,Direct Drop,-1
Zambia,Air,Direct Drop,0
Côte d'Ivoire,Air,Direct Drop,3
Rwanda,Air,Direct Drop,0
Côte d'Ivoire,Air,Direct Drop,0
Guyana,Air,Direct Drop,0
Botswana,Air,Direct Drop,0
Kyrgyzstan,Air,Direct Drop,0
Namibia,Air,Direct Drop,0
South Africa,Truck,Direct Drop,0
Vietnam,Air,Direct Drop,0
Vietnam,Air,Direct Drop,0
Vietnam,Air,Direct Drop,0
Vietnam,Air,Direct Drop,0
Vietnam,Air,Direct Drop,0
Haiti,Air,Direct Drop,-106
Vietnam,Air,Direct Drop,0
Vietnam,Air,Direct Drop,0
Vietnam,Air,Direct Drop,0
Vietnam,Air,Direct Drop,0
Vietnam,Air,Direct Drop,0
South Africa,Truck,Direct Drop,-104
Haiti,Air,Direct Drop,0
South Africa,Truck,Direct Drop,-3
Zambia,Air,Direct Drop,0
Tanzania,Air,Direct Drop,0
Zambia,Air,Direct Drop,0
Guyana,Air,Direct Drop,0
Botswana,Air,Direct Drop,0
Botswana,Air,Direct Drop,-7
Vietnam,Air,Direct Drop,0
Nigeria,Air,Direct Drop,0
Ethiopia,Air,Direct Drop,0
Ethiopia,Air,Direct Drop,-2
Ethiopia,Air,Direct Drop,0
Mozambique,Air,Direct Drop,0
Rwanda,Air,Direct Drop,0
Namibia,Air,Direct Drop,0
Zambia,Air,Direct Drop,0
South Africa,Truck,Direct Drop,-220
Tanzania,Air,Direct Drop,0
Ethiopia,Air,Direct Drop,0
Tanzania,Air,Direct Drop,0
Guyana,Air,Direct Drop,-7
Vietnam,Air,Direct Drop,0
Zambia,Air,Direct Drop,0
Senegal,Air,Direct Drop,0
Tanzania,Air,Direct Drop,0
South Africa,Air,Direct Drop,-109
South Africa,Air,Direct Drop,-109
South Africa,Air,Direct Drop,-113
South Africa,Air,Direct Drop,-119
South Africa,Air,Direct Drop,-139
South Africa,Air,Direct Drop,-155
South Africa,Air,Direct Drop,-125
South Africa,Air,Direct Drop,-133
South Africa,Air,Direct Drop,-133
South Africa,Air,Direct Drop,-124
South Africa,Air,Direct Drop,-130
South Africa,Air,Direct Drop,-130
South Africa,Air,Direct Drop,-130
South Africa,Air,Direct Drop,-131
South Africa,Air,Direct Drop,-126
South Africa,Air,Direct Drop,-51
South Africa,Air,Direct Drop,-68
South Africa,Air,Direct Drop,-68
South Africa,Air,Direct Drop,-68
South Africa,Air,Direct Drop,0
South Africa,Air,Direct Drop,-71
Botswana,Air,Direct Drop,0
South Africa,Truck,Direct Drop,-4
South Africa,Truck,Direct Drop,0
South Africa,Truck,Direct Drop,-24
Rwanda,Air,Direct Drop,0
Nigeria,Air,Direct Drop,0
Côte d'Ivoire,Air,Direct Drop,-1
Côte d'Ivoire,Air,Direct Drop,7
Namibia,Air,Direct Drop,0
Tanzania,Air,Direct Drop,0
South Africa,Truck,Direct Drop,-83
South Africa,Truck,Direct Drop,-76
Namibia,Air,Direct Drop,0
Côte d'Ivoire,Air,Direct Drop,0
Côte d'Ivoire,Air,Direct Drop,0
Côte d'Ivoire,Air,Direct Drop,0
Vietnam,Air,Direct Drop,0
Nigeria,Air,Direct Drop,0
Côte d'Ivoire,Air,Direct Drop,0
Côte d'Ivoire,Air,Direct Drop,0
Guyana,Air,Direct Drop,0
Uganda,Air,Direct Drop,0
Zambia,Air,Direct Drop,0
Vietnam,Air,Direct Drop,0
Vietnam,Air,Direct Drop,63
Vietnam,Air,Direct Drop,0
Vietnam,Air,Direct Drop,0
Vietnam,Air,Direct Drop,0
Guyana,Air,Direct Drop,0
Nigeria,Air,Direct Drop,0
Nigeria,Air,Direct Drop,0
Zimbabwe,Air,Direct Drop,0
Tanzania,Air,Direct Drop,0
Guyana,Air,Direct Drop,0
Guyana,Air,Direct Drop,0
Guyana,Air,Direct Drop,12
Côte d'Ivoire,Air,Direct Drop,0
Haiti,Air,Direct Drop,0
Haiti,Air,Direct Drop,-6
Côte d'Ivoire,Air,Direct Drop,0
Rwanda,Air,Direct Drop,0
South Africa,N/A,Direct Drop,0
South Africa,N/A,Direct Drop,0
South Africa,N/A,Direct Drop,0
South Africa,N/A,Direct Drop,0
Vietnam,Air,Direct Drop,0
Rwanda,Air,Direct Drop,-3
Vietnam,Air,Direct Drop,0
Haiti,Air,Direct Drop,0
South Africa,N/A,Direct Drop,-17
Botswana,Air,Direct Drop,0
Nigeria,Air,Direct Drop,-91
Benin,Air,Direct Drop,0
Benin,Air,Direct Drop,-6
Zambia,Air,Direct Drop,0
Côte d'Ivoire,Air,Direct Drop,0
Lesotho,Air,Direct Drop,0
Botswana,Air,Direct Drop,-19
Nigeria,Air,Direct Drop,-31
Uganda,Air,Direct Drop,0
Uganda,Air,Direct Drop,0
Uganda,Air,Direct Drop,0
Côte d'Ivoire,Air,Direct Drop,0
South Africa,Truck,Direct Drop,-55
South Africa,Truck,Direct Drop,0
South Africa,Truck,Direct Drop,0
South Africa,Truck,Direct Drop,0
Vietnam,Air,Direct Drop,0
Vietnam,Air,Direct Drop,-10
Côte d'Ivoire,Air,Direct Drop,0
South Africa,N/A,Direct Drop,-18
Botswana,Air,Direct Drop,0
Vietnam,Air,Direct Drop,0
Vietnam,Air,Direct Drop,0
Vietnam,Air,Direct Drop,0
South Africa,Truck,Direct Drop,-98
South Africa,Truck,Direct Drop,-104
South Africa,Truck,Direct Drop,-104
South Africa,Truck,Direct Drop,-104
Haiti,Air,Direct Drop,0
Haiti,Air,Direct Drop,0
Haiti,Air,Direct Drop,0
Rwanda,Air,Direct Drop,0
Zimbabwe,Air,Direct Drop,0
Vietnam,Air,Direct Drop,0
Vietnam,Air,Direct Drop,0
Tanzania,Air,Direct Drop,0
South Africa,Truck,Direct Drop,-2
Nigeria,Air,Direct Drop,0
Nigeria,Air,Direct Drop,0
Vietnam,Air,Direct Drop,0
Vietnam,Air,Direct Drop,0
Vietnam,Air,Direct Drop,0
Ethiopia,Air,Direct Drop,-3
South Africa,Truck,Direct Drop,-11
South Africa,Truck,Direct Drop,-11
Côte d'Ivoire,Air,Direct Drop,0
Haiti,Air,Direct Drop,-61
Côte d'Ivoire,Air,Direct Drop,0
Namibia,Air,Direct Drop,0
Vietnam,Air,Direct Drop,0
Vietnam,Air,Direct Drop,0
Mozambique,Air,Direct Drop,0
Ethiopia,Air,Direct Drop,0
Ethiopia,Air,Direct Drop,-67
Ethiopia,Air,Direct Drop,0
South Africa,Truck,Direct Drop,-220
Guyana,Air,Direct Drop,0
Côte d'Ivoire,Air,Direct Drop,0
Namibia,Air,Direct Drop,0
Vietnam,Air,Direct Drop,0
Tanzania,Air,Direct Drop,0
Rwanda,Air,Direct Drop,-48
Haiti,Air,Direct Drop,0
Vietnam,Air,Direct Drop,0
South Africa,Air,Direct Drop,-109
South Africa,Air,Direct Drop,-119
South Africa,Air,Direct Drop,-119
South Africa,Air,Direct Drop,-131
South Africa,Air,Direct Drop,-139
South Africa,Air,Direct Drop,-125
South Africa,Air,Direct Drop,-137
South Africa,Air,Direct Drop,-130
South Africa,Air,Direct Drop,-126
South Africa,Air,Direct Drop,0
South Africa,Air,Direct Drop,-68
South Africa,Air,Direct Drop,-68
South Africa,Air,Direct Drop,127
South Africa,Air,Direct Drop,-78
South Africa,Air,Direct Drop,-65
South Africa,Air,Direct Drop,-71
South Africa,Air,Direct Drop,-70
Côte d'Ivoire,Air,Direct Drop,0
South Africa,Truck,Direct Drop,0
South Africa,Truck,Direct Drop,-25
South Africa,Truck,Direct Drop,-22
South Africa,Truck,Direct Drop,-22
South Africa,Truck,Direct Drop,-22
South Africa,Truck,Direct Drop,63
Côte d'Ivoire,Air,Direct Drop,0
Zambia,Air,Direct Drop,0
Nigeria,Air,Direct Drop,0
Vietnam,Air,Direct Drop,0
Botswana,Air,Direct Drop,0
Namibia,Air,Direct Drop,0
Vietnam,Air,Direct Drop,0
Vietnam,Air,Direct Drop,0
South Africa,Truck,Direct Drop,8
South Africa,Truck,Direct Drop,-70
Zambia,Air,Direct Drop,0
Haiti,Air,Direct Drop,0
Vietnam,Air,Direct Drop,0
Vietnam,Air,Direct Drop,0
Côte d'Ivoire,Air,Direct Drop,0
Uganda,Air,Direct Drop,0
Uganda,Air,Direct Drop,0
Zambia,Air,Direct Drop,0
Zambia,Air,Direct Drop,0
Vietnam,Air,Direct Drop,0
Vietnam,Air,Direct Drop,0
Vietnam,Air,Direct Drop,0
Zambia,Air,Direct Drop,0
Rwanda,Air,Direct Drop,0
Mozambique,Air,Direct Drop,0
Côte d'Ivoire,Air,Direct Drop,0
Vietnam,Air,Direct Drop,0
Vietnam,Air,Direct Drop,0
Guyana,Air,Direct Drop,0
Rwanda,Air,Direct Drop,0
Vietnam,Air,Direct Drop,0
Guyana,Air,Direct Drop,17
Nigeria,Air,Direct Drop,0
Nigeria,N/A,Direct Drop,-123
Guyana,N/A,Direct Drop,0
Rwanda,Air,Direct Drop,0
South Africa,N/A,Direct Drop,0
South Africa,N/A,Direct Drop,0
Rwanda,Air,Direct Drop,-6
Rwanda,Air,Direct Drop,0
Haiti,Air,Direct Drop,0
Haiti,Air,Direct Drop,0
Ethiopia,Air,Direct Drop,0
South Africa,N/A,Direct Drop,-17
South Africa,N/A,Direct Drop,-17
South Africa,N/A,Direct Drop,-17
Tanzania,Air,Direct Drop,0
Nigeria,Air,Direct Drop,-52
Nigeria,Air,Direct Drop,-25
Mozambique,Air,Direct Drop,-17
Lesotho,Air,Direct Drop,0
Nigeria,Air,Direct Drop,0
Namibia,Air,Direct Drop,0
Vietnam,Truck,Direct Drop,-26
South Africa,Truck,Direct Drop,0
South Africa,Truck,Direct Drop,0
Vietnam,Air,Direct Drop,0
Vietnam,Air,Direct Drop,0
South Africa,N/A,Direct Drop,-18
South Africa,N/A,Direct Drop,-17
Botswana,Air,Direct Drop,0
Botswana,Air,Direct Drop,0
Vietnam,Air,Direct Drop,0
Vietnam,Air,Direct Drop,0
Vietnam,Air,Direct Drop,0
South Africa,Truck,Direct Drop,-104
South Africa,Truck,Direct Drop,-6
South Africa,Truck,Direct Drop,-104
South Africa,Truck,Direct Drop,-98
South Africa,Truck,Direct Drop,-98
Nigeria,Air,Direct Drop,0
Rwanda,Air,Direct Drop,0
Rwanda,Air,Direct Drop,0
Zimbabwe,Air,Direct Drop,0
Rwanda,Air,Direct Drop,0
South Africa,Truck,Direct Drop,0
Vietnam,Air,Direct Drop,0
South Africa,Truck,Direct Drop,-2
Guyana,Air,Direct Drop,-16
Nigeria,Air,Direct Drop,-9
Ethiopia,Air,Direct Drop,0
Mozambique,Air,Direct Drop,0
South Africa,Truck,Direct Drop,-7
South Africa,Truck,Direct Drop,-11
South Africa,Truck,Direct Drop,-11
Côte d'Ivoire,Air,Direct Drop,0
Côte d'Ivoire,Air,Direct Drop,0
Namibia,Air,Direct Drop,0
Vietnam,Air,Direct Drop,0
Ethiopia,Air,Direct Drop,0
Ethiopia,Air,Direct Drop,-2
Ethiopia,Air,Direct Drop,-2
South Africa,Truck,Direct Drop,-220
South Africa,Truck,Direct Drop,-220
South Africa,Truck,Direct Drop,-220
Vietnam,Air,Direct Drop,0
Tanzania,Air,Direct Drop,0
Côte d'Ivoire,Air,Direct Drop,0
Haiti,Air,Direct Drop,0
Haiti,Air,Direct Drop,0
Haiti,Air,Direct Drop,0
South Africa,Air,Direct Drop,-109
South Africa,Air,Direct Drop,-109
South Africa,Air,Direct Drop,-109
South Africa,Air,Direct Drop,-119
South Africa,Air,Direct Drop,-137
South Africa,Air,Direct Drop,-133
South Africa,Air,Direct Drop,-130
South Africa,Air,Direct Drop,-130
South Africa,Air,Direct Drop,-130
South Africa,Air,Direct Drop,-68
South Africa,Air,Direct Drop,-68
South Africa,Air,Direct Drop,-68
South Africa,Truck,Direct Drop,0
South Africa,Air,Direct Drop,-72
South Africa,Air,Direct Drop,-66
South Africa,Air,Direct Drop,-65
South Africa,Truck,Direct Drop,-20
Guyana,Air,Direct Drop,0
South Africa,Truck,Direct Drop,0
South Africa,Truck,Direct Drop,-28
Vietnam,Air,Direct Drop,0
Namibia,Air,Direct Drop,0
Uganda,Air,Direct Drop,0
Botswana,Air,Direct Drop,0
Tanzania,Air,Direct Drop,0
Namibia,Air,Direct Drop,0
Vietnam,Air,Direct Drop,0
Côte d'Ivoire,Air,Direct Drop,0
Nigeria,N/A,Direct Drop,0
Zambia,Air,Direct Drop,0
Haiti,Air,Direct Drop,0
Côte d'Ivoire,Air,Direct Drop,0
Zambia,Air,Direct Drop,0
Zambia,Air,Direct Drop,0
Vietnam,Air,Direct Drop,0
Uganda,Air,Direct Drop,0
Zimbabwe,Air,Direct Drop,0
Haiti,Air,Direct Drop,0
Nigeria,Air,Direct Drop,-10
Nigeria,Air,Direct Drop,0
Guyana,Air,Direct Drop,0
Haiti,Air,Direct Drop,0
Nigeria,Air,Direct Drop,0
Vietnam,Air,Direct Drop,0
Tanzania,Air,Direct Drop,0
Tanzania,Air,Direct Drop,0
Zimbabwe,Air,Direct Drop,0
South Africa,N/A,Direct Drop,0
South Africa,N/A,Direct Drop,0
Rwanda,Air,Direct Drop,-48
Botswana,Air,Direct Drop,0
Rwanda,Air,Direct Drop,0
Kazakhstan,Air,Direct Drop,0
Nigeria,N/A,Direct Drop,0
Tanzania,Air,Direct Drop,0
Haiti,Air,Direct Drop,0
Haiti,Air,Direct Drop,0
South Africa,N/A,Direct Drop,-17
Nigeria,Air,Direct Drop,-30
Nigeria,Air,Direct Drop,-2
Benin,Air,Direct Drop,0
Haiti,Air,Direct Drop,0
Côte d'Ivoire,Air,Direct Drop,0
Mozambique,Air,Direct Drop,0
Kyrgyzstan,Air,Direct Drop,0
Vietnam,Air,Direct Drop,0
Nigeria,Air,Direct Drop,0
Botswana,Air,Direct Drop,0
Botswana,Air,Direct Drop,-20
Botswana,Air,Direct Drop,0
Vietnam,Air,Direct Drop,0
Vietnam,Air,Direct Drop,0
Vietnam,Air,Direct Drop,0
Vietnam,Air,Direct Drop,0
South Africa,Truck,Direct Drop,-104
South Africa,Truck,Direct Drop,-104
South Africa,Truck,Direct Drop,-104
Haiti,Air,Direct Drop,0
Haiti,Air,Direct Drop,0
Zambia,Air,Direct Drop,0
South Africa,Truck,Direct Drop,-2
Vietnam,Air,Direct Drop,0
Vietnam,Air,Direct Drop,0
Vietnam,Air,Direct Drop,0
Haiti,Air,Direct Drop,0
Ethiopia,Air,Direct Drop,-1
South Africa,Truck,Direct Drop,-11
South Africa,Truck,Direct Drop,-11
Nigeria,Air,Direct Drop,-56
Nigeria,Air,Direct Drop,-106
Nigeria,Air,Direct Drop,0
Botswana,Air,Direct Drop,0
Zambia,Air,Direct Drop,0
Mozambique,Air,Direct Drop,0
Namibia,Air,Direct Drop,0
Namibia,Air,Direct Drop,0
Namibia,Air,Direct Drop,0
Ethiopia,Air,Direct Drop,-2
Tanzania,Air,Direct Drop,0
Tanzania,Air,Direct Drop,0
Tanzania,Air,Direct Drop,0
Vietnam,Air,Direct Drop,0
Vietnam,Air,Direct Drop,0
Botswana,Air,Direct Drop,0
Tanzania,Air,Direct Drop,0
Rwanda,Air,Direct Drop,0
Rwanda,Air,Direct Drop,0
Haiti,Air,Direct Drop,0
Haiti,Air,Direct Drop,0
Haiti,Air,Direct Drop,0
South Africa,Air,Direct Drop,-113
South Africa,Air,Direct Drop,-130
South Africa,Air,Direct Drop,0
South Africa,Air,Direct Drop,-151
South Africa,Air,Direct Drop,-155
South Africa,Air,Direct Drop,-125
South Africa,Air,Direct Drop,-124
South Africa,Air,Direct Drop,-75
South Africa,Air,Direct Drop,-130
South Africa,Air,Direct Drop,-130
South Africa,Air,Direct Drop,-131
South Africa,Air,Direct Drop,-68
South Africa,Air,Direct Drop,-68
South Africa,Air,Direct Drop,-68
South Africa,Air,Direct Drop,-68
South Africa,Air,Direct Drop,-66
South Africa,Air,Direct Drop,-69
South Africa,Air,Direct Drop,-65
South Africa,Air,Direct Drop,-71
South Africa,Air,Direct Drop,-70
South Africa,Truck,Direct Drop,-101
South Africa,Truck,Direct Drop,0
South Africa,Truck,Direct Drop,-22
Côte d'Ivoire,Air,Direct Drop,0
Zambia,Air,Direct Drop,0
Haiti,Air,Direct Drop,0
Haiti,Air,Direct Drop,0
Haiti,Air,Direct Drop,0
Nigeria,Air,Direct Drop,0
Kenya,Air,Direct Drop,49
Kenya,Air,Direct Drop,0
Nigeria,Air,Direct Drop,-16
Namibia,Air,Direct Drop,0
Vietnam,Air,Direct Drop,0
Vietnam,Air,Direct Drop,0
Namibia,Air,Direct Drop,0
Botswana,Air,Direct Drop,0
Vietnam,Air,Direct Drop,0
South Africa,Truck,Direct Drop,-83
South Africa,Truck,Direct Drop,-83
South Africa,Truck,Direct Drop,-4
Nigeria,Air,Direct Drop,0
Côte d'Ivoire,Air,Direct Drop,0
Zambia,Air,Direct Drop,0
Haiti,Air,Direct Drop,0
Vietnam,Air,Direct Drop,0
Guyana,Air,Direct Drop,0
Uganda,Air,Direct Drop,0
Zambia,Air,Direct Drop,0
Nigeria,Air,Direct Drop,0
Côte d'Ivoire,Air,Direct Drop,0
Vietnam,Air,Direct Drop,0
Tanzania,Air,Direct Drop,0
Tanzania,Air,Direct Drop,0
Botswana,Air,Direct Drop,0
Vietnam,Air,Direct Drop,0
Guyana,Air,Direct Drop,0
Zimbabwe,Air,Direct Drop,0
Rwanda,Air,Direct Drop,0
Rwanda,Air,Direct Drop,0
Rwanda,Air,Direct Drop,0
Vietnam,Air,Direct Drop,3
Rwanda,Air,Direct Drop,0
Haiti,Air,Direct Drop,0
Haiti,Air,Direct Drop,0
Haiti,Air,Direct Drop,0
Ethiopia,Air,Direct Drop,0
South Africa,N/A,Direct Drop,95
South Africa,N/A,Direct Drop,0
South Africa,N/A,Direct Drop,-17
South Africa,N/A,Direct Drop,-17
Haiti,Air,Direct Drop,0
Nigeria,Air,Direct Drop,0
Mozambique,Air,Direct Drop,0
South Africa,Truck,Direct Drop,-15
Guyana,Air,Direct Drop,0
Ethiopia,Air,Direct Drop,0
Haiti,Air,Direct Drop,0
Guyana,Air,Direct Drop,0
South Africa,Truck,Direct Drop,0
South Africa,Truck,Direct Drop,0
South Africa,Truck,Direct Drop,0
South Africa,Truck,Direct Drop,0
Vietnam,Air,Direct Drop,0
Vietnam,Air,Direct Drop,0
Vietnam,Air,Direct Drop,0
Vietnam,Air,Direct Drop,-46
South Africa,N/A,Direct Drop,-18
Vietnam,Air,Direct Drop,0
Vietnam,Air,Direct Drop,0
South Africa,Truck,Direct Drop,-104
South Africa,Truck,Direct Drop,-98
South Africa,Truck,Direct Drop,-98
Ethiopia,Air,Direct Drop,0
Zimbabwe,Air,Direct Drop,0
Rwanda,Air,Direct Drop,0
Nigeria,Air,Direct Drop,0
Nigeria,Air,Direct Drop,0
South Africa,Truck,Direct Drop,4
Nigeria,Air,Direct Drop,0
Vietnam,Air,Direct Drop,0
Nigeria,Air,Direct Drop,0
Vietnam,Air,Direct Drop,0
Ethiopia,Air,Direct Drop,0
South Africa,Truck,Direct Drop,-7
South Africa,Truck,Direct Drop,-11
Namibia,Air,Direct Drop,0
Côte d'Ivoire,Air,Direct Drop,0
Mozambique,Air,Direct Drop,0
Vietnam,Air,Direct Drop,0
Zimbabwe,Air,Direct Drop,0
Ethiopia,Air,Direct Drop,-10
Ethiopia,Air,Direct Drop,0
Botswana,Truck,Direct Drop,0
Nigeria,Air,Direct Drop,0
Tanzania,Air,Direct Drop,0
Guyana,Air,Direct Drop,0
Vietnam,Air,Direct Drop,0
Vietnam,Air,Direct Drop,0
Zambia,Air,Direct Drop,0
Tanzania,Truck,Direct Drop,0
Vietnam,Air,Direct Drop,0
Rwanda,Air,Direct Drop,0
Côte d'Ivoire,Air,Direct Drop,0
South Africa,Air,Direct Drop,-109
South Africa,Air,Direct Drop,-113
South Africa,Air,Direct Drop,-119
South Africa,Air,Direct Drop,-151
South Africa,Air,Direct Drop,-133
South Africa,Air,Direct Drop,-133
South Africa,Air,Direct Drop,-75
South Africa,Air,Direct Drop,0
South Africa,Air,Direct Drop,-130
South Africa,Air,Direct Drop,-126
South Africa,Air,Direct Drop,-126
South Africa,Air,Direct Drop,-49
South Africa,Air,Direct Drop,-49
South Africa,Air,Direct Drop,-49
South Africa,Air,Direct Drop,-78
South Africa,Air,Direct Drop,-65
South Africa,Air,Direct Drop,-65
South Africa,Truck,Direct Drop,0
South Africa,Truck,Direct Drop,-8
Guyana,Air,Direct Drop,0
South Africa,Truck,Direct Drop,0
South Africa,Truck,Direct Drop,0
South Africa,Truck,Direct Drop,-24
Haiti,Air,Direct Drop,0
Kenya,Air,Direct Drop,0
Nigeria,Air,Direct Drop,0
Rwanda,Air,Direct Drop,0
Vietnam,Air,Direct Drop,0
Namibia,Air,Direct Drop,0
Namibia,Air,Direct Drop,0
Botswana,Air,Direct Drop,0
Vietnam,Air,Direct Drop,0
Namibia,Air,Direct Drop,0
South Africa,Truck,Direct Drop,-83
South Africa,Truck,Direct Drop,-70
South Africa,Truck,Direct Drop,0
South Africa,Truck,Direct Drop,0
Zambia,Air,Direct Drop,0
Namibia,Air,Direct Drop,0
Zambia,N/A,From RDC,0
Mozambique,Air,From RDC,0
Mozambique,Air,From RDC,0
Mozambique,Air,From RDC,0
Nigeria,N/A,From RDC,0
Côte d'Ivoire,N/A,From RDC,0
Mozambique,Air,From RDC,0
Zimbabwe,N/A,From RDC,0
Nigeria,N/A,From RDC,0
Nigeria,N/A,From RDC,0
Nigeria,N/A,From RDC,0
Zambia,N/A,From RDC,0
Nigeria,N/A,From RDC,0
Mozambique,Air,From RDC,0
Côte d'Ivoire,N/A,From RDC,0
Côte d'Ivoire,N/A,From RDC,0
Zambia,N/A,From RDC,0
Zambia,N/A,From RDC,0
Zambia,N/A,From RDC,0
Mozambique,Air,From RDC,0
Mozambique,Air,From RDC,0
Nigeria,N/A,From RDC,0
Côte d'Ivoire,N/A,From RDC,0
Nigeria,N/A,From RDC,0
Zimbabwe,N/A,From RDC,0
Côte d'Ivoire,N/A,From RDC,0
Côte d'Ivoire,N/A,From RDC,0
Côte d'Ivoire,N/A,From RDC,0
Guyana,Air,From RDC,0
Zimbabwe,Truck,From RDC,0
Tanzania,Air,From RDC,0
Côte d'Ivoire,Air,From RDC,0
Côte d'Ivoire,N/A,From RDC,0
Namibia,N/A,From RDC,0
Côte d'Ivoire,N/A,From RDC,0
Mozambique,Air,From RDC,0
Zimbabwe,Truck,From RDC,0
Côte d'Ivoire,N/A,From RDC,0
Zimbabwe,Truck,From RDC,0
Zimbabwe,Truck,From RDC,0
Uganda,Air,From RDC,0
Côte d'Ivoire,N/A,From RDC,0
Côte d'Ivoire,N/A,From RDC,0
Ethiopia,N/A,From RDC,0
Côte d'Ivoire,N/A,From RDC,0
Zambia,N/A,From RDC,0
Zambia,N/A,From RDC,0
Nigeria,Air,From RDC,0
Nigeria,Air,From RDC,0
Nigeria,Air,From RDC,0
Nigeria,Air,From RDC,0
Côte d'Ivoire,Air,From RDC,0
Zambia,Air,From RDC,0
Nigeria,Air,From RDC,0
Zambia,Air,From RDC,0
Mozambique,Air,From RDC,0
Nigeria,Air,From RDC,0
Zambia,Truck,From RDC,0
Ethiopia,Air,From RDC,0
Haiti,Air,From RDC,0
Haiti,Air,From RDC,0
Haiti,Air,From RDC,0
Nigeria,Air,From RDC,0
Zambia,N/A,From RDC,0
Zambia,N/A,From RDC,0
Côte d'Ivoire,Air,From RDC,0
Zimbabwe,Air,From RDC,0
Côte d'Ivoire,Air,From RDC,0
Botswana,Air,From RDC,0
Mozambique,Air,From RDC,-3
Zimbabwe,Air,From RDC,0
Mozambique,Air,From RDC,0
Mozambique,Air,From RDC,-3
Zambia,N/A,From RDC,0
Nigeria,Air,From RDC,0
Rwanda,Air,From RDC,0
Tanzania,Air,From RDC,0
Guyana,Air,From RDC,0
Côte d'Ivoire,Air,From RDC,0
Côte d'Ivoire,Air,From RDC,0
Zambia,N/A,From RDC,0
Côte d'Ivoire,Air,From RDC,0
Uganda,N/A,From RDC,0
Uganda,N/A,From RDC,0
Mozambique,Air,From RDC,0
Mozambique,Air,From RDC,0
Zambia,Truck,From RDC,0
Tanzania,Air,From RDC,0
Pakistan,Air,From RDC,0
Nigeria,Air,From RDC,0
Namibia,Air,From RDC,0
Zambia,Truck,From RDC,0
Kenya,Truck,From RDC,0
Kenya,Truck,From RDC,0
Zimbabwe,Truck,From RDC,0
Côte d'Ivoire,Air,From RDC,0
Haiti,Air,From RDC,0
Haiti,Air,From RDC,0
Ethiopia,N/A,From RDC,0
Nigeria,Air,From RDC,0
Kenya,Truck,From RDC,0
Haiti,Air,From RDC,0
Côte d'Ivoire,Air,From RDC,0
Zambia,Truck,From RDC,0
Haiti,Air,From RDC,0
Haiti,Air,From RDC,0
Uganda,Air,From RDC,0
Namibia,Air,From RDC,0
Côte d'Ivoire,N/A,From RDC,0
Tanzania,Air,From RDC,0
Zimbabwe,Air,From RDC,0
Côte d'Ivoire,Air,From RDC,0
Côte d'Ivoire,Air,From RDC,0
Zambia,N/A,From RDC,0
Namibia,Air,From RDC,0
Haiti,Air,From RDC,0
Haiti,Air,From RDC,0
Haiti,Air,From RDC,0
Zambia,N/A,From RDC,0
Tanzania,Air,From RDC,0
Côte d'Ivoire,Air,From RDC,0
Nigeria,Truck,From RDC,0
Uganda,Air,From RDC,0
Mozambique,Air,From RDC,0
Mozambique,Air,From RDC,-5
Zambia,Truck,From RDC,0
Uganda,Air,From RDC,0
Rwanda,Air,From RDC,0
Zimbabwe,Truck,From RDC,0
Mozambique,Truck,From RDC,0
Nigeria,Air,From RDC,0
Nigeria,Air,From RDC,0
Nigeria,Air,From RDC,0
Haiti,Air,From RDC,0
Ethiopia,Air,From RDC,0
Zambia,Truck,From RDC,0
Nigeria,Air,From RDC,0
Nigeria,Air,From RDC,0
Uganda,Air,From RDC,0
Mozambique,Air,From RDC,0
Mozambique,Air,From RDC,0
Tanzania,Air,From RDC,0
Mozambique,Air,From RDC,0
Nigeria,Air,From RDC,0
Ethiopia,Air,From RDC,0
Tanzania,Truck,From RDC,0
Mozambique,Truck,From RDC,0
Nigeria,Air,From RDC,0
Nigeria,Air,From RDC,0
Nigeria,Air,From RDC,0
Nigeria,Air,From RDC,0
Uganda,Air,From RDC,0
Nigeria,Air,From RDC,0
Nigeria,Air,From RDC,0
Zambia,Truck,From RDC,0
Nigeria,Air Charter,From RDC,0
Tanzania,Air,From RDC,0
Mozambique,Air,From RDC,0
Mozambique,Air,From RDC,0
Kenya,Truck,From RDC,0
Nigeria,Air,From RDC,0
Nigeria,Air Charter,From RDC,0
Mozambique,Air,From RDC,0
Nigeria,Air Charter,From RDC,0
Uganda,Air,From RDC,0
Swaziland,Air,From RDC,0
Swaziland,Air,From RDC,0
Ghana,Truck,From RDC,0
Côte d'Ivoire,Air,From RDC,0
Zambia,Truck,From RDC,0
Haiti,Air,From RDC,0
Zambia,Air,From RDC,0
Nigeria,Air Charter,From RDC,0
Zambia,Air,From RDC,0
Côte d'Ivoire,Air,From RDC,0
Mozambique,Air,From RDC,0
Côte d'Ivoire,Air,From RDC,0
Mozambique,Truck,From RDC,0
Zambia,Truck,From RDC,0
Tanzania,Truck,From RDC,0
Zambia,Truck,From RDC,0
Côte d'Ivoire,Air,From RDC,0
Côte d'Ivoire,Air,From RDC,0
Côte d'Ivoire,Air,From RDC,0
Zambia,Truck,From RDC,0
Haiti,Air,From RDC,0
Haiti,Air,From RDC,0
Uganda,Air,From RDC,0
Tanzania,Truck,From RDC,0
Uganda,Truck,From RDC,0
Côte d'Ivoire,Air,From RDC,0
Côte d'Ivoire,Air,From RDC,0
Côte d'Ivoire,Air,From RDC,0
Mozambique,Air,From RDC,0
Rwanda,Air,From RDC,0
Rwanda,Air,From RDC,0
Côte d'Ivoire,N/A,From RDC,0
Zambia,N/A,From RDC,0
Mozambique,Air,From RDC,0
Mozambique,Air,From RDC,0
Mozambique,Air,From RDC,0
Zambia,N/A,From RDC,0
Tanzania,Air,From RDC,0
Mozambique,Air,From RDC,0
Mozambique,Air,From RDC,0
Rwanda,Air,From RDC,0
Côte d'Ivoire,N/A,From RDC,0
Zimbabwe,N/A,From RDC,0
Tanzania,Air,From RDC,0
Côte d'Ivoire,N/A,From RDC,0
Mozambique,Air,From RDC,0
Nigeria,N/A,From RDC,0
Côte d'Ivoire,N/A,From RDC,0
Tanzania,Air,From RDC,0
Côte d'Ivoire,N/A,From RDC,0
Tanzania,N/A,From RDC,0
Angola,Truck,From RDC,0
Rwanda,Air,From RDC,0
Zambia,N/A,From RDC,0
Rwanda,Air,From RDC,0
Nigeria,N/A,From RDC,0
Guyana,Air,From RDC,0
Côte d'Ivoire,N/A,From RDC,0
Mozambique,Air,From RDC,0
Nigeria,Air,From RDC,0
Côte d'Ivoire,N/A,From RDC,0
Côte d'Ivoire,N/A,From RDC,0
Tanzania,N/A,From RDC,0
Tanzania,N/A,From RDC,0
Mozambique,Air,From RDC,0
Mozambique,Air,From RDC,0
Uganda,Air,From RDC,0
Côte d'Ivoire,N/A,From RDC,0
Côte d'Ivoire,N/A,From RDC,0
Côte d'Ivoire,N/A,From RDC,0
Côte d'Ivoire,N/A,From RDC,0
Côte d'Ivoire,N/A,From RDC,0
Ethiopia,N/A,From RDC,0
Ethiopia,N/A,From RDC,0
Ethiopia,N/A,From RDC,0
Zambia,N/A,From RDC,0
Côte d'Ivoire,N/A,From RDC,0
Côte d'Ivoire,N/A,From RDC,0
Côte d'Ivoire,N/A,From RDC,0
Côte d'Ivoire,N/A,From RDC,0
Côte d'Ivoire,N/A,From RDC,0
Zambia,N/A,From RDC,0
Uganda,Air,From RDC,0
Côte d'Ivoire,Air,From RDC,0
Zambia,N/A,From RDC,0
Mozambique,Air,From RDC,0
Nigeria,Air,From RDC,0
Nigeria,Air,From RDC,0
Nigeria,Air,From RDC,0
Côte d'Ivoire,Air,From RDC,0
Zambia,N/A,From RDC,0
Zambia,N/A,From RDC,0
Nigeria,Air,From RDC,0
Mozambique,Air,From RDC,0
Zimbabwe,Air,From RDC,0
Uganda,Air,From RDC,0
Zambia,N/A,From RDC,0
Uganda,Air,From RDC,0
Côte d'Ivoire,Air,From RDC,0
Zambia,N/A,From RDC,0
Ethiopia,Air,From RDC,0
Ethiopia,Air,From RDC,0
Côte d'Ivoire,Air,From RDC,0
Ethiopia,Air,From RDC,0
Zimbabwe,Air,From RDC,0
Zimbabwe,Air,From RDC,0
Haiti,Air,From RDC,0
Mozambique,Air,From RDC,-3
Mozambique,Air,From RDC,-3
Ethiopia,Air,From RDC,0
Zambia,N/A,From RDC,0
Ethiopia,Air,From RDC,0
Rwanda,Air,From RDC,0
Zimbabwe,Air,From RDC,0
Ethiopia,Air,From RDC,0
Guyana,Air,From RDC,0
Zambia,N/A,From RDC,0
Tanzania,Air,From RDC,0
Côte d'Ivoire,Air,From RDC,-30
Ethiopia,Air,From RDC,0
Mozambique,Air,From RDC,0
Zimbabwe,Air,From RDC,0
Zimbabwe,Air,From RDC,0
Tanzania,Air,From RDC,0
Zambia,Truck,From RDC,0
Tanzania,N/A,From RDC,0
Tanzania,Air,From RDC,0
Côte d'Ivoire,Air,From RDC,0
Nigeria,Air,From RDC,0
Haiti,Air,From RDC,0
Mozambique,Air,From RDC,38
Zambia,N/A,From RDC,0
Zambia,Air,From RDC,0
Zambia,N/A,From RDC,0
Zimbabwe,Air,From RDC,0
Tanzania,N/A,From RDC,1
Zambia,Truck,From RDC,0
Haiti,Air,From RDC,0
Haiti,Air,From RDC,0
Uganda,Air,From RDC,0
Nigeria,Air,From RDC,0
Uganda,Air,From RDC,0
Kenya,Truck,From RDC,0
Nigeria,Air,From RDC,0
Nigeria,Air,From RDC,0
Mozambique,Air,From RDC,0
Ethiopia,Air,From RDC,0
Zimbabwe,Air,From RDC,0
Guyana,Air,From RDC,0
Haiti,Air,From RDC,0
Zambia,N/A,From RDC,0
Zimbabwe,Truck,From RDC,0
Zimbabwe,Truck,From RDC,0
Mozambique,Air,From RDC,0
Tanzania,Air,From RDC,0
Haiti,Air,From RDC,0
Mozambique,Air,From RDC,0
Mozambique,Air,From RDC,0
Tanzania,Air,From RDC,0
Kenya,Truck,From RDC,0
Zambia,Truck,From RDC,0
Nigeria,Air,From RDC,0
Nigeria,Air,From RDC,0
Zambia,Air,From RDC,0
Zambia,Air,From RDC,0
Côte d'Ivoire,Air,From RDC,0
Uganda,Air,From RDC,0
Zimbabwe,Truck,From RDC,0
Zambia,N/A,From RDC,0
Mozambique,Truck,From RDC,0
Tanzania,Truck,From RDC,0
Uganda,Air,From RDC,0
Uganda,Air,From RDC,0
Côte d'Ivoire,Air,From RDC,0
Haiti,Air,From RDC,0
Haiti,Air,From RDC,0
Haiti,Air,From RDC,0
Zimbabwe,Truck,From RDC,0
Mozambique,Air,From RDC,0
Côte d'Ivoire,Air,From RDC,0
Nigeria,Air,From RDC,0
Haiti,Air,From RDC,0
Zambia,Truck,From RDC,0
Haiti,Air,From RDC,0
Nigeria,Air,From RDC,0
Nigeria,Air,From RDC,0
Uganda,Air,From RDC,0
Haiti,Air,From RDC,0
Ethiopia,Air,From RDC,0
Haiti,Air,From RDC,0
Zambia,Truck,From RDC,0
Côte d'Ivoire,Air,From RDC,0
Nigeria,Air,From RDC,0
Nigeria,Air Charter,From RDC,0
Nigeria,Air Charter,From RDC,0
Côte d'Ivoire,Air,From RDC,0
Côte d'Ivoire,Air,From RDC,0
Haiti,Air,From RDC,0
Côte d'Ivoire,Air,From RDC,0
Zimbabwe,Truck,From RDC,0
Rwanda,Air,From RDC,0
Tanzania,Truck,From RDC,0
Kenya,Truck,From RDC,0
Nigeria,Air Charter,From RDC,0
Guyana,Air,From RDC,0
Uganda,Air,From RDC,0
Uganda,Air,From RDC,0
Uganda,Air,From RDC,0
Mozambique,Truck,From RDC,0
Ghana,Truck,From RDC,0
Swaziland,Air,From RDC,0
Zambia,Truck,From RDC,0
Nigeria,Air Charter,From RDC,0
Nigeria,Air,From RDC,0
Uganda,Air,From RDC,0
Nigeria,Air Charter,From RDC,0
Uganda,Air,From RDC,0
Nigeria,Air Charter,From RDC,0
Nigeria,Air Charter,From RDC,0
Guyana,Air,From RDC,0
Côte d'Ivoire,Air,From RDC,0
Zambia,Truck,From RDC,0
Haiti,Air,From RDC,0
Haiti,Air,From RDC,0
Côte d'Ivoire,Air,From RDC,0
Uganda,Air,From RDC,0
Uganda,Air,From RDC,0
Côte d'Ivoire,Air,From RDC,0
Nigeria,Air Charter,From RDC,0
Côte d'Ivoire,Air,From RDC,0
Lebanon,Air,From RDC,0
Lebanon,Air,From RDC,0
Lebanon,Air,From RDC,0
Zambia,Truck,From RDC,0
Mozambique,Air,From RDC,0
Nigeria,Air Charter,From RDC,0
Mozambique,Air,From RDC,0
Nigeria,Air,From RDC,-28
Côte d'Ivoire,N/A,From RDC,0
Côte d'Ivoire,N/A,From RDC,14
Mozambique,Air,From RDC,0
Mozambique,Air,From RDC,0
Côte d'Ivoire,N/A,From RDC,0
Côte d'Ivoire,N/A,From RDC,0
Rwanda,Air,From RDC,0
Botswana,N/A,From RDC,0
Nigeria,N/A,From RDC,0
Zimbabwe,N/A,From RDC,0
Zambia,N/A,From RDC,0
Zambia,N/A,From RDC,0
Côte d'Ivoire,N/A,From RDC,0
Nigeria,N/A,From RDC,0
Mozambique,Air,From RDC,0
Mozambique,Air,From RDC,0
Botswana,N/A,From RDC,0
Côte d'Ivoire,N/A,From RDC,0
Zambia,N/A,From RDC,0
Mozambique,Air,From RDC,0
Côte d'Ivoire,N/A,From RDC,0
Côte d'Ivoire,N/A,From RDC,0
Côte d'Ivoire,N/A,From RDC,0
Côte d'Ivoire,Air,From RDC,0
Zambia,N/A,From RDC,0
Côte d'Ivoire,N/A,From RDC,0
Nigeria,N/A,From RDC,0
Mozambique,Air,From RDC,0
Nigeria,N/A,From RDC,0
Nigeria,N/A,From RDC,0
Tanzania,Air,From RDC,0
Tanzania,Air,From RDC,0
Côte d'Ivoire,N/A,From RDC,0
Côte d'Ivoire,N/A,From RDC,0
Haiti,Air,From RDC,0
Mozambique,Air,From RDC,0
Rwanda,Air,From RDC,0
Côte d'Ivoire,N/A,From RDC,0
Côte d'Ivoire,N/A,From RDC,0
Tanzania,Air,From RDC,0
Mozambique,Air,From RDC,0
Uganda,N/A,From RDC,0
Uganda,Air,From RDC,0
Zambia,N/A,From RDC,0
Zambia,N/A,From RDC,0
Mozambique,Air,From RDC,0
Ethiopia,N/A,From RDC,0
Côte d'Ivoire,N/A,From RDC,0
Zambia,N/A,From RDC,0
Côte d'Ivoire,Air,From RDC,0
Zambia,N/A,From RDC,0
Zambia,N/A,From RDC,0
Zimbabwe,N/A,From RDC,0
Nigeria,Air,From RDC,0
Mozambique,Air,From RDC,0
Côte d'Ivoire,Air,From RDC,0
Zambia,Truck,From RDC,0
Zambia,Air,From RDC,0
Mozambique,Air,From RDC,0
Uganda,Air,From RDC,0
Côte d'Ivoire,Air,From RDC,0
Côte d'Ivoire,Air,From RDC,0
Côte d'Ivoire,Air,From RDC,0
Haiti,Air,From RDC,0
Côte d'Ivoire,Air,From RDC,0
Côte d'Ivoire,Air,From RDC,0
Zambia,N/A,From RDC,0
Zambia,Air,From RDC,0
Nigeria,Air,From RDC,0
Nigeria,Air,From RDC,0
Zambia,N/A,From RDC,0
Rwanda,Air,From RDC,0
Ethiopia,Air,From RDC,0
Haiti,Air,From RDC,-12
Nigeria,Air,From RDC,0
Haiti,Air,From RDC,-12
Côte d'Ivoire,Air,From RDC,0
Rwanda,Air,From RDC,0
Tanzania,Air,From RDC,0
Côte d'Ivoire,N/A,From RDC,0
Côte d'Ivoire,Air,From RDC,0
Zambia,Air,From RDC,0
Uganda,N/A,From RDC,0
Zimbabwe,Truck,From RDC,0
Haiti,Air,From RDC,0
Haiti,Air,From RDC,0
Tanzania,Air,From RDC,0
Guyana,N/A,From RDC,0
Mozambique,Air,From RDC,0
Nigeria,Air,From RDC,0
Nigeria,Air,From RDC,0
Haiti,Air,From RDC,0
Zambia,N/A,From RDC,0
Nigeria,Air,From RDC,0
Nigeria,Air,From RDC,0
Zambia,Truck,From RDC,0
Haiti,Air,From RDC,0
Kenya,Truck,From RDC,0
Zambia,Truck,From RDC,0
Ethiopia,Air,From RDC,0
Côte d'Ivoire,Air,From RDC,0
Kenya,Truck,From RDC,0
Mozambique,Truck,From RDC,0
Mozambique,Air,From RDC,0
Zimbabwe,Air,From RDC,0
Nigeria,Air,From RDC,0
Nigeria,Air,From RDC,0
Ethiopia,Air,From RDC,0
Haiti,Air,From RDC,0
Zimbabwe,Air,From RDC,0
Zimbabwe,Truck,From RDC,0
Uganda,Air,From RDC,0
Uganda,Air,From RDC,0
Zambia,Truck,From RDC,0
Tanzania,Truck,From RDC,0
Zambia,Truck,From RDC,0
Côte d'Ivoire,Air,From RDC,0
Haiti,Air,From RDC,0
Côte d'Ivoire,Air,From RDC,0
Nigeria,Air,From RDC,0
Pakistan,Air,From RDC,0
Zambia,Air,From RDC,0
Nigeria,Air,From RDC,0
Nigeria,Air,From RDC,0
Zimbabwe,Truck,From RDC,0
Zimbabwe,Truck,From RDC,0
Uganda,Air,From RDC,0
Côte d'Ivoire,Air,From RDC,0
Uganda,Air,From RDC,0
Ethiopia,Air,From RDC,0
Tanzania,Truck,From RDC,0
Haiti,Air,From RDC,0
Uganda,Air,From RDC,0
Uganda,Air,From RDC,0
Haiti,Air,From RDC,0
Nigeria,Air,From RDC,0
Kenya,Truck,From RDC,0
Uganda,Air,From RDC,0
Ethiopia,Air,From RDC,0
Mozambique,Truck,From RDC,0
Nigeria,Air,From RDC,0
Nigeria,Air,From RDC,0
Côte d'Ivoire,Air,From RDC,0
Uganda,Air,From RDC,0
Rwanda,Air,From RDC,0
Kenya,Truck,From RDC,0
Nigeria,Air Charter,From RDC,0
Haiti,Air,From RDC,0
Nigeria,Air,From RDC,0
Nigeria,Air,From RDC,0
Uganda,Air,From RDC,0
Mozambique,Truck,From RDC,0
Uganda,Air,From RDC,0
Mozambique,Air,From RDC,0
Ghana,Truck,From RDC,0
Zambia,Truck,From RDC,0
Zambia,Truck,From RDC,0
Zambia,Truck,From RDC,0
Nigeria,Air Charter,From RDC,0
Zimbabwe,Truck,From RDC,0
Nigeria,Air Charter,From RDC,0
Côte d'Ivoire,Air,From RDC,0
Namibia,Truck,From RDC,0
Côte d'Ivoire,Air,From RDC,0
Côte d'Ivoire,Air,From RDC,0
Nigeria,Air Charter,From RDC,0
Nigeria,Air Charter,From RDC,0
Nigeria,Air Charter,From RDC,0
Nigeria,Air Charter,From RDC,0
Côte d'Ivoire,Air,From RDC,0
Côte d'Ivoire,Air,From RDC,0
Nigeria,Air Charter,From RDC,0
Mozambique,Truck,From RDC,21
Mozambique,Truck,From RDC,0
Mozambique,Truck,From RDC,0
Zimbabwe,Truck,From RDC,0
Nigeria,Air Charter,From RDC,0
Nigeria,Air Charter,From RDC,0
Zambia,Truck,From RDC,0
Haiti,Air,From RDC,0
Ghana,Truck,From RDC,-49
Tanzania,Truck,From RDC,0
Rwanda,Air,From RDC,0
Côte d'Ivoire,N/A,From RDC,0
Côte d'Ivoire,N/A,From RDC,0
Zambia,N/A,From RDC,0
Nigeria,N/A,From RDC,0
Côte d'Ivoire,N/A,From RDC,0
Côte d'Ivoire,N/A,From RDC,0
Tanzania,Air,From RDC,0
Zimbabwe,N/A,From RDC,0
Nigeria,N/A,From RDC,0
Zambia,Air,From RDC,0
Rwanda,Air,From RDC,0
Zambia,N/A,From RDC,0
Rwanda,Air,From RDC,0
Rwanda,Air,From RDC,0
Côte d'Ivoire,N/A,From RDC,0
Côte d'Ivoire,N/A,From RDC,0
Côte d'Ivoire,N/A,From RDC,0
Côte d'Ivoire,N/A,From RDC,0
Zambia,N/A,From RDC,0
Zambia,N/A,From RDC,0
Zambia,N/A,From RDC,0
Côte d'Ivoire,N/A,From RDC,0
Côte d'Ivoire,N/A,From RDC,0
Rwanda,Air,From RDC,0
Rwanda,Air,From RDC,0
Ethiopia,N/A,From RDC,0
Zambia,N/A,From RDC,0
Côte d'Ivoire,N/A,From RDC,0
Rwanda,Air,From RDC,0
Mozambique,Air,From RDC,0
Côte d'Ivoire,N/A,From RDC,0
Mozambique,Air,From RDC,0
Tanzania,N/A,From RDC,0
Mozambique,Air,From RDC,0
Côte d'Ivoire,N/A,From RDC,0
Côte d'Ivoire,N/A,From RDC,0
Zimbabwe,N/A,From RDC,0
Mozambique,Air,From RDC,0
Côte d'Ivoire,N/A,From RDC,0
Uganda,Air,From RDC,0
Côte d'Ivoire,N/A,From RDC,0
Mozambique,Air,From RDC,0
Mozambique,Air,From RDC,0
Zambia,Air,From RDC,0
Côte d'Ivoire,N/A,From RDC,0
Côte d'Ivoire,N/A,From RDC,0
Zambia,N/A,From RDC,0
Mozambique,Air,From RDC,0
Ethiopia,N/A,From RDC,0
Zambia,N/A,From RDC,0
Zambia,N/A,From RDC,0
Nigeria,Air,From RDC,0
Mozambique,Air,From RDC,0
Zambia,N/A,From RDC,0
Côte d'Ivoire,Air,From RDC,0
Zimbabwe,Air,From RDC,0
Zimbabwe,Air,From RDC,0
Nigeria,Air,From RDC,0
Mozambique,Air,From RDC,0
Mozambique,Air,From RDC,0
Zambia,Air,From RDC,0
Côte d'Ivoire,Air,From RDC,0
Côte d'Ivoire,Air,From RDC,0
Côte d'Ivoire,Air,From RDC,0
Côte d'Ivoire,Air,From RDC,0
Zambia,N/A,From RDC,0
Côte d'Ivoire,Air,From RDC,0
Côte d'Ivoire,Air,From RDC,0
Haiti,Air,From RDC,0
Côte d'Ivoire,Air,From RDC,0
Nigeria,Air,From RDC,0
Nigeria,Air,From RDC,0
Zambia,N/A,From RDC,0
Zambia,N/A,From RDC,0
Namibia,Air,From RDC,0
Namibia,Air,From RDC,0
Nigeria,Air,From RDC,0
Côte d'Ivoire,Air,From RDC,0
Zambia,Air,From RDC,0
Zimbabwe,Air,From RDC,0
Côte d'Ivoire,Air,From RDC,0
Zimbabwe,Air,From RDC,0
Uganda,Air,From RDC,0
Rwanda,Air,From RDC,0
Zambia,N/A,From RDC,0
Ethiopia,Air,From RDC,0
Zimbabwe,Air,From RDC,0
Ethiopia,Air,From RDC,0
Nigeria,Air,From RDC,0
Ethiopia,Air,From RDC,27
Tanzania,Air,From RDC,0
Côte d'Ivoire,Air,From RDC,0
Zimbabwe,Air,From RDC,0
Zambia,Truck,From RDC,0
Haiti,Air,From RDC,0
Haiti,Air,From RDC,0
Zambia,Truck,From RDC,0
Pakistan,Air,From RDC,0
Nigeria,Air,From RDC,0
Tanzania,N/A,From RDC,0
Nigeria,Air,From RDC,0
Haiti,Air,From RDC,0
Tanzania,N/A,From RDC,1
Nigeria,Air,From RDC,0
Guyana,Air,From RDC,0
Uganda,Air,From RDC,0
Haiti,Air,From RDC,0
Nigeria,Air,From RDC,0
Tanzania,Air,From RDC,0
Côte d'Ivoire,Air,From RDC,0
Namibia,Air,From RDC,0
Uganda,N/A,From RDC,0
Haiti,Air,From RDC,0
Ethiopia,Air,From RDC,0
Haiti,Air,From RDC,0
Mozambique,Air,From RDC,0
Zimbabwe,Truck,From RDC,0
Zambia,Truck,From RDC,0
Guyana,Air,From RDC,0
Tanzania,Air,From RDC,0
Tanzania,Air,From RDC,0
Ethiopia,Air,From RDC,0
Zimbabwe,Truck,From RDC,0
Zambia,Air,From RDC,0
Kenya,Truck,From RDC,0
Guyana,Air,From RDC,0
Uganda,Air,From RDC,0
Zambia,Truck,From RDC,0
Uganda,Truck,From RDC,0
Rwanda,Air,From RDC,0
Nigeria,Air,From RDC,0
Nigeria,Air,From RDC,0
Nigeria,Air,From RDC,0
Nigeria,Air,From RDC,0
Nigeria,Air,From RDC,0
Zambia,Truck,From RDC,0
Zimbabwe,Truck,From RDC,0
Nigeria,Air,From RDC,0
Haiti,Air,From RDC,0
Zambia,Truck,From RDC,0
Mozambique,Air,From RDC,0
Kenya,Truck,From RDC,0
Namibia,Truck,From RDC,0
Namibia,Truck,From RDC,0
Ethiopia,Air,From RDC,0
Côte d'Ivoire,Air,From RDC,0
Côte d'Ivoire,Air,From RDC,0
Uganda,Air,From RDC,0
Uganda,Air,From RDC,0
Uganda,Air,From RDC,0
Zambia,Air,From RDC,0
Tanzania,N/A,From RDC,0
Mozambique,Air,From RDC,0
Mozambique,Air,From RDC,0
Mozambique,Air,From RDC,0
Côte d'Ivoire,Air,From RDC,0
Uganda,Air,From RDC,0
Ethiopia,Air,From RDC,0
Uganda,Air,From RDC,0
Tanzania,Air,From RDC,0
Uganda,Air,From RDC,0
Ethiopia,Air,From RDC,0
Ethiopia,Air,From RDC,0
Pakistan,Air,From RDC,0
Zambia,Truck,From RDC,0
Nigeria,Air,From RDC,0
Haiti,Air,From RDC,0
Nigeria,Air,From RDC,0
Uganda,Air,From RDC,0
Uganda,Air,From RDC,0
Ethiopia,Air,From RDC,0
Ethiopia,Air,From RDC,0
Nigeria,Air Charter,From RDC,0
Nigeria,Air,From RDC,0
Nigeria,Air,From RDC,0
Nigeria,Air,From RDC,0
Rwanda,Truck,From RDC,0
Nigeria,Air,From RDC,0
Mozambique,Air,From RDC,0
Nigeria,Air,From RDC,0
Nigeria,Air,From RDC,0
Haiti,Air,From RDC,0
Nigeria,Air Charter,From RDC,0
Haiti,Air,From RDC,0
Uganda,Air,From RDC,0
Zambia,Truck,From RDC,0
Mozambique,Truck,From RDC,0
Ghana,Truck,From RDC,0
Ghana,Truck,From RDC,0
Uganda,Air,From RDC,0
Nigeria,Air Charter,From RDC,0
Haiti,Air,From RDC,0
Haiti,Air,From RDC,0
Uganda,Air,From RDC,0
Uganda,Air,From RDC,0
Zimbabwe,Truck,From RDC,0
Côte d'Ivoire,Air,From RDC,0
Côte d'Ivoire,Air,From RDC,0
Uganda,Air,From RDC,0
Zambia,Truck,From RDC,0
Mozambique,Truck,From RDC,0
Mozambique,Air,From RDC,0
Nigeria,Air Charter,From RDC,0
Nigeria,Air Charter,From RDC,0
Nigeria,Air Charter,From RDC,0
Côte d'Ivoire,Air,From RDC,0
Uganda,Air,From RDC,0
Haiti,Air,From RDC,0
Zambia,Truck,From RDC,0
Zambia,Truck,From RDC,0
Côte d'Ivoire,Air,From RDC,0
Côte d'Ivoire,Air,From RDC,0
Zambia,Truck,From RDC,0
Uganda,Air,From RDC,0
Côte d'Ivoire,Air,From RDC,0
Uganda,Air,From RDC,0
Zambia,Truck,From RDC,0
Côte d'Ivoire,Air,From RDC,0
Côte d'Ivoire,Air,From RDC,0
Nigeria,Air Charter,From RDC,0
Nigeria,Air Charter,From RDC,0
Mozambique,Truck,From RDC,0
Mozambique,Air,From RDC,0
Uganda,Air,From RDC,0
Tanzania,Truck,From RDC,0
Ethiopia,Air,From RDC,0
Nigeria,Air,From RDC,0
Lebanon,Air,From RDC,0
Lebanon,Air,From RDC,0
Zambia,Truck,From RDC,0
Ethiopia,Air,From RDC,0
Mozambique,Air,From RDC,0
Côte d'Ivoire,N/A,From RDC,0
Guyana,Air,From RDC,0
Zambia,N/A,From RDC,0
Mozambique,Air,From RDC,0
Nigeria,N/A,From RDC,0
Nigeria,N/A,From RDC,0
Haiti,N/A,From RDC,0
Haiti,Air,From RDC,0
Côte d'Ivoire,N/A,From RDC,0
Côte d'Ivoire,N/A,From RDC,0
Guyana,N/A,From RDC,0
Nigeria,N/A,From RDC,0
Côte d'Ivoire,N/A,From RDC,0
Mozambique,Air,From RDC,0
Côte d'Ivoire,N/A,From RDC,0
Côte d'Ivoire,N/A,From RDC,0
Côte d'Ivoire,N/A,From RDC,0
Zimbabwe,N/A,From RDC,0
Zambia,Air,From RDC,0
Côte d'Ivoire,N/A,From RDC,0
Tanzania,Air,From RDC,0
Nigeria,N/A,From RDC,0
Zimbabwe,N/A,From RDC,0
Angola,Truck,From RDC,0
Zimbabwe,Truck,From RDC,0
Zimbabwe,Truck,From RDC,0
Tanzania,N/A,From RDC,0
Tanzania,Air,From RDC,0
Tanzania,Air,From RDC,0
Zambia,N/A,From RDC,0
Tanzania,Air,From RDC,0
Zambia,N/A,From RDC,0
Tanzania,Air,From RDC,0
Tanzania,Air,From RDC,0
Zambia,N/A,From RDC,0
Mozambique,Air,From RDC,0
Tanzania,N/A,From RDC,0
Tanzania,N/A,From RDC,0
Mozambique,Air,From RDC,0
Mozambique,Air,From RDC,0
Côte d'Ivoire,N/A,From RDC,0
Côte d'Ivoire,N/A,From RDC,0
Zimbabwe,Truck,From RDC,0
Zimbabwe,Truck,From RDC,0
Zimbabwe,N/A,From RDC,0
Zambia,Air,From RDC,0
Côte d'Ivoire,N/A,From RDC,0
Côte d'Ivoire,N/A,From RDC,0
Namibia,Air,From RDC,0
Côte d'Ivoire,N/A,From RDC,0
Zimbabwe,Truck,From RDC,0
Côte d'Ivoire,Air,From RDC,0
Zambia,N/A,From RDC,0
Zambia,N/A,From RDC,0
Tanzania,Air,From RDC,0
Côte d'Ivoire,Air,From RDC,0
Côte d'Ivoire,Air,From RDC,0
Zambia,Air,From RDC,0
Mozambique,Air,From RDC,0
Mozambique,Air,From RDC,0
Zambia,Air,From RDC,0
Nigeria,Air,From RDC,0
Zimbabwe,Air,From RDC,0
Côte d'Ivoire,Air,From RDC,0
Côte d'Ivoire,Air,From RDC,0
Côte d'Ivoire,Air,From RDC,0
Haiti,Air,From RDC,0
Côte d'Ivoire,Air,From RDC,0
Côte d'Ivoire,Air,From RDC,0
Zambia,N/A,From RDC,0
Rwanda,Air,From RDC,0
Ethiopia,N/A,From RDC,0
Zambia,N/A,From RDC,0
Nigeria,Air,From RDC,0
Nigeria,Air,From RDC,0
Haiti,Air,From RDC,0
Ethiopia,Air,From RDC,0
Zimbabwe,Air,From RDC,0
Uganda,Air,From RDC,0
Rwanda,Air,From RDC,0
Nigeria,Air,From RDC,0
Côte d'Ivoire,Air,From RDC,0
Rwanda,Air,From RDC,0
Zambia,N/A,From RDC,-56
Côte d'Ivoire,Air,From RDC,0
Côte d'Ivoire,Air,From RDC,18
Ethiopia,Air,From RDC,0
Uganda,Air,From RDC,0
Uganda,Air,From RDC,0
Ethiopia,Air,From RDC,0
Tanzania,Air,From RDC,0
Côte d'Ivoire,Air,From RDC,0
Zambia,Truck,From RDC,0
Zimbabwe,Air,From RDC,0
Zimbabwe,Air,From RDC,0
Haiti,Air,From RDC,0
Nigeria,Air,From RDC,0
Zambia,Truck,From RDC,0
Haiti,Air,From RDC,0
Nigeria,Air,From RDC,0
Nigeria,Air,From RDC,0
Nigeria,Air,From RDC,0
Zambia,Air,From RDC,0
Nigeria,Air,From RDC,0
Zimbabwe,Air,From RDC,0
Côte d'Ivoire,Air,From RDC,0
Zambia,Truck,From RDC,0
Mozambique,Air,From RDC,0
Guyana,N/A,From RDC,0
Côte d'Ivoire,Air,From RDC,0
Côte d'Ivoire,N/A,From RDC,0
Nigeria,Air,From RDC,0
Haiti,Air,From RDC,0
Nigeria,Air,From RDC,0
Zambia,N/A,From RDC,0
Nigeria,Air,From RDC,0
Haiti,Air,From RDC,0
Côte d'Ivoire,Air,From RDC,0
Zimbabwe,Air,From RDC,0
Tanzania,Air,From RDC,0
Côte d'Ivoire,Air,From RDC,0
Uganda,Air,From RDC,0
Haiti,Air,From RDC,0
Côte d'Ivoire,Air,From RDC,0
Mozambique,Air,From RDC,0
Tanzania,Air,From RDC,0
Ethiopia,Air,From RDC,0
Zimbabwe,Truck,From RDC,0
Nigeria,Air,From RDC,0
Namibia,Air,From RDC,0
Haiti,Air,From RDC,0
Kenya,Truck,From RDC,0
Nigeria,Truck,From RDC,0
Haiti,Air,From RDC,0
Haiti,Air,From RDC,0
Zimbabwe,Truck,From RDC,0
Uganda,Truck,From RDC,0
Haiti,Air,From RDC,0
Haiti,Air,From RDC,0
Nigeria,Air,From RDC,0
Nigeria,Air,From RDC,0
Ethiopia,Air,From RDC,0
Kenya,Air,From RDC,0
Pakistan,Air,From RDC,0
Nigeria,Air,From RDC,0
Haiti,Air,From RDC,0
Zambia,Truck,From RDC,0
Rwanda,Truck,From RDC,0
Nigeria,Air,From RDC,0
Côte d'Ivoire,Air,From RDC,0
Rwanda,Air,From RDC,0
Tanzania,N/A,From RDC,0
Mozambique,Air,From RDC,0
Sierra Leone,Air,From RDC,0
Côte d'Ivoire,Air,From RDC,0
Nigeria,Air,From RDC,0
Nigeria,Air,From RDC,0
Nigeria,Air,From RDC,0
Nigeria,Air,From RDC,0
Haiti,Air,From RDC,0
Haiti,Air,From RDC,0
Haiti,Air,From RDC,0
Nigeria,Air,From RDC,0
Tanzania,Air,From RDC,0
Haiti,Air,From RDC,0
Haiti,Air,From RDC,0
Ethiopia,Air,From RDC,0
Nigeria,Air,From RDC,0
Nigeria,Air,From RDC,0
Nigeria,Air,From RDC,0
Zambia,Truck,From RDC,0
Nigeria,Air Charter,From RDC,0
Côte d'Ivoire,Air,From RDC,0
Côte d'Ivoire,Air,From RDC,0
Zambia,N/A,From RDC,0
Côte d'Ivoire,Air,From RDC,0
Nigeria,Air Charter,From RDC,0
Nigeria,Air Charter,From RDC,0
Côte d'Ivoire,Air,From RDC,0
Côte d'Ivoire,Air,From RDC,0
Mozambique,Air,From RDC,0
Côte d'Ivoire,Air,From RDC,0
Côte d'Ivoire,Air,From RDC,0
Côte d'Ivoire,Air,From RDC,0
Haiti,Air,From RDC,0
Mozambique,Air,From RDC,0
Kenya,Truck,From RDC,0
Nigeria,Air,From RDC,0
Haiti,Air,From RDC,0
Mozambique,Truck,From RDC,0
Côte d'Ivoire,Air,From RDC,0
Swaziland,Air,From RDC,0
Swaziland,Air,From RDC,0
Mozambique,Air,From RDC,0
Mozambique,Air,From RDC,0
Zambia,Truck,From RDC,0
Nigeria,Air Charter,From RDC,0
Zambia,Truck,From RDC,0
Nigeria,Air Charter,From RDC,0
Haiti,Air,From RDC,0
Zimbabwe,Truck,From RDC,0
Côte d'Ivoire,Air,From RDC,0
Uganda,Air,From RDC,0
Uganda,Air,From RDC,0
Uganda,Air,From RDC,0
Zambia,Truck,From RDC,0
Zambia,Truck,From RDC,0
Nigeria,Air Charter,From RDC,0
Nigeria,Air Charter,From RDC,0
Haiti,Air,From RDC,0
Haiti,Air,From RDC,0
Mozambique,Truck,From RDC,0
Zambia,Truck,From RDC,0
Côte d'Ivoire,Air,From RDC,0
Uganda,Air,From RDC,0
Zambia,Truck,From RDC,0
Zimbabwe,Truck,From RDC,0
Uganda,Air,From RDC,0
Côte d'Ivoire,Air,From RDC,0
Côte d'Ivoire,Air,From RDC,0
Nigeria,Air Charter,From RDC,0
Zambia,Truck,From RDC,0
Haiti,Air,From RDC,0
Ethiopia,Air,From RDC,0
Lebanon,Air,From RDC,0
Uganda,Air,From RDC,0
Uganda,Air,From RDC,0
Ethiopia,Air,From RDC,0
Ethiopia,Air,From RDC,0
Côte d'Ivoire,N/A,From RDC,0
Côte d'Ivoire,N/A,From RDC,0
Zambia,N/A,From RDC,0
Nigeria,N/A,From RDC,0
Mozambique,Air,From RDC,0
Côte d'Ivoire,N/A,From RDC,0
Côte d'Ivoire,N/A,From RDC,0
Rwanda,Air,From RDC,0
Côte d'Ivoire,N/A,From RDC,0
Côte d'Ivoire,N/A,From RDC,0
Côte d'Ivoire,N/A,From RDC,0
Côte d'Ivoire,N/A,From RDC,0
Côte d'Ivoire,N/A,From RDC,0
Nigeria,N/A,From RDC,0
Nigeria,N/A,From RDC,0
Tanzania,Air,From RDC,0
Mozambique,Air,From RDC,0
Mozambique,Air,From RDC,0
Mozambique,Air,From RDC,0
Mozambique,Air,From RDC,0
Nigeria,N/A,From RDC,0
Nigeria,N/A,From RDC,0
Nigeria,N/A,From RDC,0
Zimbabwe,N/A,From RDC,0
Zambia,N/A,From RDC,0
Nigeria,N/A,From RDC,0
Tanzania,Air,From RDC,0
Côte d'Ivoire,N/A,From RDC,0
Zambia,N/A,From RDC,0
Côte d'Ivoire,Air,From RDC,0
Rwanda,Air,From RDC,0
Rwanda,Air,From RDC,0
Côte d'Ivoire,Air,From RDC,0
Tanzania,Air,From RDC,0
Tanzania,Air,From RDC,0
Mozambique,Air,From RDC,0
Mozambique,Air,From RDC,0
Mozambique,Air,From RDC,0
Mozambique,Air,From RDC,0
Mozambique,Air,From RDC,0
Mozambique,Air,From RDC,0
Mozambique,Air,From RDC,0
Rwanda,Air,From RDC,0
Zambia,N/A,From RDC,0
Ethiopia,N/A,From RDC,0
Ethiopia,N/A,From RDC,0
Rwanda,Air,From RDC,0
Zimbabwe,Truck,From RDC,0
Mozambique,Air,From RDC,0
Côte d'Ivoire,Air,From RDC,0
Zimbabwe,Air,From RDC,0
Guyana,Air,From RDC,0
Haiti,Air,From RDC,0
Côte d'Ivoire,Air,From RDC,0
Côte d'Ivoire,Air,From RDC,0
Haiti,Air,From RDC,0
Nigeria,Air,From RDC,0
Nigeria,Air,From RDC,0
Namibia,Air,From RDC,0
Zambia,N/A,From RDC,0
Ethiopia,N/A,From RDC,0
Ethiopia,Air,From RDC,0
Côte d'Ivoire,Air,From RDC,0
Ethiopia,Air,From RDC,0
Mozambique,Air,From RDC,-3
Mozambique,Air,From RDC,-3
Zimbabwe,Air,From RDC,0
Zimbabwe,Air,From RDC,0
Uganda,Air,From RDC,0
Zimbabwe,Truck,From RDC,0
Zambia,Air,From RDC,0
Haiti,Air,From RDC,-12
Zambia,N/A,From RDC,0
Haiti,Air,From RDC,0
Namibia,Air,From RDC,0
Kenya,Truck,From RDC,-26
Nigeria,Air,From RDC,0
Zimbabwe,Air,From RDC,0
Haiti,Air,From RDC,0
Guyana,N/A,From RDC,0
Nigeria,Air,From RDC,0
Tanzania,N/A,From RDC,0
Haiti,Air,From RDC,0
Zambia,N/A,From RDC,0
Uganda,Air,From RDC,0
Nigeria,Air,From RDC,0
Nigeria,Air,From RDC,0
Uganda,Air,From RDC,0
Zambia,N/A,From RDC,0
Haiti,Air,From RDC,0
Nigeria,Air,From RDC,0
Zambia,Truck,From RDC,0
Nigeria,Air,From RDC,0
Nigeria,Air,From RDC,0
Guyana,Air,From RDC,0
Zambia,N/A,From RDC,0
Zambia,N/A,From RDC,0
Haiti,Air,From RDC,0
Haiti,Air,From RDC,0
Haiti,Air,From RDC,0
Uganda,Air,From RDC,0
Namibia,Air,From RDC,0
Nigeria,Air,From RDC,0
Tanzania,Air,From RDC,0
Mozambique,Truck,From RDC,0
Zambia,N/A,From RDC,0
Mozambique,Air,From RDC,0
Botswana,Truck,From RDC,0
Botswana,Truck,From RDC,0
Botswana,Truck,From RDC,0
Kenya,Truck,From RDC,0
Nigeria,Air,From RDC,0
Ethiopia,Air,From RDC,0
Namibia,Air,From RDC,0
Namibia,Air,From RDC,0
Kenya,Truck,From RDC,0
Uganda,Air,From RDC,0
Haiti,Air,From RDC,0
Zimbabwe,Truck,From RDC,0
Côte d'Ivoire,Air,From RDC,0
Côte d'Ivoire,Air,From RDC,0
Côte d'Ivoire,Air,From RDC,0
Uganda,Air,From RDC,0
Kenya,Truck,From RDC,0
Uganda,Air,From RDC,0
Uganda,Air,From RDC,0
Nigeria,Air,From RDC,0
Nigeria,Air,From RDC,0
Zambia,Air,From RDC,0
Nigeria,Air,From RDC,0
Mozambique,Air,From RDC,0
Mozambique,Air,From RDC,0
Zimbabwe,Truck,From RDC,0
Zambia,Truck,From RDC,0
Zambia,Truck,From RDC,0
Mozambique,Truck,From RDC,0
Nigeria,Air,From RDC,0
Ethiopia,Air,From RDC,0
Tanzania,Truck,From RDC,0
Côte d'Ivoire,Air,From RDC,0
Nigeria,Air,From RDC,0
Kenya,Truck,From RDC,0
Nigeria,Air,From RDC,-28
Nigeria,Air,From RDC,0
Haiti,Air,From RDC,0
Zambia,Truck,From RDC,0
Nigeria,Air,From RDC,0
Nigeria,Air,From RDC,0
Nigeria,Air Charter,From RDC,0
Uganda,Air,From RDC,0
Uganda,Air,From RDC,0
Tanzania,Air,From RDC,0
Ethiopia,Air,From RDC,0
Ethiopia,Air,From RDC,0
Nigeria,Air,From RDC,0
Nigeria,Air,From RDC,0
Nigeria,Air,From RDC,0
Nigeria,Air,From RDC,0
Nigeria,Air Charter,From RDC,0
Nigeria,Air,From RDC,0
Nigeria,Air Charter,From RDC,0
Nigeria,Air Charter,From RDC,0
Ethiopia,Air,From RDC,0
Mozambique,Air,From RDC,0
Côte d'Ivoire,Air,From RDC,0
Nigeria,Air Charter,From RDC,0
Mozambique,Air,From RDC,0
Tanzania,Truck,From RDC,0
Zimbabwe,Air,From RDC,0
Mozambique,Air,From RDC,0
Nigeria,Air Charter,From RDC,0
Haiti,Air,From RDC,0
Haiti,Air,From RDC,0
Uganda,Air,From RDC,0
Zambia,Truck,From RDC,0
Côte d'Ivoire,Air,From RDC,0
Côte d'Ivoire,Air,From RDC,0
Nigeria,Air Charter,From RDC,0
Nigeria,Air,From RDC,0
Nigeria,Air Charter,From RDC,0
Kenya,Air,From RDC,0
Haiti,Air,From RDC,0
Nigeria,Air Charter,From RDC,0
Uganda,Air,From RDC,0
Nigeria,Air Charter,From RDC,0
Zambia,Truck,From RDC,0
Mozambique,Truck,From RDC,0
Nigeria,Air Charter,From RDC,0
Nigeria,Air Charter,From RDC,0
Côte d'Ivoire,Air Charter,From RDC,0
Nigeria,Air Charter,From RDC,0
Haiti,Air,From RDC,0
Mozambique,Truck,From RDC,0
Rwanda,Air,From RDC,0
Uganda,Air,From RDC,0
Uganda,Air,From RDC,0
Uganda,Air,From RDC,0
Côte d'Ivoire,Air,From RDC,0
Zambia,Truck,From RDC,0
Zambia,Truck,From RDC,0
Zimbabwe,Truck,From RDC,0
Zambia,Truck,From RDC,0
Côte d'Ivoire,Air,From RDC,0
Tanzania,Truck,From RDC,0
Zambia,Truck,From RDC,0
Nigeria,Air Charter,From RDC,0
Nigeria,Air Charter,From RDC,0
Côte d'Ivoire,Air,From RDC,43
Mozambique,Truck,From RDC,0
Ethiopia,Air,From RDC,0
Lebanon,Air,From RDC,0
Lebanon,Air,From RDC,0
Zambia,Air,From RDC,0
Uganda,Air,From RDC,0
Ethiopia,Air,From RDC,0
Zimbabwe,N/A,From RDC,0
Nigeria,N/A,From RDC,0
Rwanda,Air,From RDC,0
Mozambique,Air,From RDC,0
Mozambique,Air,From RDC,0
Mozambique,Air,From RDC,0
Botswana,N/A,From RDC,0
Côte d'Ivoire,N/A,From RDC,0
Mozambique,Air,From RDC,0
Mozambique,Air,From RDC,0
Côte d'Ivoire,N/A,From RDC,0
Nigeria,N/A,From RDC,0
Zambia,Air,From RDC,0
Rwanda,Air,From RDC,0
Mozambique,Air,From RDC,0
Nigeria,N/A,From RDC,0
Mozambique,Air,From RDC,0
Ethiopia,N/A,From RDC,0
Côte d'Ivoire,Air,From RDC,0
Tanzania,Air,From RDC,0
Côte d'Ivoire,N/A,From RDC,0
Zambia,N/A,From RDC,0
Zambia,N/A,From RDC,0
Mozambique,Air,From RDC,0
Tanzania,Air,From RDC,0
Côte d'Ivoire,N/A,From RDC,0
Côte d'Ivoire,N/A,From RDC,0
Tanzania,N/A,From RDC,0
Mozambique,Air,From RDC,0
Mozambique,Air,From RDC,0
Côte d'Ivoire,N/A,From RDC,0
Mozambique,Air,From RDC,0
Zambia,Air,From RDC,0
Tanzania,N/A,From RDC,0
Zambia,N/A,From RDC,0
Zambia,N/A,From RDC,0
Zambia,N/A,From RDC,0
Côte d'Ivoire,N/A,From RDC,0
Zimbabwe,Truck,From RDC,0
Côte d'Ivoire,Air,From RDC,0
Zambia,N/A,From RDC,0
Zambia,N/A,From RDC,0
Nigeria,Air,From RDC,0
Mozambique,Air,From RDC,0
Nigeria,Air,From RDC,0
Côte d'Ivoire,Air,From RDC,0
Zambia,Air,From RDC,0
Mozambique,Air,From RDC,0
Côte d'Ivoire,Air,From RDC,0
Côte d'Ivoire,Air,From RDC,0
Ethiopia,N/A,From RDC,0
Uganda,Air,From RDC,0
Côte d'Ivoire,Air,From RDC,0
Zambia,Air,From RDC,0
Zambia,N/A,From RDC,0
Haiti,Air,From RDC,0
Zambia,Truck,From RDC,0
Ethiopia,Air,From RDC,5
Nigeria,Air,From RDC,8
Côte d'Ivoire,Air,From RDC,0
Ethiopia,Air,From RDC,0
Mozambique,Air,From RDC,-3
Rwanda,Air,From RDC,0
Zambia,N/A,From RDC,0
Zambia,N/A,From RDC,0
Côte d'Ivoire,Air,From RDC,0
Rwanda,Air,From RDC,0
Rwanda,Air,From RDC,0
Haiti,Air,From RDC,0
Nigeria,Air,From RDC,0
Ethiopia,Air,From RDC,0
Côte d'Ivoire,Air,From RDC,14
Côte d'Ivoire,Air,From RDC,-16
Zimbabwe,Air,From RDC,0
Haiti,Air,From RDC,0
Haiti,Air,From RDC,0
Nigeria,Air,From RDC,0
Nigeria,Air,From RDC,0
Nigeria,Air,From RDC,0
Nigeria,Air,From RDC,0
Tanzania,Air,From RDC,0
Zimbabwe,Truck,From RDC,0
Haiti,Air,From RDC,0
Tanzania,Truck,From RDC,0
Zambia,Air,From RDC,0
Tanzania,Air,From RDC,0
Nigeria,Air,From RDC,0
Mozambique,Air,From RDC,0
Haiti,Air,From RDC,0
Zambia,N/A,From RDC,0
Uganda,Air,From RDC,0
Tanzania,Truck,From RDC,0
Nigeria,Air,From RDC,0
Côte d'Ivoire,Air,From RDC,0
Ethiopia,Air,From RDC,0
Kenya,Truck,From RDC,0
Haiti,Air,From RDC,0
Côte d'Ivoire,N/A,From RDC,0
Tanzania,Air,From RDC,0
Haiti,Air,From RDC,0
Tanzania,Air,From RDC,0
Zambia,Truck,From RDC,0
Côte d'Ivoire,Air,From RDC,0
Côte d'Ivoire,Air,From RDC,0
Zimbabwe,Truck,From RDC,0
Haiti,Air,From RDC,0
Kenya,Truck,From RDC,0
Haiti,Air,From RDC,0
Pakistan,Air,From RDC,0
Mozambique,Air,From RDC,0
Tanzania,Air,From RDC,0
Tanzania,Air,From RDC,0
Tanzania,Air,From RDC,0
Uganda,Air,From RDC,0
Mozambique,Air,From RDC,0
Mozambique,Air,From RDC,0
Kenya,Truck,From RDC,0
Guyana,Air,From RDC,0
Zambia,Truck,From RDC,0
Zambia,Air,From RDC,0
Nigeria,Air,From RDC,0
Pakistan,Air,From RDC,0
Nigeria,Air,From RDC,0
Zambia,Truck,From RDC,0
Zambia,Truck,From RDC,0
Kenya,Truck,From RDC,0
Nigeria,Air,From RDC,0
Uganda,Ocean,From RDC,0
Mozambique,Air,From RDC,0
Mozambique,Air,From RDC,0
Mozambique,Air,From RDC,0
Côte d'Ivoire,Air,From RDC,0
Uganda,Air,From RDC,0
Uganda,Air,From RDC,0
Uganda,Air,From RDC,0
Nigeria,Air,From RDC,0
Côte d'Ivoire,Air,From RDC,0
Uganda,Air,From RDC,0
Nigeria,Air,From RDC,0
Haiti,Air,From RDC,0
Nigeria,Air,From RDC,0
Nigeria,Air,From RDC,0
Uganda,Air,From RDC,0
Ethiopia,Air,From RDC,0
Ethiopia,Air,From RDC,0
Nigeria,Air,From RDC,0
Côte d'Ivoire,Air,From RDC,0
Côte d'Ivoire,Air,From RDC,0
Nigeria,Air Charter,From RDC,0
Côte d'Ivoire,Air,From RDC,0
Zambia,Truck,From RDC,0
Côte d'Ivoire,Air,From RDC,0
Côte d'Ivoire,Air,From RDC,0
Zambia,Truck,From RDC,0
Mozambique,Air,From RDC,0
Nigeria,Air Charter,From RDC,0
Uganda,Air,From RDC,0
Nigeria,Air,From RDC,0
Nigeria,Air Charter,From RDC,0
Haiti,Air,From RDC,0
Nigeria,Air Charter,From RDC,0
Haiti,Air,From RDC,0
Côte d'Ivoire,Air,From RDC,0
Nigeria,Ocean,From RDC,0
Haiti,Air,From RDC,0
Uganda,Air,From RDC,0
Côte d'Ivoire,Air,From RDC,0
Côte d'Ivoire,Air,From RDC,0
Ghana,Truck,From RDC,0
Nigeria,Air Charter,From RDC,0
Namibia,Air,From RDC,0
Uganda,Air,From RDC,0
Uganda,Air,From RDC,0
Zambia,Truck,From RDC,0
Zambia,Air,From RDC,0
Côte d'Ivoire,Air,From RDC,0
Haiti,Air,From RDC,0
Zambia,Truck,From RDC,0
Nigeria,Air Charter,From RDC,0
Nigeria,Air Charter,From RDC,0
Zambia,Truck,From RDC,0
Uganda,Air,From RDC,0
Uganda,Air,From RDC,0
Mozambique,Truck,From RDC,0
Mozambique,Truck,From RDC,0
Zambia,Truck,From RDC,0
Tanzania,Truck,From RDC,0
Zambia,Truck,From RDC,0
Mozambique,Air,From RDC,0
Nigeria,Air Charter,From RDC,0
Tanzania,Truck,From RDC,0
Ethiopia,Air,From RDC,0
Haiti,Air,From RDC,0
Mozambique,Air,From RDC,0
Côte d'Ivoire,Air,From RDC,0
Mozambique,Air,From RDC,0
Mozambique,Air,From RDC,0
Nigeria,N/A,From RDC,-69
Zambia,N/A,From RDC,0
Mozambique,Air,From RDC,0
Zambia,N/A,From RDC,0
Zambia,N/A,From RDC,0
Zambia,N/A,From RDC,0
Zambia,N/A,From RDC,0
Rwanda,Air,From RDC,0
Zambia,N/A,From RDC,0
Nigeria,N/A,From RDC,0
Zambia,N/A,From RDC,0
Tanzania,Air,From RDC,0
Mozambique,Air,From RDC,0
Côte d'Ivoire,N/A,From RDC,0
Côte d'Ivoire,N/A,From RDC,0
Tanzania,Air,From RDC,0
Côte d'Ivoire,N/A,From RDC,0
Mozambique,Air,From RDC,0
Côte d'Ivoire,N/A,From RDC,0
Côte d'Ivoire,N/A,From RDC,0
Côte d'Ivoire,N/A,From RDC,0
Tanzania,Air,From RDC,0
Tanzania,Air,From RDC,0
Rwanda,Air,From RDC,0
Côte d'Ivoire,N/A,From RDC,0
Côte d'Ivoire,N/A,From RDC,0
Côte d'Ivoire,N/A,From RDC,0
Côte d'Ivoire,Air,From RDC,0
Côte d'Ivoire,N/A,From RDC,0
Rwanda,Air,From RDC,0
Mozambique,Air,From RDC,0
Côte d'Ivoire,N/A,From RDC,0
Côte d'Ivoire,N/A,From RDC,0
Namibia,N/A,From RDC,0
Tanzania,N/A,From RDC,0
Tanzania,N/A,From RDC,0
Tanzania,N/A,From RDC,0
Mozambique,Air,From RDC,0
Mozambique,Air,From RDC,0
Côte d'Ivoire,N/A,From RDC,0
Zimbabwe,Truck,From RDC,0
Zimbabwe,Truck,From RDC,0
Uganda,N/A,From RDC,0
Côte d'Ivoire,N/A,From RDC,0
Ethiopia,N/A,From RDC,0
Ethiopia,N/A,From RDC,0
Zambia,N/A,From RDC,0
Côte d'Ivoire,N/A,From RDC,0
Zambia,N/A,From RDC,0
Haiti,N/A,From RDC,0
Zambia,N/A,From RDC,0
Nigeria,Air,From RDC,0
Mozambique,Air,From RDC,0
Côte d'Ivoire,Air,From RDC,0
Zimbabwe,Air,From RDC,0
Côte d'Ivoire,Air,From RDC,0
Côte d'Ivoire,Air,From RDC,-16
Guyana,Air,From RDC,0
Côte d'Ivoire,Air,From RDC,0
Zambia,N/A,From RDC,0
Haiti,Air,From RDC,0
Haiti,Air,From RDC,0
Côte d'Ivoire,Air,From RDC,0
Côte d'Ivoire,Air,From RDC,0
Nigeria,Air,From RDC,0
Nigeria,Air,From RDC,0
Mozambique,Air,From RDC,0
Côte d'Ivoire,Air,From RDC,0
Nigeria,Air,From RDC,0
Nigeria,Air,From RDC,0
Ethiopia,Air,From RDC,0
Mozambique,Air,From RDC,-3
Uganda,N/A,From RDC,0
Zimbabwe,Air,From RDC,0
Haiti,Air,From RDC,0
Mozambique,Air,From RDC,-3
Haiti,Air,From RDC,-12
Ethiopia,Air,From RDC,20
Uganda,Air,From RDC,0
Côte d'Ivoire,Air,From RDC,0
Côte d'Ivoire,Air,From RDC,0
Uganda,N/A,From RDC,0
Zimbabwe,Air,From RDC,0
Haiti,Air,From RDC,0
Nigeria,Air,From RDC,0
Côte d'Ivoire,Air,From RDC,0
Nigeria,Air,From RDC,0
Tanzania,Truck,From RDC,0
Tanzania,Truck,From RDC,0
Côte d'Ivoire,Air,From RDC,0
Mozambique,Truck,From RDC,0
Zambia,Truck,From RDC,0
Tanzania,Air,From RDC,0
Haiti,Air,From RDC,0
Ethiopia,N/A,From RDC,0
Haiti,Air,From RDC,0
Haiti,Air,From RDC,0
Zimbabwe,Air,From RDC,0
Cameroon,Air,From RDC,0
Zimbabwe,Truck,From RDC,0
Haiti,Air,From RDC,0
Zambia,Air,From RDC,0
Haiti,Air,From RDC,0
Nigeria,Air,From RDC,0
Mozambique,Air,From RDC,0
Mozambique,Air,From RDC,0
Zimbabwe,Truck,From RDC,0
Kenya,Truck,From RDC,0
Mozambique,Air,From RDC,0
Uganda,Air,From RDC,0
Ethiopia,Air,From RDC,34
Zimbabwe,Air,From RDC,0
Zimbabwe,Truck,From RDC,0
Uganda,Air,From RDC,0
Zambia,Truck,From RDC,0
Zambia,Truck,From RDC,0
Côte d'Ivoire,Air,From RDC,0
Kenya,Truck,From RDC,0
Tanzania,Truck,From RDC,0
Haiti,Air,From RDC,0
Haiti,Air,From RDC,0
Nigeria,Air,From RDC,0
Nigeria,Air,From RDC,0
Nigeria,Air,From RDC,0
Nigeria,Air,From RDC,0
Pakistan,Air,From RDC,0
Nigeria,Air,From RDC,0
Kenya,Truck,From RDC,0
Zambia,Truck,From RDC,0
Kenya,Air,From RDC,0
Tanzania,N/A,From RDC,0
Mozambique,Air,From RDC,0
Zimbabwe,Truck,From RDC,0
Mozambique,Air,From RDC,0
Ethiopia,Truck,From RDC,0
Ethiopia,Truck,From RDC,0
Ethiopia,Air,From RDC,0
Uganda,Air,From RDC,0
Côte d'Ivoire,Air,From RDC,0
Zimbabwe,Truck,From RDC,0
Pakistan,Air,From RDC,0
Pakistan,Air,From RDC,0
Zimbabwe,Truck,From RDC,0
Côte d'Ivoire,Air,From RDC,0
Côte d'Ivoire,Air,From RDC,0
Zambia,Air,From RDC,0
Nigeria,Air,From RDC,0
Zambia,Truck,From RDC,0
Tanzania,Air,From RDC,0
Ethiopia,Air,From RDC,0
Ethiopia,Air,From RDC,0
Ethiopia,Air,From RDC,0
Nigeria,Air,From RDC,0
Nigeria,Air,From RDC,0
Nigeria,Air Charter,From RDC,0
Nigeria,Air Charter,From RDC,0
Nigeria,Air Charter,From RDC,0
Côte d'Ivoire,Air,From RDC,0
Zimbabwe,Truck,From RDC,0
Kenya,Truck,From RDC,0
Côte d'Ivoire,Air,From RDC,0
Nigeria,Air Charter,From RDC,0
Zimbabwe,Truck,From RDC,0
Mozambique,Truck,From RDC,0
Tanzania,Truck,From RDC,0
Nigeria,Air,From RDC,0
Nigeria,Air,From RDC,0
Nigeria,Air Charter,From RDC,0
Ghana,Truck,From RDC,0
Nigeria,Air Charter,From RDC,0
Nigeria,Air Charter,From RDC,0
Uganda,Air,From RDC,0
Nigeria,Air Charter,From RDC,0
Nigeria,Air Charter,From RDC,0
Nigeria,Air Charter,From RDC,0
Mozambique,Air,From RDC,0
Zambia,Air,From RDC,0
Mozambique,Truck,From RDC,0
Nigeria,Air Charter,From RDC,0
Zambia,Truck,From RDC,0
Haiti,Air,From RDC,0
Haiti,Air,From RDC,0
Haiti,Air,From RDC,0
Côte d'Ivoire,Air,From RDC,0
Uganda,Air,From RDC,0
Uganda,Ocean,From RDC,0
Zambia,Truck,From RDC,0
Côte d'Ivoire,Air,From RDC,0
Uganda,Air,From RDC,0
Côte d'Ivoire,Air,From RDC,0
Nigeria,Air Charter,From RDC,0
Nigeria,Air Charter,From RDC,0
Nigeria,Air Charter,From RDC,0
Nigeria,Air Charter,From RDC,0
Nigeria,Air Charter,From RDC,0
Zambia,Truck,From RDC,0
Mozambique,Truck,From RDC,0
Ghana,Truck,From RDC,-49
Ghana,Truck,From RDC,-49
Haiti,Air,From RDC,0
Ethiopia,Air,From RDC,0
Kenya,Air,Direct Drop,3
Vietnam,Air,Direct Drop,0
Zambia,Air,Direct Drop,0
Haiti,Air,Direct Drop,0
South Sudan,Air,Direct Drop,0
Mozambique,Air,Direct Drop,0
Burundi,Air,Direct Drop,0
Burundi,Air,Direct Drop,0
Haiti,Air,Direct Drop,0
Vietnam,Air,Direct Drop,0
South Africa,Ocean,Direct Drop,43
South Africa,Truck,Direct Drop,0
South Africa,Truck,Direct Drop,0
Vietnam,Air,Direct Drop,-2
Vietnam,Air,Direct Drop,0
South Africa,Truck,Direct Drop,0
Nigeria,Air,Direct Drop,1
Dominican Republic,Air,Direct Drop,0
Mozambique,Air,Direct Drop,-12
South Africa,Air,Direct Drop,0
Côte d'Ivoire,Air,Direct Drop,0
South Africa,Truck,Direct Drop,0
Vietnam,Air,Direct Drop,0
Vietnam,Air,Direct Drop,0
Rwanda,Air,Direct Drop,0
Côte d'Ivoire,Air,Direct Drop,0
Malawi,Ocean,Direct Drop,0
Mozambique,Air,Direct Drop,0
South Africa,Truck,Direct Drop,0
Haiti,Ocean,Direct Drop,0
Côte d'Ivoire,Air,Direct Drop,0
"Congo, DRC",Air,Direct Drop,0
Vietnam,Air,Direct Drop,0
South Africa,Truck,Direct Drop,0
South Sudan,Air,Direct Drop,0
Swaziland,Air,Direct Drop,0
Uganda,Air,Direct Drop,0
"Congo, DRC",Air,Direct Drop,0
Vietnam,Air,Direct Drop,0
Dominican Republic,Air,Direct Drop,0
Mozambique,Air,Direct Drop,0
"Congo, DRC",Air,Direct Drop,0
Haiti,Ocean,Direct Drop,0
Côte d'Ivoire,Air,Direct Drop,0
Vietnam,Air,Direct Drop,0
Vietnam,Air,Direct Drop,0
Nigeria,Air,Direct Drop,0
Zimbabwe,Air,Direct Drop,0
Rwanda,Air,Direct Drop,0
"Congo, DRC",Air,Direct Drop,0
South Africa,Truck,Direct Drop,0
Burundi,Air,Direct Drop,0
Haiti,Air,Direct Drop,0
Uganda,Air,Direct Drop,0
Kenya,Air,Direct Drop,0
South Africa,Truck,Direct Drop,0
Cameroon,Air,Direct Drop,0
Tanzania,Air,Direct Drop,0
Vietnam,Air,Direct Drop,0
Cameroon,Air,Direct Drop,0
South Africa,Air,Direct Drop,104
Zambia,Air,Direct Drop,0
South Sudan,Air,Direct Drop,0
Vietnam,Air,Direct Drop,0
Haiti,Air,Direct Drop,0
Vietnam,Air,Direct Drop,0
Haiti,Air,Direct Drop,0
South Africa,Truck,Direct Drop,0
Vietnam,Air,Direct Drop,0
Tanzania,Air,Direct Drop,0
Burundi,Air,Direct Drop,0
Tanzania,Air,Direct Drop,30
Zambia,Air,Direct Drop,0
Benin,Air,Direct Drop,0
South Africa,Truck,Direct Drop,0
Côte d'Ivoire,Air,Direct Drop,0
Rwanda,Air,Direct Drop,0
South Sudan,Air,Direct Drop,0
Mozambique,Air,Direct Drop,0
Uganda,Air,Direct Drop,0
Vietnam,Air,Direct Drop,0
Ethiopia,Air,Direct Drop,0
Tanzania,Air,Direct Drop,0
Côte d'Ivoire,Air,Direct Drop,0
Tanzania,Air,Direct Drop,0
Vietnam,Air,Direct Drop,0
Dominican Republic,Air,Direct Drop,0
Vietnam,Air,Direct Drop,0
Nigeria,Air,Direct Drop,0
South Africa,Truck,Direct Drop,0
Tanzania,Air,Direct Drop,0
South Africa,Ocean,Direct Drop,0
South Africa,Ocean,Direct Drop,0
Nigeria,Air,Direct Drop,0
South Africa,Truck,Direct Drop,0
Rwanda,Air,Direct Drop,0
South Africa,Truck,Direct Drop,0
South Africa,Truck,Direct Drop,0
South Africa,Air,Direct Drop,0
South Africa,Ocean,Direct Drop,-24
Zimbabwe,Air,Direct Drop,0
South Africa,Air,Direct Drop,192
South Africa,Truck,Direct Drop,0
Nigeria,Air,Direct Drop,-1
Haiti,Ocean,Direct Drop,0
Haiti,Ocean,Direct Drop,0
South Africa,Truck,Direct Drop,0
Zambia,Air,Direct Drop,0
Haiti,Air,Direct Drop,0
Côte d'Ivoire,Air,Direct Drop,0
Haiti,Air,Direct Drop,0
South Africa,Ocean,Direct Drop,0
Côte d'Ivoire,Air,Direct Drop,0
Rwanda,Air,Direct Drop,0
Rwanda,Air,Direct Drop,0
Pakistan,Air,Direct Drop,0
"Congo, DRC",Air,Direct Drop,0
Vietnam,Air,Direct Drop,0
South Africa,Air,Direct Drop,0
South Africa,Truck,Direct Drop,0
Rwanda,Air,Direct Drop,0
Tanzania,Air,Direct Drop,0
Uganda,Air,Direct Drop,0
Haiti,Air,Direct Drop,0
South Sudan,Air,Direct Drop,0
South Africa,Truck,Direct Drop,0
Nigeria,Air,Direct Drop,0
Rwanda,Air,Direct Drop,0
South Africa,Ocean,Direct Drop,0
South Africa,Truck,Direct Drop,0
Guyana,Air,Direct Drop,0
"Congo, DRC",Air,Direct Drop,0
Zambia,Air,Direct Drop,0
South Africa,Air,Direct Drop,0
Vietnam,Air,Direct Drop,0
South Africa,Ocean,Direct Drop,64
Guyana,Air,Direct Drop,0
Haiti,Air,Direct Drop,0
South Africa,Truck,Direct Drop,0
Vietnam,Air,Direct Drop,0
Nigeria,Air,Direct Drop,0
South Africa,Truck,Direct Drop,0
Vietnam,Air,Direct Drop,0
Sudan,Air,Direct Drop,0
Vietnam,Air,Direct Drop,0
Mali,Air,Direct Drop,0
Nigeria,Air,Direct Drop,0
Rwanda,Air,Direct Drop,0
Côte d'Ivoire,Air,Direct Drop,0
Haiti,Ocean,Direct Drop,0
Tanzania,Air,Direct Drop,0
South Africa,Air,Direct Drop,-2
Zimbabwe,Air,Direct Drop,0
South Africa,Truck,Direct Drop,0
Mozambique,Air,Direct Drop,0
Rwanda,Air,Direct Drop,0
Nigeria,Air,Direct Drop,0
Cameroon,Air,Direct Drop,0
Cameroon,Air,Direct Drop,8
South Africa,Air,Direct Drop,0
Ethiopia,Air,Direct Drop,0
Rwanda,Air,Direct Drop,0
Nigeria,Air,Direct Drop,0
Vietnam,Air,Direct Drop,0
"Congo, DRC",Air,Direct Drop,0
Vietnam,Air,Direct Drop,0
Tanzania,Air,Direct Drop,0
South Sudan,Air,Direct Drop,0
South Africa,Truck,Direct Drop,0
Mali,Air,Direct Drop,0
Mozambique,Air,Direct Drop,0
South Africa,Truck,Direct Drop,0
Tanzania,Air,Direct Drop,0
Rwanda,Air,Direct Drop,2
Rwanda,Ocean,Direct Drop,0
Vietnam,Air,Direct Drop,0
South Africa,Truck,Direct Drop,25
Zambia,Air,Direct Drop,0
Ethiopia,Air,Direct Drop,0
South Africa,Ocean,Direct Drop,0
Haiti,Air,Direct Drop,0
Tanzania,Air,Direct Drop,0
Côte d'Ivoire,Air,Direct Drop,0
Vietnam,Air,Direct Drop,0
Nigeria,Air,Direct Drop,48
South Africa,Truck,Direct Drop,0
Haiti,Air,Direct Drop,0
Tanzania,Air,Direct Drop,0
Haiti,Ocean,Direct Drop,0
South Africa,Ocean,Direct Drop,91
Ethiopia,Air,Direct Drop,0
Tanzania,Air,Direct Drop,0
Vietnam,Air,Direct Drop,0
Burundi,Air,Direct Drop,0
Tanzania,Air,Direct Drop,0
Haiti,Air,Direct Drop,0
Ethiopia,Air,Direct Drop,0
Kenya,Air,Direct Drop,0
Ethiopia,Air,Direct Drop,0
Dominican Republic,Air,Direct Drop,0
South Africa,Truck,Direct Drop,0
South Sudan,Air,Direct Drop,5
Rwanda,Ocean,Direct Drop,0
South Africa,Truck,Direct Drop,0
Tanzania,Air,Direct Drop,0
Tanzania,Air,Direct Drop,0
South Africa,Ocean,Direct Drop,15
Haiti,Ocean,Direct Drop,0
South Africa,Truck,Direct Drop,0
Rwanda,Air,Direct Drop,0
Zambia,Air,Direct Drop,0
Vietnam,Air,Direct Drop,0
Kenya,Air,Direct Drop,0
Kenya,Air,Direct Drop,0
Zambia,Air,Direct Drop,0
Vietnam,Air,Direct Drop,0
Rwanda,Air,Direct Drop,0
Vietnam,Air,Direct Drop,0
Rwanda,Air,Direct Drop,0
Uganda,Air,Direct Drop,0
Vietnam,Air,Direct Drop,0
Côte d'Ivoire,Air,Direct Drop,0
Haiti,Ocean,Direct Drop,0
Vietnam,Air,Direct Drop,0
Vietnam,Air,Direct Drop,0
Nigeria,Air,Direct Drop,0
South Africa,Truck,Direct Drop,0
Vietnam,Air,Direct Drop,0
Tanzania,Air,Direct Drop,2
Mozambique,Air,Direct Drop,0
Côte d'Ivoire,Air,Direct Drop,0
Zambia,Air,Direct Drop,7
Côte d'Ivoire,Air,Direct Drop,0
Vietnam,Air,Direct Drop,0
Tanzania,Air,Direct Drop,-4
Pakistan,Air,Direct Drop,0
Haiti,Air,Direct Drop,0
Rwanda,Air,Direct Drop,0
Haiti,Air,Direct Drop,0
Vietnam,Air,Direct Drop,0
South Africa,Ocean,Direct Drop,0
"Congo, DRC",Air,Direct Drop,0
Zambia,Air,Direct Drop,0
Tanzania,Air,Direct Drop,0
South Africa,Truck,Direct Drop,0
Rwanda,Air,Direct Drop,0
South Africa,Truck,Direct Drop,0
Mozambique,Air,Direct Drop,0
Côte d'Ivoire,Air,Direct Drop,0
Vietnam,Air,Direct Drop,0
Tanzania,Air,Direct Drop,0
Mozambique,Air,Direct Drop,0
South Africa,Ocean,Direct Drop,0
South Africa,Truck,Direct Drop,0
Vietnam,Air,Direct Drop,0
Mali,Air,Direct Drop,0
Guyana,Air,Direct Drop,0
South Africa,Truck,Direct Drop,0
Zambia,Air,Direct Drop,0
Haiti,Air,Direct Drop,0
Mozambique,Air,Direct Drop,0
Nigeria,Air,Direct Drop,14
Sudan,Air,Direct Drop,0
South Africa,Truck,Direct Drop,0
Vietnam,Air,Direct Drop,0
South Africa,Truck,Direct Drop,0
South Africa,Truck,Direct Drop,0
Namibia,Air,Direct Drop,0
South Africa,Truck,Direct Drop,0
South Africa,Air,Direct Drop,10
South Africa,Ocean,Direct Drop,0
"Congo, DRC",Air,Direct Drop,0
South Africa,Air,Direct Drop,0
South Africa,Truck,Direct Drop,0
South Africa,Truck,Direct Drop,0
South Africa,Truck,Direct Drop,0
South Africa,Ocean,Direct Drop,0
Sudan,Air,Direct Drop,0
South Africa,Truck,Direct Drop,0
Vietnam,Air,Direct Drop,0
Vietnam,Air,Direct Drop,0
Burundi,Air,Direct Drop,0
Mozambique,Air,Direct Drop,0
Zimbabwe,Air,Direct Drop,0
Cameroon,Air,Direct Drop,0
Haiti,Ocean,Direct Drop,0
Vietnam,Air,Direct Drop,0
Haiti,Ocean,Direct Drop,0
"Congo, DRC",Air,Direct Drop,0
Haiti,Air,Direct Drop,0
Zambia,Air,Direct Drop,0
Ethiopia,Air,Direct Drop,0
Ethiopia,Air,Direct Drop,0
Vietnam,Air,Direct Drop,0
South Africa,Ocean,Direct Drop,-80
South Africa,Truck,Direct Drop,0
Tanzania,Air,Direct Drop,0
Ghana,Air,Direct Drop,0
Vietnam,Air,Direct Drop,0
Sudan,Air,Direct Drop,0
Burundi,Air,Direct Drop,0
Vietnam,Air,Direct Drop,0
Vietnam,Air,Direct Drop,0
Haiti,Ocean,Direct Drop,0
Tanzania,Air,Direct Drop,0
Zimbabwe,Air Charter,Direct Drop,0
Guatemala,Air,Direct Drop,0
South Africa,Truck,Direct Drop,0
Côte d'Ivoire,Air,Direct Drop,0
Haiti,Air,Direct Drop,0
Botswana,Air,Direct Drop,0
"Congo, DRC",Air,Direct Drop,0
Tanzania,Air,Direct Drop,0
Tanzania,Air,Direct Drop,0
South Africa,Truck,Direct Drop,0
Guyana,Air,Direct Drop,0
South Africa,Air,Direct Drop,27
Mozambique,Air,Direct Drop,0
South Sudan,Air,Direct Drop,0
South Sudan,Air,Direct Drop,0
Haiti,Air,Direct Drop,0
Rwanda,Air,Direct Drop,0
Vietnam,Air,Direct Drop,0
South Africa,Truck,Direct Drop,0
South Sudan,Air,Direct Drop,5
Côte d'Ivoire,Air,Direct Drop,0
South Africa,Truck,Direct Drop,0
South Africa,Truck,Direct Drop,0
Mozambique,Air,Direct Drop,0
"Congo, DRC",Air,Direct Drop,0
Tanzania,Air,Direct Drop,0
Côte d'Ivoire,Air,Direct Drop,0
Tanzania,Air,Direct Drop,0
"Congo, DRC",Air,Direct Drop,0
South Africa,Truck,Direct Drop,0
Haiti,Air,Direct Drop,0
Mozambique,Air,Direct Drop,0
Sudan,Air,Direct Drop,0
Guyana,Air,Direct Drop,0
South Africa,Truck,Direct Drop,0
Mali,Air,Direct Drop,0
Zimbabwe,Air,Direct Drop,0
Tanzania,Air,Direct Drop,-1
Vietnam,Air,Direct Drop,0
Nigeria,Air,Direct Drop,0
Côte d'Ivoire,Air,Direct Drop,0
Nigeria,Air,Direct Drop,0
Vietnam,Air,Direct Drop,0
South Africa,Truck,Direct Drop,0
Tanzania,Air,Direct Drop,0
Côte d'Ivoire,Air,Direct Drop,0
Mozambique,Air,Direct Drop,0
Vietnam,Air,Direct Drop,0
South Africa,Ocean,Direct Drop,0
South Africa,Ocean,Direct Drop,0
South Africa,Truck,Direct Drop,0
Zambia,Air,Direct Drop,0
South Africa,Truck,Direct Drop,0
Guyana,Air,Direct Drop,0
"Congo, DRC",Air,Direct Drop,0
Vietnam,Air,Direct Drop,0
Vietnam,Air,Direct Drop,0
South Africa,Ocean,Direct Drop,12
Vietnam,Air,Direct Drop,0
Uganda,Air,Direct Drop,2
South Africa,Truck,Direct Drop,0
South Africa,Truck,Direct Drop,0
South Africa,Ocean,Direct Drop,0
Vietnam,Air,Direct Drop,0
Haiti,Air,Direct Drop,0
Vietnam,Air,Direct Drop,0
Kenya,Air,Direct Drop,0
South Africa,Truck,Direct Drop,0
South Africa,Truck,Direct Drop,0
Namibia,Air,Direct Drop,0
South Africa,Truck,Direct Drop,0
Nigeria,Air,Direct Drop,1
Uganda,Air,Direct Drop,0
Mozambique,Air,Direct Drop,1
South Sudan,Air,Direct Drop,0
Vietnam,Air,Direct Drop,0
"Congo, DRC",Air,Direct Drop,0
Rwanda,Air,Direct Drop,0
Swaziland,Air,Direct Drop,0
Rwanda,Air,Direct Drop,0
Uganda,Air,Direct Drop,0
Vietnam,Air,Direct Drop,-7
Nigeria,Air,Direct Drop,0
South Africa,Truck,Direct Drop,0
Zambia,Air,Direct Drop,0
Zambia,Air,Direct Drop,0
Vietnam,Air,Direct Drop,0
Vietnam,Air,Direct Drop,0
Vietnam,Air,Direct Drop,0
Haiti,Ocean,Direct Drop,0
South Africa,Truck,Direct Drop,0
South Africa,Truck,Direct Drop,0
South Africa,Ocean,Direct Drop,24
"Congo, DRC",Air,Direct Drop,0
Côte d'Ivoire,Air,Direct Drop,0
Vietnam,Air,Direct Drop,0
Rwanda,Air,Direct Drop,0
Uganda,Air,Direct Drop,0
"Congo, DRC",Air,Direct Drop,0
Ghana,Air,Direct Drop,0
Tanzania,Air,Direct Drop,0
South Africa,Truck,Direct Drop,0
Mozambique,Air,Direct Drop,0
Nigeria,Air,Direct Drop,0
Uganda,Air,Direct Drop,2
South Africa,Ocean,Direct Drop,7
South Africa,Truck,Direct Drop,0
Zimbabwe,Air,Direct Drop,0
Vietnam,Air,Direct Drop,0
South Africa,Truck,Direct Drop,0
Rwanda,Ocean,Direct Drop,0
Uganda,Air,Direct Drop,0
South Africa,Truck,Direct Drop,0
Cameroon,Air,Direct Drop,0
Vietnam,Air,Direct Drop,0
Tanzania,Air,Direct Drop,0
Haiti,Air,Direct Drop,0
South Africa,Truck,Direct Drop,0
South Africa,Truck,Direct Drop,0
South Africa,Truck,Direct Drop,0
Vietnam,Air,Direct Drop,0
Rwanda,Air,Direct Drop,49
South Africa,Truck,Direct Drop,0
Haiti,Air,Direct Drop,0
South Africa,Truck,Direct Drop,0
Zambia,Air,Direct Drop,0
Uganda,Air,Direct Drop,0
Vietnam,Air,Direct Drop,0
Rwanda,Air,Direct Drop,0
Mozambique,Air,Direct Drop,0
Kenya,Air,Direct Drop,0
Haiti,Ocean,Direct Drop,0
South Africa,Air,Direct Drop,38
South Sudan,Air,Direct Drop,0
Tanzania,Air,Direct Drop,0
Guatemala,Air,Direct Drop,0
Nigeria,Air,Direct Drop,0
Côte d'Ivoire,Air,Direct Drop,0
South Africa,Truck,Direct Drop,0
Kenya,Air,Direct Drop,2
Haiti,Air,Direct Drop,0
Tanzania,Air,Direct Drop,0
Tanzania,Air,Direct Drop,0
South Africa,Ocean,Direct Drop,53
"Congo, DRC",Air,Direct Drop,0
Tanzania,Air,Direct Drop,0
South Africa,Truck,Direct Drop,0
South Africa,Truck,Direct Drop,0
Uganda,Air,Direct Drop,2
Zambia,Air,Direct Drop,4
Vietnam,Air,Direct Drop,0
South Africa,Truck,Direct Drop,0
Uganda,Air,Direct Drop,0
South Sudan,Air,Direct Drop,5
South Africa,Truck,Direct Drop,0
Vietnam,Air,Direct Drop,-7
Uganda,Air,Direct Drop,0
Burundi,Air,Direct Drop,0
South Africa,Truck,Direct Drop,0
Pakistan,Air,Direct Drop,0
South Africa,Truck,Direct Drop,0
Vietnam,Air,Direct Drop,0
Zimbabwe,Air,Direct Drop,0
Tanzania,Ocean,Direct Drop,0
Côte d'Ivoire,Air,Direct Drop,0
"Congo, DRC",Truck,Direct Drop,0
Vietnam,Air,Direct Drop,0
Côte d'Ivoire,Air,Direct Drop,0
South Africa,Ocean,Direct Drop,0
Zambia,Air,Direct Drop,0
Vietnam,Air,Direct Drop,0
Vietnam,Air,Direct Drop,0
Vietnam,Air,Direct Drop,0
Cameroon,Air,Direct Drop,0
Guyana,Air,Direct Drop,0
Vietnam,Air,Direct Drop,0
South Africa,Truck,Direct Drop,0
Vietnam,Air,Direct Drop,0
Uganda,Air,Direct Drop,0
South Africa,Truck,Direct Drop,0
South Africa,Ocean,Direct Drop,0
Tanzania,Air,Direct Drop,0
Vietnam,Air,Direct Drop,0
Ethiopia,Air,Direct Drop,0
South Africa,Truck,Direct Drop,0
South Sudan,Air,Direct Drop,0
South Africa,Truck,Direct Drop,0
South Africa,Truck,Direct Drop,0
Haiti,Ocean,Direct Drop,0
Rwanda,Air,Direct Drop,0
Haiti,Ocean,Direct Drop,0
South Africa,Truck,Direct Drop,0
Uganda,Air,Direct Drop,0
Vietnam,Air,Direct Drop,0
Mozambique,Air,Direct Drop,0
South Africa,Ocean,Direct Drop,-6
Dominican Republic,Air,Direct Drop,0
Nigeria,Air,Direct Drop,0
Haiti,Ocean,Direct Drop,0
South Africa,Truck,Direct Drop,0
Vietnam,Air,Direct Drop,0
Nigeria,Air,Direct Drop,0
Vietnam,Air,Direct Drop,0
South Africa,Truck,Direct Drop,0
"Congo, DRC",Air,Direct Drop,0
South Africa,Ocean,Direct Drop,0
South Africa,Truck,Direct Drop,0
South Africa,Truck,Direct Drop,0
Zambia,Air,Direct Drop,4
South Africa,Ocean,Direct Drop,-6
Vietnam,Air,Direct Drop,0
Haiti,Air,Direct Drop,0
South Africa,Truck,Direct Drop,0
South Africa,Ocean,Direct Drop,0
Nigeria,Air,Direct Drop,0
Rwanda,Air,Direct Drop,0
Mozambique,Air,Direct Drop,0
South Africa,Ocean,Direct Drop,24
Haiti,Air,Direct Drop,0
Zambia,Air,Direct Drop,0
Namibia,Air,Direct Drop,0
Zambia,Air,Direct Drop,0
South Africa,Truck,Direct Drop,0
Vietnam,Air,Direct Drop,0
Côte d'Ivoire,Ocean,Direct Drop,0
South Sudan,Air,Direct Drop,0
"Congo, DRC",Air,Direct Drop,0
South Africa,Ocean,Direct Drop,0
Namibia,Air,Direct Drop,0
Rwanda,Air,Direct Drop,0
Haiti,Air,Direct Drop,0
Nigeria,Air,Direct Drop,17
Zimbabwe,Air,Direct Drop,0
Uganda,Air,Direct Drop,0
Guyana,Air,Direct Drop,0
Sudan,Air,Direct Drop,0
Namibia,Air,Direct Drop,0
Vietnam,Air,Direct Drop,0
South Africa,Truck,Direct Drop,0
"Congo, DRC",Air,Direct Drop,0
South Africa,Ocean,Direct Drop,0
Haiti,Air,Direct Drop,0
Vietnam,Air,Direct Drop,0
South Africa,Air,Direct Drop,0
Rwanda,Air,Direct Drop,0
Vietnam,Air,Direct Drop,0
Rwanda,Ocean,Direct Drop,0
South Africa,Truck,Direct Drop,0
Vietnam,Air,Direct Drop,-3
South Africa,Truck,Direct Drop,0
Nigeria,Air,Direct Drop,-3
Namibia,Air,Direct Drop,0
South Africa,Ocean,Direct Drop,0
Côte d'Ivoire,Air,Direct Drop,0
Tanzania,Air,Direct Drop,0
Malawi,Air,Direct Drop,0
South Sudan,Air,Direct Drop,0
South Africa,Truck,Direct Drop,0
Vietnam,Air,Direct Drop,0
South Africa,Truck,Direct Drop,0
South Sudan,Air,Direct Drop,5
Vietnam,Air,Direct Drop,-14
Vietnam,Air,Direct Drop,0
Haiti,Ocean,Direct Drop,0
Vietnam,Air,Direct Drop,0
Haiti,Air,Direct Drop,0
Tanzania,Ocean,Direct Drop,0
South Africa,Truck,Direct Drop,0
South Africa,Ocean,Direct Drop,0
Haiti,Ocean,Direct Drop,0
South Africa,Truck,Direct Drop,0
South Africa,Air,Direct Drop,0
South Africa,Air,Direct Drop,87
Rwanda,Air,Direct Drop,0
Nigeria,Air,Direct Drop,0
Rwanda,Air,Direct Drop,0
Zimbabwe,Air,Direct Drop,0
Haiti,Air,Direct Drop,0
Zimbabwe,Air,Direct Drop,0
South Africa,Truck,Direct Drop,0
South Sudan,Air,Direct Drop,0
Côte d'Ivoire,Air,Direct Drop,0
Zimbabwe,Air,Direct Drop,0
Rwanda,Air,Direct Drop,0
South Africa,Ocean,Direct Drop,0
South Sudan,Air,Direct Drop,0
South Africa,Truck,Direct Drop,0
Côte d'Ivoire,Air,Direct Drop,0
South Africa,Truck,Direct Drop,1
Nigeria,Air,Direct Drop,0
Uganda,Air,Direct Drop,0
South Africa,Truck,Direct Drop,0
Vietnam,Air,Direct Drop,0
South Africa,Truck,Direct Drop,0
Vietnam,Air,Direct Drop,0
Botswana,Air,Direct Drop,0
South Africa,Ocean,Direct Drop,0
South Africa,Truck,Direct Drop,0
Tanzania,Air,Direct Drop,0
Namibia,Air,Direct Drop,0
Botswana,Air,Direct Drop,0
South Africa,Truck,Direct Drop,0
Haiti,Air,Direct Drop,0
South Africa,Truck,Direct Drop,0
Vietnam,Air,Direct Drop,0
Côte d'Ivoire,Ocean,Direct Drop,0
Vietnam,Air,Direct Drop,0
South Africa,Ocean,Direct Drop,0
Vietnam,Air,Direct Drop,0
South Africa,Truck,Direct Drop,0
Dominican Republic,Truck,Direct Drop,0
Kenya,Air,Direct Drop,0
Nigeria,Air,Direct Drop,70
"Congo, DRC",Air,Direct Drop,0
Tanzania,Air,Direct Drop,0
Tanzania,Air,Direct Drop,0
Rwanda,Air,Direct Drop,0
Tanzania,Air,Direct Drop,0
Kenya,Air,Direct Drop,0
South Africa,Truck,Direct Drop,0
Zimbabwe,Air,Direct Drop,0
Sudan,Air,Direct Drop,0
Haiti,Air,Direct Drop,0
South Africa,Ocean,Direct Drop,31
Kenya,Air,Direct Drop,0
Ethiopia,Air,Direct Drop,0
South Africa,Air,Direct Drop,27
Zimbabwe,Air,Direct Drop,0
South Africa,Truck,Direct Drop,0
"Congo, DRC",Air,Direct Drop,0
South Africa,Truck,Direct Drop,0
South Africa,Air,Direct Drop,0
Vietnam,Air,Direct Drop,0
Tanzania,Air,Direct Drop,0
Ethiopia,Air,Direct Drop,0
Haiti,Air,Direct Drop,0
Rwanda,Air,Direct Drop,0
Uganda,Air,Direct Drop,0
Nigeria,Air,Direct Drop,0
Zambia,Air,Direct Drop,0
South Africa,Truck,Direct Drop,0
South Africa,Truck,Direct Drop,0
Uganda,Air,Direct Drop,0
South Africa,Truck,Direct Drop,0
Rwanda,Air,Direct Drop,0
Kenya,Air,Direct Drop,0
Guyana,Air,Direct Drop,0
Namibia,Air,Direct Drop,0
South Africa,Truck,Direct Drop,0
Vietnam,Air,Direct Drop,0
Haiti,Air,Direct Drop,0
Côte d'Ivoire,Air,Direct Drop,0
Tanzania,Air,Direct Drop,-2
Haiti,Air,Direct Drop,0
South Africa,Truck,Direct Drop,0
South Africa,Truck,Direct Drop,0
Vietnam,Air,Direct Drop,0
Guyana,Air,Direct Drop,0
Tanzania,Air,Direct Drop,0
South Africa,Truck,Direct Drop,0
South Africa,Air,Direct Drop,0
Vietnam,Air,Direct Drop,0
Vietnam,Air,Direct Drop,0
Vietnam,Air,Direct Drop,0
Zambia,Air,Direct Drop,0
Uganda,Air,Direct Drop,0
Nigeria,Air,Direct Drop,0
South Africa,Truck,Direct Drop,0
Rwanda,Ocean,Direct Drop,0
Haiti,Air,Direct Drop,0
Namibia,Air,Direct Drop,0
Vietnam,Air,Direct Drop,0
Rwanda,Air,Direct Drop,0
South Africa,Truck,Direct Drop,0
South Africa,Ocean,Direct Drop,0
Mozambique,Air,Direct Drop,0
Côte d'Ivoire,Air,Direct Drop,0
Swaziland,Air,Direct Drop,0
Ethiopia,Air,Direct Drop,0
Tanzania,Air,Direct Drop,0
South Africa,Truck,Direct Drop,0
South Africa,Truck,Direct Drop,0
South Africa,Truck,Direct Drop,0
Vietnam,Air,Direct Drop,0
Nigeria,Air,Direct Drop,19
South Africa,Ocean,Direct Drop,0
Uganda,Air,Direct Drop,0
Rwanda,Air,Direct Drop,0
South Africa,Truck,Direct Drop,0
Vietnam,Air,Direct Drop,0
South Africa,Truck,Direct Drop,0
Guyana,Air,Direct Drop,0
Cameroon,Air,Direct Drop,0
Mozambique,Ocean,Direct Drop,0
Uganda,Air,Direct Drop,0
South Africa,Truck,Direct Drop,0
Uganda,Air,Direct Drop,0
Togo,Air,Direct Drop,0
South Africa,Ocean,Direct Drop,55
Vietnam,Air,Direct Drop,0
Nigeria,Air,Direct Drop,0
South Africa,Truck,Direct Drop,0
South Africa,Truck,Direct Drop,0
Uganda,Air,Direct Drop,0
Zimbabwe,Air Charter,Direct Drop,0
Guyana,Air,Direct Drop,0
South Africa,Truck,Direct Drop,0
Haiti,Air,Direct Drop,0
Rwanda,Air,Direct Drop,0
Haiti,Air,Direct Drop,0
South Africa,Air,Direct Drop,0
Vietnam,Air,Direct Drop,0
Malawi,Air,Direct Drop,0
Vietnam,Air,Direct Drop,0
Vietnam,Air,Direct Drop,0
Vietnam,Air,Direct Drop,0
Mozambique,Air,Direct Drop,0
South Africa,Ocean,Direct Drop,27
South Africa,Air,Direct Drop,106
Tanzania,Air,Direct Drop,0
Nigeria,Air,Direct Drop,0
Vietnam,Air,Direct Drop,0
South Sudan,Air,Direct Drop,5
Vietnam,Air,Direct Drop,0
Haiti,Ocean,Direct Drop,0
Côte d'Ivoire,Air,Direct Drop,0
Cameroon,Air,Direct Drop,0
Nigeria,Air,Direct Drop,-1
Sudan,Air,Direct Drop,0
South Sudan,Air,Direct Drop,0
"Congo, DRC",Air,Direct Drop,0
South Africa,Truck,Direct Drop,0
Rwanda,Air,Direct Drop,0
Rwanda,Air,Direct Drop,0
Rwanda,Air,Direct Drop,0
South Africa,Truck,Direct Drop,0
South Africa,Truck,Direct Drop,0
Zambia,Air,Direct Drop,0
Rwanda,Air,Direct Drop,0
Tanzania,Air,Direct Drop,0
Vietnam,Air,Direct Drop,0
South Africa,Truck,Direct Drop,0
Kenya,Air,Direct Drop,0
Burundi,Air,Direct Drop,0
Zimbabwe,Air,Direct Drop,0
South Africa,Truck,Direct Drop,0
South Africa,Truck,Direct Drop,0
South Sudan,Air,Direct Drop,0
Kenya,Air,Direct Drop,0
Namibia,Air,Direct Drop,0
South Africa,Truck,Direct Drop,0
Zambia,Air,Direct Drop,0
Nigeria,Air,Direct Drop,0
Mali,Air,Direct Drop,0
Nigeria,Air,Direct Drop,0
Botswana,Air,Direct Drop,0
South Africa,Truck,Direct Drop,0
South Africa,Truck,Direct Drop,0
South Africa,Air,Direct Drop,3
Vietnam,Air,Direct Drop,0
Uganda,Air,Direct Drop,0
South Sudan,Air,Direct Drop,0
South Africa,Truck,Direct Drop,0
Botswana,Air,Direct Drop,0
Vietnam,Air,Direct Drop,0
South Sudan,Air,Direct Drop,0
South Africa,Truck,Direct Drop,1
South Africa,Truck,Direct Drop,0
Nigeria,Air,Direct Drop,-5
Tanzania,Air,Direct Drop,0
South Africa,Air,Direct Drop,47
Mozambique,Air,Direct Drop,0
Sudan,Air,Direct Drop,0
South Africa,Ocean,Direct Drop,64
South Africa,Ocean,Direct Drop,63
Cameroon,Air,Direct Drop,0
Haiti,Air,Direct Drop,0
Ethiopia,Air,Direct Drop,0
South Africa,Truck,Direct Drop,0
Haiti,Air,Direct Drop,0
Uganda,Air,Direct Drop,0
Vietnam,Air,Direct Drop,0
South Africa,Truck,Direct Drop,0
Côte d'Ivoire,Air,Direct Drop,0
South Africa,Air,Direct Drop,10
Ghana,Air,Direct Drop,0
Nigeria,Air,Direct Drop,0
Uganda,Air,Direct Drop,0
Nigeria,Air,Direct Drop,-4
Haiti,Air,Direct Drop,0
South Africa,Ocean,Direct Drop,0
South Africa,Truck,Direct Drop,0
South Africa,Air,Direct Drop,0
Rwanda,Air,Direct Drop,0
Haiti,Air,Direct Drop,0
Sudan,Air,Direct Drop,0
Vietnam,Air,Direct Drop,0
Rwanda,Air,Direct Drop,0
Guyana,Air,Direct Drop,0
Rwanda,Air,Direct Drop,0
Nigeria,Air,Direct Drop,6
Zambia,Air,Direct Drop,0
Tanzania,Air,Direct Drop,0
South Africa,Truck,Direct Drop,0
Vietnam,Air,Direct Drop,0
South Africa,Truck,Direct Drop,0
Guyana,Air,Direct Drop,0
Sudan,Air,Direct Drop,0
South Africa,Truck,Direct Drop,0
South Africa,Ocean,Direct Drop,0
Kenya,Air,Direct Drop,0
South Sudan,Air,Direct Drop,0
Rwanda,Air,Direct Drop,0
"Congo, DRC",Air,Direct Drop,0
Rwanda,Air,Direct Drop,0
Ghana,Air,Direct Drop,0
Uganda,Air,Direct Drop,0
Sudan,Air,Direct Drop,0
Haiti,Air,Direct Drop,0
Côte d'Ivoire,Air,Direct Drop,0
Uganda,Air,Direct Drop,0
Ethiopia,Air,Direct Drop,0
South Africa,Truck,Direct Drop,0
Ethiopia,Air,Direct Drop,0
Haiti,Air,Direct Drop,0
Uganda,Air,Direct Drop,0
South Sudan,Air,Direct Drop,0
Vietnam,Air,Direct Drop,0
Uganda,Air,Direct Drop,0
Vietnam,Air,Direct Drop,0
Tanzania,Air,Direct Drop,0
South Africa,Truck,Direct Drop,0
Zambia,Air,Direct Drop,0
Angola,Air,Direct Drop,0
Haiti,Air,Direct Drop,0
South Africa,Truck,Direct Drop,0
Nigeria,Air,Direct Drop,48
Vietnam,Air,Direct Drop,0
Guyana,Air,Direct Drop,0
Vietnam,Air,Direct Drop,0
South Africa,Truck,Direct Drop,0
South Africa,Truck,Direct Drop,0
South Africa,Truck,Direct Drop,0
South Africa,Ocean,Direct Drop,0
South Africa,Ocean,Direct Drop,0
Rwanda,Air,Direct Drop,0
South Africa,Ocean,Direct Drop,0
Tanzania,Air,Direct Drop,0
Mozambique,Air,Direct Drop,0
South Africa,Truck,Direct Drop,0
Zimbabwe,Air,Direct Drop,0
Vietnam,Air,Direct Drop,0
South Africa,Ocean,Direct Drop,0
Burundi,Air,Direct Drop,0
South Africa,Truck,Direct Drop,0
Cameroon,Air,Direct Drop,0
South Africa,Truck,Direct Drop,0
South Sudan,Air,Direct Drop,0
South Africa,Truck,Direct Drop,0
Dominican Republic,Air,Direct Drop,0
Tanzania,Air,Direct Drop,0
Kenya,Air,Direct Drop,0
Nigeria,Air,Direct Drop,0
Kenya,Air,Direct Drop,0
Tanzania,Air,Direct Drop,3
Nigeria,Air,Direct Drop,0
Nigeria,Air,Direct Drop,3
Nigeria,Air,Direct Drop,0
Vietnam,Air,Direct Drop,0
South Africa,Ocean,Direct Drop,25
Mozambique,Air,Direct Drop,0
Côte d'Ivoire,Air,Direct Drop,0
South Africa,Ocean,Direct Drop,19
Vietnam,Air,Direct Drop,0
Botswana,Air,Direct Drop,0
South Africa,Ocean,Direct Drop,0
Zambia,Air,Direct Drop,0
Tanzania,Air,Direct Drop,0
Vietnam,Air,Direct Drop,0
Haiti,Air,Direct Drop,0
Côte d'Ivoire,Air,Direct Drop,0
Guyana,Air,Direct Drop,0
Mozambique,Air,Direct Drop,0
South Africa,Ocean,Direct Drop,7
Guyana,Air,Direct Drop,0
South Africa,Truck,Direct Drop,0
South Africa,Truck,Direct Drop,0
Mozambique,Air,Direct Drop,0
South Africa,Truck,Direct Drop,0
Haiti,Air,Direct Drop,0
Haiti,Air,Direct Drop,0
Zambia,Air,Direct Drop,0
Ethiopia,Air,Direct Drop,0
Rwanda,Air,Direct Drop,0
South Africa,Ocean,Direct Drop,0
South Africa,Truck,Direct Drop,0
South Africa,Truck,Direct Drop,0
Mali,Air,Direct Drop,0
South Africa,Air,Direct Drop,0
Uganda,Air,Direct Drop,0
Mozambique,Air,Direct Drop,0
Uganda,Air,Direct Drop,0
South Africa,Air,Direct Drop,0
South Africa,Truck,Direct Drop,0
Rwanda,Air,Direct Drop,0
Afghanistan,Air,Direct Drop,0
Vietnam,Air,Direct Drop,0
Dominican Republic,Air,Direct Drop,0
Uganda,Air,Direct Drop,0
Haiti,Ocean,Direct Drop,0
Sudan,Air,Direct Drop,0
Vietnam,Air,Direct Drop,0
South Africa,Truck,Direct Drop,0
Rwanda,Air,Direct Drop,0
Uganda,Air,Direct Drop,0
Vietnam,Air,Direct Drop,0
Haiti,Air,Direct Drop,0
South Africa,Ocean,Direct Drop,0
South Africa,Truck,Direct Drop,0
South Africa,Truck,Direct Drop,0
Swaziland,Air,Direct Drop,0
Zambia,Air,Direct Drop,0
Kenya,Air,Direct Drop,0
Kenya,Air,Direct Drop,0
Tanzania,Air,Direct Drop,0
Vietnam,Air,Direct Drop,0
Vietnam,Air,Direct Drop,0
Swaziland,Air,Direct Drop,0
South Africa,Truck,Direct Drop,0
South Africa,Truck,Direct Drop,0
Vietnam,Air,Direct Drop,0
Vietnam,Air,Direct Drop,0
Haiti,Air,Direct Drop,-1
Rwanda,Ocean,Direct Drop,0
Haiti,Air,Direct Drop,0
Vietnam,Air,Direct Drop,0
Vietnam,Air,Direct Drop,0
"Congo, DRC",Air,Direct Drop,0
Haiti,Ocean,Direct Drop,0
Haiti,Truck,Direct Drop,0
Haiti,Ocean,Direct Drop,0
Vietnam,Air,Direct Drop,0
Haiti,Air,Direct Drop,0
South Africa,Truck,Direct Drop,0
Vietnam,Air,Direct Drop,0
"Congo, DRC",Air,Direct Drop,0
Uganda,Air,Direct Drop,0
South Africa,Ocean,Direct Drop,0
Ghana,Air,Direct Drop,7
Uganda,Air,Direct Drop,0
South Africa,Truck,Direct Drop,0
Haiti,Air,Direct Drop,0
Rwanda,Air,Direct Drop,0
Vietnam,Air,Direct Drop,0
South Africa,Truck,Direct Drop,0
Uganda,Air,Direct Drop,0
Vietnam,Air,Direct Drop,0
Nigeria,Air,Direct Drop,0
Cameroon,Air,Direct Drop,0
South Africa,Truck,Direct Drop,0
South Africa,Truck,Direct Drop,0
Zimbabwe,Air,Direct Drop,0
Uganda,Air,Direct Drop,0
Tanzania,Air,Direct Drop,0
Uganda,Air,Direct Drop,0
Côte d'Ivoire,Air,Direct Drop,0
Vietnam,Air,Direct Drop,0
Rwanda,Air,Direct Drop,0
Rwanda,Air,Direct Drop,0
Haiti,Air,Direct Drop,0
Rwanda,Air,Direct Drop,0
Mozambique,Air,Direct Drop,0
Uganda,Air,Direct Drop,0
South Africa,Truck,Direct Drop,0
Vietnam,Air,Direct Drop,0
Mali,Air,Direct Drop,0
Haiti,Air,Direct Drop,0
South Sudan,Air,Direct Drop,0
Zambia,Air,Direct Drop,0
South Sudan,Air,Direct Drop,0
Haiti,Air,Direct Drop,0
Kenya,Air,Direct Drop,0
South Africa,Truck,Direct Drop,0
Botswana,Air,Direct Drop,0
Zambia,Air,Direct Drop,15
Rwanda,Air,Direct Drop,0
South Africa,Truck,Direct Drop,0
Nigeria,Air,Direct Drop,0
Nigeria,Air,Direct Drop,-7
Cameroon,Air,Direct Drop,0
South Africa,Truck,Direct Drop,0
Zambia,Air,Direct Drop,-10
Zambia,Air,Direct Drop,0
Vietnam,Air,Direct Drop,0
Nigeria,Air,Direct Drop,2
South Africa,Air,Direct Drop,38
South Africa,Truck,Direct Drop,0
South Africa,Truck,Direct Drop,0
Rwanda,Air,Direct Drop,0
South Africa,Truck,Direct Drop,0
South Africa,Truck,Direct Drop,0
Dominican Republic,Air,Direct Drop,0
Zimbabwe,Air,Direct Drop,0
Tanzania,Air,Direct Drop,0
Zimbabwe,Air,Direct Drop,0
Sudan,Air,Direct Drop,0
Vietnam,Air,Direct Drop,3
Rwanda,Air,Direct Drop,0
South Africa,Air,Direct Drop,0
Vietnam,Air,Direct Drop,0
Uganda,Air,Direct Drop,0
Rwanda,Air,Direct Drop,0
Botswana,Air,Direct Drop,0
South Africa,Truck,Direct Drop,0
Vietnam,Air,Direct Drop,0
Vietnam,Air,Direct Drop,0
"Congo, DRC",Air,Direct Drop,0
Ethiopia,Air,Direct Drop,0
Vietnam,Air,Direct Drop,0
Rwanda,Air,Direct Drop,0
South Sudan,Air,Direct Drop,0
South Africa,Truck,Direct Drop,0
Haiti,Ocean,Direct Drop,0
"Congo, DRC",Air,Direct Drop,0
South Africa,Truck,Direct Drop,0
Namibia,Air,Direct Drop,0
Vietnam,Air,Direct Drop,0
Rwanda,Air,Direct Drop,0
South Africa,Truck,Direct Drop,0
South Sudan,Air,Direct Drop,0
South Africa,Ocean,Direct Drop,0
South Africa,Truck,Direct Drop,0
South Africa,Ocean,Direct Drop,127
Cameroon,Air,Direct Drop,0
Rwanda,Air,Direct Drop,0
South Africa,Truck,Direct Drop,0
South Africa,Ocean,Direct Drop,37
Rwanda,Air,Direct Drop,0
Côte d'Ivoire,Air,Direct Drop,0
Vietnam,Air,Direct Drop,0
South Africa,Ocean,Direct Drop,0
Uganda,Air,Direct Drop,0
South Africa,Truck,Direct Drop,0
Haiti,Ocean,Direct Drop,0
Guatemala,Air,Direct Drop,0
South Africa,Truck,Direct Drop,0
South Africa,Truck,Direct Drop,0
Vietnam,Air,Direct Drop,0
Ethiopia,Air,Direct Drop,0
Vietnam,Air,Direct Drop,0
Uganda,Air,Direct Drop,0
Zimbabwe,Air,Direct Drop,0
Côte d'Ivoire,Air,Direct Drop,0
Vietnam,Air,Direct Drop,0
South Africa,Truck,Direct Drop,0
Nigeria,Air,Direct Drop,0
Zimbabwe,Air Charter,Direct Drop,0
"Congo, DRC",Air,Direct Drop,0
Côte d'Ivoire,Air,Direct Drop,0
"Congo, DRC",Air,Direct Drop,0
Vietnam,Air,Direct Drop,0
Ethiopia,Air,Direct Drop,0
Rwanda,Air,Direct Drop,0
Vietnam,Air,Direct Drop,0
Vietnam,Air,Direct Drop,-3
Ethiopia,Air,Direct Drop,0
South Africa,Truck,Direct Drop,0
Vietnam,Air,Direct Drop,0
Rwanda,Air,Direct Drop,0
Sudan,Air,Direct Drop,0
Dominican Republic,Truck,Direct Drop,0
South Africa,Air,Direct Drop,0
Sudan,Air,Direct Drop,0
Haiti,Air,Direct Drop,0
Uganda,Air,Direct Drop,0
South Africa,Truck,Direct Drop,0
Ghana,Air,Direct Drop,0
South Africa,Ocean,Direct Drop,0
Vietnam,Air,Direct Drop,0
Malawi,Ocean,Direct Drop,0
Mozambique,Air,Direct Drop,0
Tanzania,Air,Direct Drop,0
Vietnam,Air,Direct Drop,0
South Africa,Ocean,Direct Drop,0
Uganda,Air,Direct Drop,0
South Africa,Truck,Direct Drop,0
Dominican Republic,Air,Direct Drop,0
Guyana,Air,Direct Drop,0
South Africa,Ocean,Direct Drop,0
"Congo, DRC",Air,Direct Drop,0
Haiti,Truck,Direct Drop,0
Cameroon,Air,Direct Drop,0
Vietnam,Air,Direct Drop,0
Rwanda,Ocean,Direct Drop,0
Vietnam,Air,Direct Drop,0
Vietnam,Air,Direct Drop,0
Haiti,Air,Direct Drop,0
South Africa,Air,Direct Drop,0
"Congo, DRC",Air,Direct Drop,0
South Africa,Truck,Direct Drop,0
South Africa,Truck,Direct Drop,0
Mozambique,Air,Direct Drop,0
"Congo, DRC",Air,Direct Drop,0
South Africa,Truck,Direct Drop,0
South Africa,Truck,Direct Drop,0
Rwanda,Air,Direct Drop,0
Botswana,Air,Direct Drop,0
Côte d'Ivoire,Air,Direct Drop,0
South Africa,Truck,Direct Drop,0
Haiti,Air,Direct Drop,0
South Africa,Truck,Direct Drop,0
Côte d'Ivoire,Air,Direct Drop,0
South Africa,Air,Direct Drop,0
South Africa,Truck,Direct Drop,0
Rwanda,Air,Direct Drop,0
Vietnam,Air,Direct Drop,0
Tanzania,Air,Direct Drop,0
Uganda,Air,Direct Drop,0
South Africa,Truck,Direct Drop,0
Haiti,Ocean,Direct Drop,0
Uganda,Air,Direct Drop,0
Haiti,Air,Direct Drop,0
Uganda,Air,Direct Drop,0
South Africa,Ocean,Direct Drop,0
Nigeria,Air,Direct Drop,0
Uganda,Air,Direct Drop,0
Haiti,Air,Direct Drop,0
Haiti,Ocean,Direct Drop,0
Mali,Air,Direct Drop,0
South Africa,Truck,Direct Drop,16
Vietnam,Air,Direct Drop,0
Vietnam,Air,Direct Drop,0
Zimbabwe,Air,Direct Drop,0
Vietnam,Air,Direct Drop,0
Côte d'Ivoire,Air,Direct Drop,0
Mozambique,Air,Direct Drop,0
South Africa,Truck,Direct Drop,0
Zimbabwe,Air,Direct Drop,0
South Africa,Ocean,Direct Drop,0
South Africa,Truck,Direct Drop,0
Ghana,Air,Direct Drop,0
Côte d'Ivoire,Air,Direct Drop,0
South Africa,Truck,Direct Drop,0
South Africa,Truck,Direct Drop,0
Vietnam,Air,Direct Drop,0
South Africa,Truck,Direct Drop,0
Tanzania,Air,Direct Drop,0
Haiti,Air,Direct Drop,0
Malawi,Ocean,Direct Drop,0
South Africa,Truck,Direct Drop,0
South Africa,Air,Direct Drop,0
Mali,Air,Direct Drop,0
South Africa,Truck,Direct Drop,0
Cameroon,Air,Direct Drop,22
South Africa,Ocean,Direct Drop,0
Vietnam,Air,Direct Drop,0
South Africa,Ocean,Direct Drop,0
Ghana,Air,Direct Drop,0
South Sudan,Air,Direct Drop,0
South Africa,Truck,Direct Drop,0
Haiti,Air,Direct Drop,0
Cameroon,Air,Direct Drop,0
Tanzania,Ocean,Direct Drop,0
Uganda,Air,Direct Drop,0
Rwanda,Air,Direct Drop,0
Tanzania,Air,Direct Drop,0
Vietnam,Air,Direct Drop,0
Haiti,Air,Direct Drop,0
South Sudan,Air,Direct Drop,0
South Africa,Truck,Direct Drop,0
Côte d'Ivoire,Air,Direct Drop,0
Tanzania,Air,Direct Drop,0
South Africa,Truck,Direct Drop,0
Swaziland,Air,Direct Drop,0
Vietnam,Air,Direct Drop,0
Sudan,Air,Direct Drop,0
South Africa,Truck,Direct Drop,0
Uganda,Air,Direct Drop,0
Vietnam,Air,Direct Drop,0
Nigeria,Air,Direct Drop,0
South Africa,Truck,Direct Drop,0
Zimbabwe,Air,Direct Drop,0
Côte d'Ivoire,Air,Direct Drop,0
South Africa,Truck,Direct Drop,0
Ghana,Air,Direct Drop,0
Vietnam,Air,Direct Drop,0
"Congo, DRC",Air,Direct Drop,0
Vietnam,Air,Direct Drop,0
Nigeria,Air,Direct Drop,0
Tanzania,Air,Direct Drop,0
Burundi,Air,Direct Drop,0
Kenya,Air,Direct Drop,0
Vietnam,Air,Direct Drop,0
Zambia,Air,Direct Drop,-4
Mozambique,Air,Direct Drop,0
Côte d'Ivoire,Air,Direct Drop,0
"Congo, DRC",Air,Direct Drop,0
Namibia,Air,Direct Drop,0
Nigeria,Air,Direct Drop,7
Côte d'Ivoire,Air,Direct Drop,0
Nigeria,Air,Direct Drop,4
"Congo, DRC",Air,Direct Drop,0
Uganda,Air,Direct Drop,0
South Africa,Ocean,Direct Drop,0
South Africa,Ocean,Direct Drop,0
Ethiopia,Air,Direct Drop,0
South Africa,Truck,Direct Drop,0
South Africa,Truck,Direct Drop,0
South Africa,Truck,Direct Drop,0
Tanzania,Air,Direct Drop,-9
South Africa,Truck,Direct Drop,0
South Africa,Truck,Direct Drop,0
Vietnam,Air,Direct Drop,-142
South Africa,Truck,Direct Drop,0
South Africa,Truck,Direct Drop,0
Vietnam,Air,Direct Drop,-11
Vietnam,Air,Direct Drop,0
Vietnam,Air,Direct Drop,0
Uganda,Air,Direct Drop,0
Nigeria,Air,Direct Drop,0
Vietnam,Air,Direct Drop,0
Nigeria,Air,Direct Drop,1
Nigeria,Air,Direct Drop,1
Uganda,Air,Direct Drop,0
South Africa,Truck,Direct Drop,0
Côte d'Ivoire,Air,Direct Drop,0
Vietnam,Air,Direct Drop,0
Vietnam,Air,Direct Drop,0
Mozambique,Air,Direct Drop,0
South Africa,Truck,Direct Drop,0
South Africa,Truck,Direct Drop,0
South Africa,Truck,Direct Drop,0
South Africa,Truck,Direct Drop,0
Vietnam,Air,Direct Drop,0
South Africa,Ocean,Direct Drop,0
Côte d'Ivoire,Air,Direct Drop,0
Rwanda,Air,Direct Drop,0
Vietnam,Air,Direct Drop,0
South Africa,Ocean,Direct Drop,0
Tanzania,Air,Direct Drop,0
Kenya,Air,Direct Drop,19
Nigeria,Air,Direct Drop,-3
Zambia,Air,Direct Drop,0
South Africa,Air,Direct Drop,0
Sudan,Air,Direct Drop,0
South Africa,Truck,Direct Drop,0
South Africa,Truck,Direct Drop,0
Ghana,Air,Direct Drop,6
South Africa,Truck,Direct Drop,0
Liberia,Air,Direct Drop,0
Rwanda,Air,Direct Drop,0
South Africa,Truck,Direct Drop,0
Zambia,Air,Direct Drop,0
"Congo, DRC",Air,Direct Drop,0
Cameroon,Air,Direct Drop,0
South Africa,Air,Direct Drop,0
Rwanda,Air,Direct Drop,0
South Africa,Ocean,Direct Drop,103
"Congo, DRC",Air,Direct Drop,0
Uganda,Air,Direct Drop,0
South Africa,Air,Direct Drop,14
Guyana,Air,Direct Drop,0
Uganda,Air,Direct Drop,0
Vietnam,Air,Direct Drop,0
Swaziland,Air,Direct Drop,0
South Africa,Truck,Direct Drop,0
South Africa,Ocean,Direct Drop,101
South Africa,Truck,Direct Drop,0
Haiti,Ocean,Direct Drop,0
Vietnam,Air,Direct Drop,0
Rwanda,Air,Direct Drop,0
South Africa,Truck,Direct Drop,0
Vietnam,Air,Direct Drop,0
Rwanda,Air,Direct Drop,0
Tanzania,Air,Direct Drop,0
Vietnam,Air,Direct Drop,0
South Africa,Truck,Direct Drop,0
Uganda,Air,Direct Drop,0
Vietnam,Air,Direct Drop,0
South Africa,Truck,Direct Drop,0
Vietnam,Air,Direct Drop,0
South Sudan,Air,Direct Drop,0
South Africa,Truck,Direct Drop,0
Haiti,Air,Direct Drop,0
Nigeria,Air,Direct Drop,2
Haiti,Air,Direct Drop,0
South Africa,Truck,Direct Drop,0
South Africa,Truck,Direct Drop,0
South Africa,Ocean,Direct Drop,0
Haiti,Air,Direct Drop,0
Vietnam,Air,Direct Drop,0
Haiti,Ocean,Direct Drop,0
Guyana,Air,Direct Drop,0
South Africa,Truck,Direct Drop,0
Zimbabwe,Air,Direct Drop,0
South Africa,Ocean,Direct Drop,48
Haiti,Air,Direct Drop,0
South Africa,Ocean,Direct Drop,9
Sudan,Air,Direct Drop,0
Vietnam,Air,Direct Drop,0
Vietnam,Air,Direct Drop,0
Tanzania,Air,Direct Drop,0
Uganda,Air,Direct Drop,0
South Africa,Truck,Direct Drop,0
Mozambique,Air,Direct Drop,0
Zimbabwe,Air,Direct Drop,0
South Africa,Truck,Direct Drop,0
Vietnam,Air,Direct Drop,0
Vietnam,Air,Direct Drop,0
Zimbabwe,Air,Direct Drop,0
South Africa,Air,Direct Drop,84
Uganda,Air,Direct Drop,0
South Africa,Truck,Direct Drop,0
South Africa,Truck,Direct Drop,0
Malawi,Air,Direct Drop,0
Côte d'Ivoire,Air,Direct Drop,0
Rwanda,Air,Direct Drop,0
South Africa,Truck,Direct Drop,0
South Africa,Truck,Direct Drop,0
Nigeria,Air,Direct Drop,0
Kenya,Air,Direct Drop,0
Haiti,Air,Direct Drop,0
Nigeria,Air,Direct Drop,-11
Mozambique,Air,Direct Drop,0
Vietnam,Air,Direct Drop,0
South Africa,Truck,Direct Drop,0
South Africa,Truck,Direct Drop,0
South Africa,Truck,Direct Drop,0
Guyana,Air,Direct Drop,0
South Africa,Truck,Direct Drop,0
Kenya,Air,Direct Drop,0
Vietnam,Air,Direct Drop,0
Vietnam,Air,Direct Drop,0
Vietnam,Air,Direct Drop,0
Zimbabwe,Air Charter,Direct Drop,0
South Africa,Truck,Direct Drop,0
South Africa,Truck,Direct Drop,0
South Africa,Truck,Direct Drop,0
Zambia,Air,Direct Drop,0
South Africa,Truck,Direct Drop,0
Haiti,Air,Direct Drop,0
Mozambique,Air,Direct Drop,0
Uganda,Air,Direct Drop,0
Mozambique,Air,Direct Drop,0
South Africa,Ocean,Direct Drop,0
Sudan,Air,Direct Drop,0
Haiti,Air,Direct Drop,0
Uganda,Air,Direct Drop,0
South Africa,Truck,Direct Drop,0
South Africa,Truck,Direct Drop,0
Haiti,Air,Direct Drop,0
South Africa,Truck,Direct Drop,0
South Africa,Truck,Direct Drop,0
Zambia,Air,Direct Drop,0
South Africa,Truck,Direct Drop,0
"Congo, DRC",Air,Direct Drop,0
Vietnam,Air,Direct Drop,0
Rwanda,Air,Direct Drop,0
South Africa,Truck,Direct Drop,0
South Africa,Truck,Direct Drop,0
Mozambique,Air,Direct Drop,0
Vietnam,Air,Direct Drop,0
South Africa,Ocean,Direct Drop,0
Vietnam,Air,Direct Drop,0
South Africa,Air,Direct Drop,0
Côte d'Ivoire,Air,Direct Drop,0
Zimbabwe,Ocean,Direct Drop,0
"Congo, DRC",Air,Direct Drop,0
Zimbabwe,Air,Direct Drop,0
Nigeria,Air,Direct Drop,1
South Africa,Truck,Direct Drop,0
"Congo, DRC",Air,Direct Drop,0
Vietnam,Air,Direct Drop,0
South Africa,Truck,Direct Drop,0
South Africa,Truck,Direct Drop,0
Vietnam,Air,Direct Drop,0
Rwanda,Air,Direct Drop,0
Vietnam,Air,Direct Drop,0
Vietnam,Air,Direct Drop,0
South Africa,Air,Direct Drop,86
Tanzania,Air,Direct Drop,0
South Africa,Air,Direct Drop,-20
Zimbabwe,Air,Direct Drop,0
Vietnam,Air,Direct Drop,0
Zimbabwe,Air,Direct Drop,0
South Africa,Ocean,Direct Drop,0
Mali,Air,Direct Drop,0
Côte d'Ivoire,Air,Direct Drop,0
South Africa,Truck,Direct Drop,0
Haiti,Air,Direct Drop,0
South Africa,Truck,Direct Drop,0
Haiti,Ocean,Direct Drop,0
Uganda,Air,Direct Drop,0
Rwanda,Air,Direct Drop,0
Mozambique,Air,Direct Drop,0
Côte d'Ivoire,Air,Direct Drop,0
Nigeria,Air,Direct Drop,-1
Zimbabwe,Air,Direct Drop,0
South Africa,Truck,Direct Drop,0
Guyana,Air,Direct Drop,0
Vietnam,Air,Direct Drop,0
"Congo, DRC",Air,Direct Drop,0
South Africa,Ocean,Direct Drop,15
South Africa,Truck,Direct Drop,0
Haiti,Ocean,Direct Drop,0
Vietnam,Air,Direct Drop,0
Haiti,Air,Direct Drop,0
Uganda,Air,Direct Drop,0
Uganda,Air,Direct Drop,0
South Africa,Air,Direct Drop,28
Cameroon,Air,Direct Drop,0
Tanzania,Air,Direct Drop,0
Nigeria,Air,Direct Drop,8
South Africa,Truck,Direct Drop,0
Dominican Republic,Air,Direct Drop,0
Vietnam,Air,Direct Drop,0
Sudan,Air,Direct Drop,0
South Africa,Truck,Direct Drop,0
Haiti,Ocean,Direct Drop,0
Vietnam,Air,Direct Drop,0
South Sudan,Air,Direct Drop,0
Vietnam,Air,Direct Drop,0
South Africa,Truck,Direct Drop,0
Rwanda,Air,Direct Drop,0
Zambia,Air,Direct Drop,0
South Africa,Truck,Direct Drop,0
Namibia,Air,Direct Drop,0
South Sudan,Air,Direct Drop,0
Haiti,Air,Direct Drop,0
Haiti,Ocean,Direct Drop,0
Malawi,Air,Direct Drop,0
South Africa,Ocean,Direct Drop,0
Nigeria,Air,Direct Drop,0
Zimbabwe,Air,Direct Drop,0
Mozambique,Air,Direct Drop,0
Guyana,Air,Direct Drop,0
Haiti,Air,Direct Drop,0
Cameroon,Air,Direct Drop,0
Nigeria,Air,Direct Drop,0
South Africa,Truck,Direct Drop,0
South Africa,Air,Direct Drop,0
South Africa,Truck,Direct Drop,0
Nigeria,Air,Direct Drop,0
South Sudan,Air,Direct Drop,0
Nigeria,Air,Direct Drop,0
South Africa,Truck,Direct Drop,0
Côte d'Ivoire,Air,Direct Drop,0
South Africa,Ocean,Direct Drop,43
South Africa,Ocean,Direct Drop,0
South Sudan,Air,Direct Drop,0
South Africa,Truck,Direct Drop,0
Ethiopia,Air,Direct Drop,0
Nigeria,Air,Direct Drop,0
South Africa,Truck,Direct Drop,0
Tanzania,Air,Direct Drop,0
Vietnam,Air,Direct Drop,0
South Africa,Ocean,Direct Drop,0
Côte d'Ivoire,Air,Direct Drop,0
Rwanda,Air,Direct Drop,0
Kenya,Air,Direct Drop,19
South Africa,Truck,Direct Drop,0
Kenya,Air,Direct Drop,0
Vietnam,Air,Direct Drop,0
Uganda,Air,Direct Drop,0
South Africa,Ocean,Direct Drop,0
South Africa,Ocean,Direct Drop,0
Vietnam,Air,Direct Drop,-3
Kenya,Air,Direct Drop,0
Côte d'Ivoire,Air,Direct Drop,0
Zambia,Air,Direct Drop,0
South Africa,Truck,Direct Drop,0
"Congo, DRC",Air,Direct Drop,0
Guyana,Air,Direct Drop,0
Côte d'Ivoire,Air,Direct Drop,0
South Africa,Truck,Direct Drop,0
Côte d'Ivoire,Air,Direct Drop,0
Namibia,Air,Direct Drop,0
South Africa,Truck,Direct Drop,0
Haiti,Air,Direct Drop,0
Mozambique,Air,Direct Drop,0
Mali,Air,Direct Drop,0
Ghana,Air,Direct Drop,0
Vietnam,Air,Direct Drop,0
South Africa,Truck,Direct Drop,0
Burundi,Air,Direct Drop,0
Rwanda,Ocean,Direct Drop,0
Côte d'Ivoire,Air,Direct Drop,0
South Africa,Ocean,Direct Drop,32
Sudan,Air,Direct Drop,0
Zimbabwe,Air,Direct Drop,0
Uganda,Air,Direct Drop,0
South Africa,Truck,Direct Drop,0
Vietnam,Air,Direct Drop,0
"Congo, DRC",Air,Direct Drop,0
Vietnam,Air,Direct Drop,0
Rwanda,Air,Direct Drop,0
Rwanda,Air,Direct Drop,0
Vietnam,Air,Direct Drop,0
Namibia,Air,Direct Drop,0
Côte d'Ivoire,Air,Direct Drop,0
Vietnam,Air,Direct Drop,0
Uganda,Air,Direct Drop,0
South Africa,Truck,Direct Drop,0
South Africa,Truck,Direct Drop,0
South Africa,Truck,Direct Drop,0
South Africa,Truck,Direct Drop,0
South Africa,Truck,Direct Drop,0
South Sudan,Air,Direct Drop,0
Côte d'Ivoire,Air,Direct Drop,0
Rwanda,Ocean,Direct Drop,0
Vietnam,Air,Direct Drop,0
Uganda,Air,Direct Drop,0
Rwanda,Air,Direct Drop,0
Haiti,Air,Direct Drop,0
South Africa,Ocean,Direct Drop,64
Haiti,Ocean,Direct Drop,0
Tanzania,Air,Direct Drop,0
South Africa,Truck,Direct Drop,0
Vietnam,Air,Direct Drop,0
Tanzania,Air,Direct Drop,0
Kenya,Air,Direct Drop,0
South Sudan,Air,Direct Drop,0
South Africa,Truck,Direct Drop,0
Côte d'Ivoire,Air,Direct Drop,0
Tanzania,Air,Direct Drop,-7
Cameroon,Air,Direct Drop,0
South Africa,Ocean,Direct Drop,31
South Africa,Truck,Direct Drop,0
Uganda,Air,Direct Drop,0
Mozambique,Air,Direct Drop,13
South Africa,Ocean,Direct Drop,0
Ethiopia,Air,Direct Drop,0
Ethiopia,Air,Direct Drop,0
Côte d'Ivoire,Air,Direct Drop,0
South Sudan,Air,Direct Drop,0
Uganda,Air,Direct Drop,5
Mozambique,Air,Direct Drop,0
South Africa,Truck,Direct Drop,0
Vietnam,Air,Direct Drop,0
South Africa,Ocean,Direct Drop,0
Rwanda,Air,Direct Drop,0
Cameroon,Air,Direct Drop,-10
South Africa,Ocean,Direct Drop,0
"Congo, DRC",Air,Direct Drop,0
South Africa,Truck,Direct Drop,0
Cameroon,Air,Direct Drop,0
South Africa,Truck,Direct Drop,0
Zambia,Air,Direct Drop,1
South Africa,Ocean,Direct Drop,13
South Africa,Ocean,Direct Drop,30
South Africa,Truck,Direct Drop,0
Vietnam,Air,Direct Drop,0
Vietnam,Air,Direct Drop,0
Vietnam,Air,Direct Drop,0
Haiti,Air,Direct Drop,0
Guyana,Air,Direct Drop,0
Nigeria,Air,Direct Drop,-3
South Africa,Truck,Direct Drop,0
South Africa,Ocean,Direct Drop,0
South Africa,Truck,Direct Drop,0
Vietnam,Air,Direct Drop,0
Rwanda,Air,Direct Drop,0
South Africa,Truck,Direct Drop,0
"Congo, DRC",Air,Direct Drop,0
Côte d'Ivoire,Air,Direct Drop,0
"Congo, DRC",Air,Direct Drop,8
South Africa,Air,Direct Drop,40
South Africa,Truck,Direct Drop,0
Zimbabwe,Air,Direct Drop,0
Nigeria,Air,Direct Drop,0
South Africa,Air,Direct Drop,13
South Africa,Truck,Direct Drop,0
Tanzania,Air,Direct Drop,0
Kenya,Air,Direct Drop,0
Haiti,Air,Direct Drop,0
Afghanistan,Air,Direct Drop,0
Vietnam,Air,Direct Drop,0
South Africa,Truck,Direct Drop,0
Uganda,Air,Direct Drop,0
South Africa,Ocean,Direct Drop,0
Mozambique,Air,Direct Drop,0
South Africa,Truck,Direct Drop,0
Haiti,Air,Direct Drop,0
Zimbabwe,Air,Direct Drop,0
Haiti,Air,Direct Drop,0
Haiti,Ocean,Direct Drop,0
Haiti,Air,Direct Drop,0
South Africa,Truck,Direct Drop,0
South Africa,Truck,Direct Drop,0
Haiti,Air,Direct Drop,0
Vietnam,Air,Direct Drop,0
Vietnam,Air,Direct Drop,0
South Africa,Truck,Direct Drop,0
Vietnam,Air,Direct Drop,0
Zimbabwe,Air,Direct Drop,0
Zambia,Air,Direct Drop,7
South Africa,Truck,Direct Drop,0
South Africa,Ocean,Direct Drop,0
South Sudan,Air,Direct Drop,0
Haiti,Air,Direct Drop,0
Vietnam,Air,Direct Drop,0
Uganda,Air,Direct Drop,0
South Africa,Ocean,Direct Drop,0
South Africa,Truck,Direct Drop,0
Ghana,Air,Direct Drop,0
South Africa,Ocean,Direct Drop,1
Uganda,Air,Direct Drop,0
South Africa,Truck,Direct Drop,0
South Africa,Truck,Direct Drop,0
South Africa,Truck,Direct Drop,0
Kenya,Air,Direct Drop,0
Vietnam,Air,Direct Drop,0
Vietnam,Air,Direct Drop,0
Uganda,Air,Direct Drop,0
Burundi,Air,Direct Drop,0
South Africa,Ocean,Direct Drop,0
Burundi,Air,Direct Drop,0
Vietnam,Air,Direct Drop,0
Vietnam,Air,Direct Drop,0
South Africa,Truck,Direct Drop,0
Nigeria,Air,Direct Drop,6
Kenya,Air,Direct Drop,0
South Sudan,Air,Direct Drop,0
Kenya,Air,Direct Drop,3
South Africa,Truck,Direct Drop,0
Burkina Faso,Air,Direct Drop,0
South Africa,Truck,Direct Drop,0
South Africa,Truck,Direct Drop,0
Vietnam,Air,Direct Drop,0
Vietnam,Air,Direct Drop,0
"Congo, DRC",Air,Direct Drop,0
Haiti,Ocean,Direct Drop,0
Uganda,Air,Direct Drop,0
South Africa,Truck,Direct Drop,0
South Africa,Truck,Direct Drop,0
South Africa,Air,Direct Drop,2
Vietnam,Air,Direct Drop,0
South Africa,Truck,Direct Drop,0
South Sudan,Air,Direct Drop,5
Vietnam,Air,Direct Drop,0
South Africa,Truck,Direct Drop,0
South Africa,Ocean,Direct Drop,94
Guyana,Air,Direct Drop,0
Vietnam,Air,Direct Drop,-5
South Africa,Truck,Direct Drop,0
Sudan,Air,Direct Drop,0
Côte d'Ivoire,Air,Direct Drop,0
South Africa,Truck,Direct Drop,0
Zimbabwe,Air,Direct Drop,0
South Africa,Air,Direct Drop,-7
Rwanda,Air,Direct Drop,0
South Africa,Truck,Direct Drop,0
Uganda,Air,Direct Drop,0
Pakistan,Air,Direct Drop,0
Haiti,Air,Direct Drop,0
Kenya,Air,Direct Drop,1
South Africa,Ocean,Direct Drop,7
South Africa,Truck,Direct Drop,0
Haiti,Ocean,Direct Drop,0
Côte d'Ivoire,Air,Direct Drop,0
South Sudan,Air,Direct Drop,0
South Africa,Ocean,Direct Drop,0
South Africa,Ocean,Direct Drop,-80
Vietnam,Air,Direct Drop,0
Tanzania,Air,Direct Drop,0
Sudan,Air,Direct Drop,0
Rwanda,Air,Direct Drop,0
Vietnam,Air,Direct Drop,0
South Africa,Truck,Direct Drop,0
Nigeria,Air,Direct Drop,0
Vietnam,Air,Direct Drop,0
Ethiopia,Air,Direct Drop,0
Côte d'Ivoire,Air,Direct Drop,0
Vietnam,Air,Direct Drop,0
Tanzania,Air,Direct Drop,0
Haiti,Air,Direct Drop,0
Nigeria,Air,Direct Drop,48
Vietnam,Air,Direct Drop,0
Lesotho,Air,Direct Drop,0
South Africa,Truck,Direct Drop,0
Kenya,Air,Direct Drop,0
Tanzania,Air,Direct Drop,0
Vietnam,Air,Direct Drop,0
Côte d'Ivoire,Air,Direct Drop,0
Guyana,Air,Direct Drop,0
South Sudan,Air,Direct Drop,0
South Africa,Truck,Direct Drop,0
Haiti,Ocean,Direct Drop,0
"Congo, DRC",Air,Direct Drop,0
Haiti,Air,Direct Drop,0
Uganda,Air,Direct Drop,0
South Africa,Air,Direct Drop,0
Kenya,Air,Direct Drop,3
South Africa,Ocean,Direct Drop,0
Kenya,Air,Direct Drop,0
South Africa,Truck,Direct Drop,0
South Africa,Air,Direct Drop,0
Vietnam,Air,Direct Drop,0
South Africa,Truck,Direct Drop,0
Uganda,Air,Direct Drop,0
Mozambique,Air,Direct Drop,0
South Africa,Truck,Direct Drop,0
Vietnam,Air,Direct Drop,0
Botswana,Air,Direct Drop,0
South Sudan,Air,Direct Drop,0
Vietnam,Air,Direct Drop,0
South Africa,Truck,Direct Drop,0
Zambia,Air,Direct Drop,0
Nigeria,Air,Direct Drop,29
"Congo, DRC",Air,Direct Drop,0
South Africa,Truck,Direct Drop,0
Uganda,Air,Direct Drop,0
Haiti,Ocean,Direct Drop,0
South Africa,Ocean,Direct Drop,0
Rwanda,Air,Direct Drop,0
"Congo, DRC",Air,Direct Drop,0
Namibia,Air,Direct Drop,0
South Africa,Truck,Direct Drop,0
South Africa,Truck,Direct Drop,0
Zambia,Air,Direct Drop,0
Nigeria,Air,Direct Drop,0
South Africa,Truck,Direct Drop,0
Haiti,Air,Direct Drop,0
South Africa,Truck,Direct Drop,0
South Africa,Truck,Direct Drop,0
Uganda,Air,Direct Drop,0
South Africa,Truck,Direct Drop,0
Tanzania,Ocean,Direct Drop,0
South Africa,Truck,Direct Drop,0
Tanzania,Air,Direct Drop,0
South Africa,Ocean,Direct Drop,0
South Africa,Truck,Direct Drop,0
Uganda,Air,Direct Drop,0
Vietnam,Air,Direct Drop,0
Nigeria,Air,Direct Drop,0
Guyana,Air,Direct Drop,0
Haiti,Air,Direct Drop,0
Haiti,Air,Direct Drop,0
Swaziland,Air,Direct Drop,0
South Africa,Truck,Direct Drop,0
Cameroon,Air,Direct Drop,0
South Africa,Truck,Direct Drop,0
South Africa,Truck,Direct Drop,0
Tanzania,Air,Direct Drop,0
South Africa,Truck,Direct Drop,0
Zambia,Air,Direct Drop,0
Rwanda,Air,Direct Drop,0
Nigeria,Air,Direct Drop,0
South Africa,Ocean,Direct Drop,32
Guyana,Air,Direct Drop,0
South Africa,Truck,Direct Drop,0
South Africa,Truck,Direct Drop,0
Dominican Republic,Air,Direct Drop,0
Vietnam,Air,Direct Drop,0
Zambia,Air,Direct Drop,-4
South Africa,Ocean,Direct Drop,0
South Africa,Truck,Direct Drop,0
South Africa,Truck,Direct Drop,0
Vietnam,Air,Direct Drop,0
Côte d'Ivoire,Air,Direct Drop,0
Rwanda,Air,Direct Drop,0
Zimbabwe,Air,Direct Drop,0
"Congo, DRC",Air,Direct Drop,0
Vietnam,Air,Direct Drop,0
Vietnam,Air,Direct Drop,0
Vietnam,Air,Direct Drop,0
Vietnam,Air,Direct Drop,0
Botswana,Air,Direct Drop,0
Ethiopia,Air,Direct Drop,0
Vietnam,Air,Direct Drop,0
Vietnam,Air,Direct Drop,0
Côte d'Ivoire,Air,Direct Drop,0
Côte d'Ivoire,Air,Direct Drop,0
Tanzania,Air,Direct Drop,0
Nigeria,Air,Direct Drop,-3
South Africa,Truck,Direct Drop,0
Vietnam,Air,Direct Drop,0
Mozambique,Air,Direct Drop,0
South Africa,Truck,Direct Drop,0
Vietnam,Air,Direct Drop,0
Haiti,Truck,Direct Drop,7
Nigeria,Air,Direct Drop,0
Nigeria,Air,Direct Drop,0
Uganda,Air,Direct Drop,0
South Africa,Air,Direct Drop,-13
South Africa,Truck,Direct Drop,0
South Africa,Truck,Direct Drop,0
South Africa,Truck,Direct Drop,0
South Africa,Truck,Direct Drop,0
South Africa,Truck,Direct Drop,0
South Africa,Truck,Direct Drop,0
Uganda,Air,Direct Drop,0
Vietnam,Air,Direct Drop,0
South Sudan,Air,Direct Drop,0
Vietnam,Air,Direct Drop,0
South Sudan,Air,Direct Drop,0
South Africa,Truck,Direct Drop,0
South Sudan,Air,Direct Drop,0
South Africa,Truck,Direct Drop,0
South Africa,Truck,Direct Drop,0
Mozambique,Air,Direct Drop,0
Mozambique,Air,Direct Drop,0
South Africa,Truck,Direct Drop,0
South Africa,Ocean,Direct Drop,0
Haiti,Air,Direct Drop,0
South Africa,Truck,Direct Drop,0
Namibia,Air,Direct Drop,0
Vietnam,Air,Direct Drop,0
South Africa,Truck,Direct Drop,0
South Africa,Truck,Direct Drop,0
South Africa,Truck,Direct Drop,0
South Africa,Truck,Direct Drop,0
Vietnam,Air,Direct Drop,0
Rwanda,Air,Direct Drop,0
South Africa,Ocean,Direct Drop,-15
South Africa,Truck,Direct Drop,0
South Sudan,Air,Direct Drop,0
South Africa,Truck,Direct Drop,0
Vietnam,Air,Direct Drop,0
Kenya,Air,Direct Drop,0
Zimbabwe,Air,Direct Drop,0
South Africa,Truck,Direct Drop,0
Côte d'Ivoire,Air,Direct Drop,0
"Congo, DRC",Air,Direct Drop,0
South Africa,Truck,Direct Drop,0
Haiti,Air,Direct Drop,0
South Africa,Ocean,Direct Drop,67
South Sudan,Air,Direct Drop,0
South Africa,Ocean,Direct Drop,0
South Sudan,Air,Direct Drop,0
South Africa,Truck,Direct Drop,0
Kenya,Air,Direct Drop,0
"Congo, DRC",Air,Direct Drop,-2
Mozambique,Air,Direct Drop,0
Vietnam,Air,Direct Drop,0
Tanzania,Air,Direct Drop,0
Rwanda,Air,Direct Drop,0
Rwanda,Air,Direct Drop,0
Tanzania,Air,Direct Drop,0
Ethiopia,Air,Direct Drop,0
Haiti,Air,Direct Drop,0
South Africa,Air,Direct Drop,1
South Sudan,Air,Direct Drop,0
Sierra Leone,Air,Direct Drop,0
Rwanda,Ocean,Direct Drop,0
Mozambique,Air,Direct Drop,0
Vietnam,Air,Direct Drop,0
Tanzania,Air,Direct Drop,0
South Africa,Ocean,Direct Drop,0
South Africa,Truck,Direct Drop,0
Vietnam,Air,Direct Drop,0
South Africa,Truck,Direct Drop,0
Rwanda,Air,Direct Drop,0
South Africa,Truck,Direct Drop,0
Zimbabwe,Air,Direct Drop,0
"Congo, DRC",Air,Direct Drop,0
Sierra Leone,Air,Direct Drop,0
Ghana,Air,Direct Drop,0
Mozambique,Air,Direct Drop,0
Nigeria,Air,Direct Drop,0
Haiti,Air,Direct Drop,0
South Africa,Truck,Direct Drop,0
South Africa,Truck,Direct Drop,0
"Congo, DRC",Air,Direct Drop,0
Côte d'Ivoire,Air,Direct Drop,0
Mali,Air,Direct Drop,0
Côte d'Ivoire,Air,Direct Drop,0
Uganda,Air,Direct Drop,0
Uganda,Air,Direct Drop,0
Côte d'Ivoire,Air,Direct Drop,0
South Africa,Ocean,Direct Drop,0
Vietnam,Air,Direct Drop,0
Côte d'Ivoire,Air,Direct Drop,0
South Africa,Truck,Direct Drop,0
South Africa,Truck,Direct Drop,0
Rwanda,Air,Direct Drop,0
Vietnam,Air,Direct Drop,0
South Africa,Air,Direct Drop,0
Vietnam,Air,Direct Drop,0
Sudan,Air,Direct Drop,0
South Africa,Truck,Direct Drop,0
Nigeria,Air,Direct Drop,0
South Africa,Truck,Direct Drop,0
South Africa,Truck,Direct Drop,0
Uganda,Air,Direct Drop,0
Tanzania,Air,Direct Drop,0
Vietnam,Air,Direct Drop,0
Côte d'Ivoire,Air,Direct Drop,0
Vietnam,Air,Direct Drop,0
Mozambique,Air,Direct Drop,0
Vietnam,Air,Direct Drop,0
Uganda,Air,Direct Drop,0
Côte d'Ivoire,Air,Direct Drop,0
Zimbabwe,Air,Direct Drop,0
Nigeria,Air,Direct Drop,0
Vietnam,Air,Direct Drop,0
South Africa,Air,Direct Drop,0
Namibia,Air,Direct Drop,0
Tanzania,Air,Direct Drop,0
South Africa,Air,Direct Drop,0
Angola,Air,Direct Drop,0
Guyana,Air,Direct Drop,0
Mozambique,Air,Direct Drop,0
Uganda,Air,Direct Drop,0
South Africa,Truck,Direct Drop,0
South Africa,Truck,Direct Drop,0
South Africa,Truck,Direct Drop,0
Haiti,Air,Direct Drop,0
Uganda,Air,Direct Drop,0
South Sudan,Air,Direct Drop,0
South Africa,Truck,Direct Drop,0
Sudan,Air,Direct Drop,0
Vietnam,Air,Direct Drop,0
Zimbabwe,Air,Direct Drop,0
Guyana,Air,Direct Drop,0
Côte d'Ivoire,Ocean,Direct Drop,0
South Africa,Truck,Direct Drop,0
South Africa,Air,Direct Drop,1
Haiti,Ocean,Direct Drop,0
Zimbabwe,Air,Direct Drop,0
Zambia,Air,Direct Drop,0
Uganda,Air,Direct Drop,0
Haiti,Air,Direct Drop,0
Côte d'Ivoire,Air,Direct Drop,0
Uganda,Air,Direct Drop,0
Zimbabwe,Air,Direct Drop,0
Swaziland,Ocean,Direct Drop,0
South Africa,Truck,Direct Drop,0
Botswana,Air,Direct Drop,0
Rwanda,Air,Direct Drop,0
Nigeria,Air,Direct Drop,0
South Africa,Ocean,Direct Drop,0
South Africa,Ocean,Direct Drop,55
Haiti,Truck,Direct Drop,0
Guyana,Air,Direct Drop,0
Zimbabwe,Air,Direct Drop,0
South Africa,Air,Direct Drop,49
Guyana,Air,Direct Drop,0
"Congo, DRC",Air,Direct Drop,0
South Africa,Truck,Direct Drop,0
South Africa,Truck,Direct Drop,0
South Africa,Ocean,Direct Drop,0
Vietnam,Air,Direct Drop,0
South Africa,Truck,Direct Drop,0
Vietnam,Air,Direct Drop,0
South Sudan,Air,Direct Drop,0
Vietnam,Air,Direct Drop,0
Rwanda,Air,Direct Drop,0
Tanzania,Air,Direct Drop,0
Ethiopia,Air,Direct Drop,0
Mozambique,Air,Direct Drop,0
Vietnam,Air,Direct Drop,0
Sudan,Air,Direct Drop,0
Zimbabwe,Air,Direct Drop,0
Vietnam,Air,Direct Drop,0
South Africa,Ocean,Direct Drop,31
Vietnam,Air,Direct Drop,0
Vietnam,Air,Direct Drop,0
Zambia,Air,Direct Drop,0
Vietnam,Air,Direct Drop,0
Kenya,Air,Direct Drop,0
South Sudan,Air,Direct Drop,0
South Africa,Air,Direct Drop,0
"Congo, DRC",Air,Direct Drop,0
South Africa,Truck,Direct Drop,0
Vietnam,Air,Direct Drop,0
Rwanda,Air,Direct Drop,0
Vietnam,Air,Direct Drop,0
Haiti,Air,Direct Drop,0
Rwanda,Air,Direct Drop,0
South Africa,Truck,Direct Drop,0
Tanzania,Air,Direct Drop,0
Côte d'Ivoire,Air,Direct Drop,0
South Africa,Truck,Direct Drop,0
Rwanda,Air,Direct Drop,0
Côte d'Ivoire,Air,Direct Drop,0
South Africa,Truck,Direct Drop,0
South Africa,Ocean,Direct Drop,-34
Uganda,Air,Direct Drop,0
South Africa,Ocean,Direct Drop,-3
Rwanda,Ocean,Direct Drop,0
Haiti,Air,Direct Drop,0
Zimbabwe,Air,Direct Drop,0
South Sudan,Air,Direct Drop,0
Tanzania,Air,Direct Drop,0
South Africa,Truck,Direct Drop,0
Vietnam,Air,Direct Drop,0
Uganda,Air,Direct Drop,0
Haiti,Ocean,Direct Drop,0
Burundi,Air,Direct Drop,0
South Africa,Truck,Direct Drop,0
Burundi,Air,Direct Drop,0
Haiti,Air,Direct Drop,0
Rwanda,Ocean,Direct Drop,0
South Africa,Truck,Direct Drop,0
Côte d'Ivoire,Air,Direct Drop,0
South Africa,Air,Direct Drop,0
Haiti,Ocean,Direct Drop,0
South Africa,Truck,Direct Drop,0
Kenya,Air,Direct Drop,3
Nigeria,Air,Direct Drop,0
Haiti,Air,Direct Drop,0
Vietnam,Air,Direct Drop,0
Mozambique,Air,Direct Drop,0
Côte d'Ivoire,Air,Direct Drop,0
South Africa,Truck,Direct Drop,0
South Africa,Air,Direct Drop,150
Guyana,Air,Direct Drop,0
"Congo, DRC",Truck,Direct Drop,0
South Africa,Air,Direct Drop,0
South Africa,Truck,Direct Drop,0
South Africa,Truck,Direct Drop,0
Uganda,Ocean,Direct Drop,0
"Congo, DRC",Air,Direct Drop,0
Vietnam,Air,Direct Drop,0
Tanzania,Air,Direct Drop,0
Kenya,Air,Direct Drop,0
Cameroon,Air,Direct Drop,0
Nigeria,Air,Direct Drop,-2
South Africa,Truck,Direct Drop,0
Vietnam,Air,Direct Drop,0
Sudan,Air,Direct Drop,0
Tanzania,Air,Direct Drop,0
Ethiopia,Air,Direct Drop,0
Rwanda,Air,Direct Drop,0
South Africa,Ocean,Direct Drop,0
Rwanda,Air,Direct Drop,0
Vietnam,Air,Direct Drop,0
South Africa,Truck,Direct Drop,0
Botswana,Air,Direct Drop,0
Uganda,Air,Direct Drop,0
South Africa,Truck,Direct Drop,0
South Sudan,Air,Direct Drop,0
South Africa,Ocean,Direct Drop,32
Zambia,Air,Direct Drop,0
South Africa,Truck,Direct Drop,0
South Africa,Ocean,Direct Drop,0
South Sudan,Air,Direct Drop,0
Kenya,Air,Direct Drop,0
Tanzania,Air,Direct Drop,0
Uganda,Air,Direct Drop,0
Ghana,Air,Direct Drop,0
South Africa,Truck,Direct Drop,0
Vietnam,Air,Direct Drop,0
Uganda,Air,Direct Drop,0
South Africa,Truck,Direct Drop,0
South Africa,Truck,Direct Drop,0
South Sudan,Air,Direct Drop,0
Mozambique,Air,Direct Drop,0
South Africa,Truck,Direct Drop,0
South Africa,Truck,Direct Drop,0
Uganda,Air,Direct Drop,0
South Africa,Truck,Direct Drop,0
South Sudan,Air,Direct Drop,0
South Africa,Ocean,Direct Drop,0
South Sudan,Air,Direct Drop,0
South Africa,Truck,Direct Drop,0
"Congo, DRC",Air,Direct Drop,0
South Africa,Truck,Direct Drop,0
Burundi,Air,Direct Drop,0
South Sudan,Air,Direct Drop,0
Rwanda,Air,Direct Drop,0
Côte d'Ivoire,Air,Direct Drop,0
Haiti,Air,Direct Drop,0
South Africa,Ocean,Direct Drop,7
Malawi,Ocean,Direct Drop,0
Vietnam,Air,Direct Drop,0
Côte d'Ivoire,Air,Direct Drop,0
South Africa,Truck,Direct Drop,0
South Africa,Truck,Direct Drop,0
South Africa,Truck,Direct Drop,0
South Africa,Truck,Direct Drop,0
"Congo, DRC",Air,Direct Drop,0
Vietnam,Air,Direct Drop,0
Zimbabwe,Air,Direct Drop,0
Vietnam,Air,Direct Drop,0
Zimbabwe,Air Charter,Direct Drop,-1
Zambia,Air,Direct Drop,0
Zimbabwe,Air Charter,Direct Drop,0
South Africa,Truck,Direct Drop,0
Uganda,Air,Direct Drop,0
South Africa,Ocean,Direct Drop,0
Nigeria,Air,Direct Drop,0
Swaziland,Air,Direct Drop,0
South Africa,Truck,Direct Drop,0
Tanzania,Air,Direct Drop,0
South Africa,Truck,Direct Drop,0
Rwanda,Air,Direct Drop,0
South Africa,Truck,Direct Drop,0
Haiti,Air,Direct Drop,0
South Africa,Truck,Direct Drop,0
Zambia,Air,Direct Drop,3
Haiti,Air,Direct Drop,0
Vietnam,Air,Direct Drop,0
South Africa,Truck,Direct Drop,0
South Africa,Truck,Direct Drop,0
Zambia,Air,Direct Drop,0
Côte d'Ivoire,Air,Direct Drop,0
South Africa,Truck,Direct Drop,0
Namibia,Air,Direct Drop,0
Haiti,Air,Direct Drop,0
South Africa,Ocean,Direct Drop,31
Mali,Air,Direct Drop,0
South Africa,Ocean,Direct Drop,0
Haiti,Ocean,Direct Drop,0
Tanzania,Air,Direct Drop,0
Haiti,Ocean,Direct Drop,0
Tanzania,Air,Direct Drop,0
Rwanda,Ocean,Direct Drop,0
South Africa,Air,Direct Drop,0
Uganda,Air,Direct Drop,0
Burundi,Air,Direct Drop,0
Haiti,Ocean,Direct Drop,0
Rwanda,Ocean,Direct Drop,0
South Africa,Truck,Direct Drop,0
Haiti,Air,Direct Drop,0
Rwanda,Air,Direct Drop,0
South Sudan,Air,Direct Drop,0
Nigeria,Air,Direct Drop,0
Nigeria,Air,Direct Drop,0
Vietnam,Air,Direct Drop,0
South Africa,Ocean,Direct Drop,112
South Africa,Truck,Direct Drop,0
Vietnam,Air,Direct Drop,0
Côte d'Ivoire,Air,Direct Drop,0
Vietnam,Air,Direct Drop,0
Haiti,Air,Direct Drop,0
Zambia,Air,Direct Drop,0
Nigeria,Air,Direct Drop,0
Zimbabwe,Air,Direct Drop,0
South Africa,Truck,Direct Drop,0
Vietnam,Air,Direct Drop,0
Nigeria,Air,Direct Drop,83
Nigeria,Air,Direct Drop,8
Vietnam,Air,Direct Drop,0
Haiti,Air,Direct Drop,0
South Africa,Truck,Direct Drop,0
Ethiopia,Air,Direct Drop,0
South Africa,Ocean,Direct Drop,0
South Africa,Truck,Direct Drop,0
Nigeria,Air,Direct Drop,-10
Haiti,Ocean,Direct Drop,0
South Africa,Truck,Direct Drop,0
Cameroon,Air,Direct Drop,0
Zimbabwe,Air,Direct Drop,0
Botswana,Air,Direct Drop,0
South Africa,Truck,Direct Drop,0
Senegal,Air,Direct Drop,0
South Sudan,Air,Direct Drop,0
South Africa,Truck,Direct Drop,0
South Africa,Truck,Direct Drop,0
Haiti,Air,Direct Drop,0
South Africa,Truck,Direct Drop,0
"Congo, DRC",Air,Direct Drop,0
South Africa,Air,Direct Drop,0
Cameroon,Air,Direct Drop,0
South Africa,Truck,Direct Drop,0
South Sudan,Air,Direct Drop,0
Vietnam,Air,Direct Drop,0
Ghana,Air,Direct Drop,0
Zambia,Air,Direct Drop,0
South Africa,Truck,Direct Drop,0
Vietnam,Air,Direct Drop,0
South Africa,Ocean,Direct Drop,0
South Africa,Ocean,Direct Drop,50
Côte d'Ivoire,Air,Direct Drop,0
Swaziland,Air,Direct Drop,0
South Africa,Truck,Direct Drop,0
South Africa,Truck,Direct Drop,0
South Africa,Ocean,Direct Drop,3
Nigeria,Air,Direct Drop,8
South Africa,Truck,Direct Drop,0
Tanzania,Air,Direct Drop,0
Cameroon,Air,Direct Drop,-8
Ethiopia,Air,Direct Drop,0
South Africa,Truck,Direct Drop,0
Rwanda,Ocean,Direct Drop,0
Guyana,Air,Direct Drop,0
Haiti,Air,Direct Drop,0
Kenya,Air,Direct Drop,0
South Africa,Truck,Direct Drop,0
South Africa,Ocean,Direct Drop,0
Rwanda,Air,Direct Drop,0
South Africa,Truck,Direct Drop,0
Nigeria,Air,Direct Drop,70
South Africa,Truck,Direct Drop,6
Haiti,Air,Direct Drop,0
Rwanda,Air,Direct Drop,0
Vietnam,Air,Direct Drop,0
Rwanda,Air,Direct Drop,0
Côte d'Ivoire,Air,Direct Drop,0
Kenya,Air,Direct Drop,0
Vietnam,Air,Direct Drop,0
Dominican Republic,Air,Direct Drop,0
Vietnam,Air,Direct Drop,0
Zambia,Air,Direct Drop,0
Uganda,Air,Direct Drop,0
Ghana,Ocean,Direct Drop,0
South Africa,Ocean,Direct Drop,0
Côte d'Ivoire,Air,Direct Drop,0
South Africa,Truck,Direct Drop,0
Uganda,Ocean,Direct Drop,0
"Congo, DRC",Air,Direct Drop,0
Rwanda,Air,Direct Drop,0
Uganda,Air,Direct Drop,0
Nigeria,Air,Direct Drop,21
South Africa,Truck,Direct Drop,0
South Africa,Truck,Direct Drop,0
Ethiopia,Air,Direct Drop,0
Vietnam,Air,Direct Drop,0
Rwanda,Air,Direct Drop,0
Côte d'Ivoire,Air,Direct Drop,0
Liberia,Air,Direct Drop,0
Haiti,Ocean,Direct Drop,0
Guyana,Air,Direct Drop,0
South Africa,Truck,Direct Drop,0
Uganda,Air,Direct Drop,0
Nigeria,Air,Direct Drop,8
Uganda,Air,Direct Drop,0
Vietnam,Air,Direct Drop,0
South Africa,Truck,Direct Drop,0
Sudan,Air,Direct Drop,0
Ghana,Air,Direct Drop,0
Burundi,Air,Direct Drop,0
Ghana,Air,Direct Drop,0
Zambia,Air,Direct Drop,0
Dominican Republic,Air,Direct Drop,0
South Africa,Truck,Direct Drop,0
Nigeria,Air,Direct Drop,-4
South Africa,Truck,Direct Drop,0
South Africa,Truck,Direct Drop,0
Vietnam,Air,Direct Drop,0
South Africa,Air,Direct Drop,27
Haiti,Ocean,Direct Drop,0
Cameroon,Air,Direct Drop,0
South Africa,Truck,Direct Drop,0
Côte d'Ivoire,Air,Direct Drop,0
Rwanda,Air,Direct Drop,0
Kenya,Air,Direct Drop,0
Haiti,Ocean,Direct Drop,0
Rwanda,Air,Direct Drop,0
Tanzania,Air,Direct Drop,0
South Africa,Truck,Direct Drop,0
Côte d'Ivoire,Air,Direct Drop,0
South Africa,Truck,Direct Drop,0
Nigeria,Air,Direct Drop,0
Tanzania,Air,Direct Drop,0
Kenya,Air,Direct Drop,0
Mali,Air,Direct Drop,0
South Africa,Ocean,Direct Drop,0
Guyana,Air,Direct Drop,0
Zambia,Air,Direct Drop,0
South Africa,Truck,Direct Drop,0
Tanzania,Air,Direct Drop,0
Tanzania,Air,Direct Drop,0
Nigeria,Air,Direct Drop,1
Ethiopia,Air,Direct Drop,0
Haiti,Ocean,Direct Drop,0
South Africa,Ocean,Direct Drop,0
Uganda,Air,Direct Drop,0
South Africa,Truck,Direct Drop,0
Zambia,Air,Direct Drop,1
Côte d'Ivoire,Air,Direct Drop,0
South Africa,Ocean,Direct Drop,0
South Africa,Truck,Direct Drop,0
Côte d'Ivoire,Air,Direct Drop,0
South Africa,Truck,Direct Drop,0
Vietnam,Air,Direct Drop,0
Zambia,Air,Direct Drop,0
Guyana,Air,Direct Drop,0
South Africa,Truck,Direct Drop,0
Ethiopia,Ocean,Direct Drop,0
"Congo, DRC",Air,Direct Drop,0
South Sudan,Air,Direct Drop,5
South Africa,Truck,Direct Drop,0
South Africa,Truck,Direct Drop,0
Lesotho,Air,Direct Drop,0
South Africa,Truck,Direct Drop,0
South Sudan,Air,Direct Drop,0
Nigeria,Air,Direct Drop,0
Zambia,Ocean,Direct Drop,0
Haiti,Air,Direct Drop,0
Vietnam,Air,Direct Drop,0
South Africa,Truck,Direct Drop,0
Vietnam,Air,Direct Drop,0
South Africa,Air,Direct Drop,3
Vietnam,Air,Direct Drop,0
Vietnam,Air,Direct Drop,0
Namibia,Air,Direct Drop,0
South Africa,Truck,Direct Drop,0
South Africa,Air,Direct Drop,36
Guyana,Air,Direct Drop,0
Tanzania,Air,Direct Drop,0
Haiti,Air,Direct Drop,0
Côte d'Ivoire,Air,Direct Drop,0
South Africa,Ocean,Direct Drop,0
Mozambique,Air,Direct Drop,0
South Africa,Truck,Direct Drop,0
Tanzania,Air,Direct Drop,0
South Africa,Truck,Direct Drop,0
South Africa,Air,Direct Drop,0
Rwanda,Air,Direct Drop,0
Mozambique,Air,Direct Drop,0
Nigeria,Air,Direct Drop,0
Mozambique,Air,Direct Drop,28
Tanzania,Air,Direct Drop,0
South Africa,Truck,Direct Drop,0
South Africa,Truck,Direct Drop,0
Nigeria,Air,Direct Drop,0
Vietnam,Air,Direct Drop,0
South Africa,Air,Direct Drop,0
Kenya,Air,Direct Drop,0
South Africa,Truck,Direct Drop,0
Côte d'Ivoire,Air,Direct Drop,0
Malawi,Air,Direct Drop,0
Uganda,Air,Direct Drop,0
South Africa,Air,Direct Drop,0
Kenya,Air,Direct Drop,0
Nigeria,Air,Direct Drop,-13
Vietnam,Air,Direct Drop,0
South Africa,Truck,Direct Drop,0
Zimbabwe,Air,Direct Drop,0
South Africa,Truck,Direct Drop,0
Haiti,Air,Direct Drop,0
Nigeria,Air,Direct Drop,0
Rwanda,Air,Direct Drop,0
South Africa,Truck,Direct Drop,0
Rwanda,Air,Direct Drop,0
Vietnam,Air,Direct Drop,0
Nigeria,Air,Direct Drop,-1
South Africa,Truck,Direct Drop,0
Ethiopia,Air,Direct Drop,0
South Africa,Truck,Direct Drop,0
South Africa,Truck,Direct Drop,0
Vietnam,Air,Direct Drop,0
South Africa,Truck,Direct Drop,0
Kenya,Air,Direct Drop,0
Côte d'Ivoire,Ocean,Direct Drop,0
Tanzania,Air,Direct Drop,0
Nigeria,Air,Direct Drop,0
South Africa,Truck,Direct Drop,0
Tanzania,Ocean,Direct Drop,0
Uganda,Air,Direct Drop,0
Côte d'Ivoire,Air,Direct Drop,0
Uganda,Air,Direct Drop,-5
Rwanda,Air,Direct Drop,0
Guyana,Air,Direct Drop,0
Ethiopia,Air,Direct Drop,0
Nigeria,Air,Direct Drop,0
South Africa,Truck,Direct Drop,0
Rwanda,Ocean,Direct Drop,0
Nigeria,Air,Direct Drop,0
South Africa,Truck,Direct Drop,0
South Sudan,Air,Direct Drop,0
Zambia,Air,Direct Drop,0
South Africa,Truck,Direct Drop,0
Uganda,Air,Direct Drop,0
Tanzania,Air,Direct Drop,0
Pakistan,Air,Direct Drop,0
South Africa,Truck,Direct Drop,0
South Africa,Air,Direct Drop,71
Vietnam,Air,Direct Drop,0
South Africa,Air,Direct Drop,0
Vietnam,Air,Direct Drop,0
Vietnam,Air,Direct Drop,0
South Africa,Air,Direct Drop,50
South Africa,Air,Direct Drop,7
Vietnam,Air,Direct Drop,0
Tanzania,Air,Direct Drop,0
Rwanda,Air,Direct Drop,0
Côte d'Ivoire,Air,Direct Drop,0
Ethiopia,Air,Direct Drop,0
Tanzania,Air,Direct Drop,0
Ethiopia,Air,Direct Drop,0
South Africa,Ocean,Direct Drop,0
South Africa,Truck,Direct Drop,0
Vietnam,Air,Direct Drop,0
Tanzania,Air,Direct Drop,-7
Haiti,Air,Direct Drop,0
Vietnam,Air,Direct Drop,0
Mozambique,Air,Direct Drop,0
South Africa,Truck,Direct Drop,0
Mozambique,Air,Direct Drop,0
Tanzania,Air,Direct Drop,0
Namibia,Air,Direct Drop,0
South Africa,Truck,Direct Drop,0
Rwanda,Air,Direct Drop,0
Sudan,Air,Direct Drop,0
Haiti,Air,Direct Drop,0
South Africa,Truck,Direct Drop,0
Nigeria,Air,Direct Drop,0
Tanzania,Air,Direct Drop,0
Nigeria,Air,Direct Drop,6
South Africa,Truck,Direct Drop,0
Haiti,Air,Direct Drop,0
South Sudan,Air,Direct Drop,0
South Africa,Truck,Direct Drop,0
Rwanda,Air,Direct Drop,49
Nigeria,Air,Direct Drop,0
Zambia,Air,Direct Drop,-5
Tanzania,Air,Direct Drop,0
Vietnam,Air,Direct Drop,0
South Africa,Truck,Direct Drop,0
Cameroon,Air,Direct Drop,0
Côte d'Ivoire,Air,Direct Drop,0
South Africa,Truck,Direct Drop,0
Zimbabwe,Air Charter,Direct Drop,0
Kenya,Air,Direct Drop,0
"Congo, DRC",Air,Direct Drop,0
South Africa,Truck,Direct Drop,0
South Africa,Air,Direct Drop,0
Haiti,Ocean,Direct Drop,0
Côte d'Ivoire,Air,Direct Drop,0
Mozambique,Air,Direct Drop,0
South Sudan,Air,Direct Drop,0
South Africa,Truck,Direct Drop,0
Uganda,Air,Direct Drop,0
South Africa,Truck,Direct Drop,0
South Africa,Truck,Direct Drop,0
Cameroon,Air,Direct Drop,0
Zambia,Air,Direct Drop,4
Nigeria,Air,Direct Drop,0
Guyana,Air,Direct Drop,0
South Africa,Ocean,Direct Drop,0
Sudan,Air,Direct Drop,0
Mozambique,Ocean,Direct Drop,0
Tanzania,Air,Direct Drop,0
Côte d'Ivoire,Air,Direct Drop,0
Vietnam,Air,Direct Drop,0
South Africa,Truck,Direct Drop,0
Vietnam,Air,Direct Drop,0
South Africa,Ocean,Direct Drop,0
Uganda,Air,Direct Drop,0
Vietnam,Air,Direct Drop,0
Vietnam,Air,Direct Drop,0
Haiti,Air,Direct Drop,0
Zambia,Air,Direct Drop,-1
Haiti,Air,Direct Drop,0
Haiti,Air,Direct Drop,0
South Africa,Truck,Direct Drop,0
Nigeria,Air,Direct Drop,8
Sudan,Air,Direct Drop,0
Tanzania,Air,Direct Drop,-1
South Africa,Truck,Direct Drop,0
Uganda,Air,Direct Drop,0
South Africa,Truck,Direct Drop,0
Nigeria,Air,Direct Drop,42
Cameroon,Air,Direct Drop,0
Uganda,Air,Direct Drop,0
South Africa,Ocean,Direct Drop,0
Vietnam,Air,Direct Drop,0
Mozambique,Ocean,Direct Drop,0
Zimbabwe,Air,Direct Drop,11
Côte d'Ivoire,Air,Direct Drop,0
Nigeria,Air,Direct Drop,0
Uganda,Air,Direct Drop,0
South Africa,Ocean,Direct Drop,0
Côte d'Ivoire,Air,Direct Drop,0
Vietnam,Air,Direct Drop,0
South Africa,Ocean,Direct Drop,58
Kenya,Air,Direct Drop,0
South Africa,Truck,Direct Drop,0
South Africa,Ocean,Direct Drop,39
South Africa,Truck,Direct Drop,0
Cameroon,Air,Direct Drop,0
South Africa,Truck,Direct Drop,0
Vietnam,Air,Direct Drop,0
Uganda,Air,Direct Drop,0
Swaziland,Air,Direct Drop,0
Vietnam,Air,Direct Drop,0
Vietnam,Air,Direct Drop,0
Côte d'Ivoire,Air,Direct Drop,0
Angola,Air,Direct Drop,0
South Africa,Truck,Direct Drop,0
South Africa,Ocean,Direct Drop,0
"Congo, DRC",Air,Direct Drop,0
Mozambique,Air,Direct Drop,0
Vietnam,Air,Direct Drop,0
Uganda,Air,Direct Drop,0
Swaziland,Ocean,Direct Drop,0
Rwanda,Air,Direct Drop,0
Sudan,Air,Direct Drop,0
South Sudan,Air,Direct Drop,0
Botswana,Air,Direct Drop,0
Haiti,Air,Direct Drop,0
Cameroon,Air,Direct Drop,0
Haiti,Air,Direct Drop,0
South Africa,Truck,Direct Drop,0
Haiti,Ocean,Direct Drop,0
Mozambique,Air,Direct Drop,0
Vietnam,Air,Direct Drop,0
Vietnam,Air,Direct Drop,0
Vietnam,Air,Direct Drop,0
Tanzania,Air,Direct Drop,0
South Africa,Truck,Direct Drop,0
South Africa,Truck,Direct Drop,0
Uganda,Air,Direct Drop,0
South Africa,Truck,Direct Drop,0
South Africa,Truck,Direct Drop,0
Côte d'Ivoire,Air,Direct Drop,0
South Africa,Truck,Direct Drop,0
South Africa,Truck,Direct Drop,0
Zambia,Air,Direct Drop,0
Côte d'Ivoire,Air,Direct Drop,0
Haiti,Ocean,Direct Drop,0
Tanzania,Air,Direct Drop,0
Dominican Republic,Air,Direct Drop,0
Vietnam,Air,Direct Drop,0
Vietnam,Air,Direct Drop,0
South Africa,Ocean,Direct Drop,0
Nigeria,Air,Direct Drop,4
South Africa,Truck,Direct Drop,0
South Africa,Ocean,Direct Drop,0
Nigeria,Air,Direct Drop,4
Vietnam,Air,Direct Drop,0
Côte d'Ivoire,Air,Direct Drop,0
South Sudan,Air,Direct Drop,0
Vietnam,Air,Direct Drop,0
Côte d'Ivoire,Air,Direct Drop,0
Tanzania,Air,Direct Drop,0
Burundi,Air,Direct Drop,0
Côte d'Ivoire,Air,Direct Drop,0
Côte d'Ivoire,Air,Direct Drop,0
Liberia,Air,Direct Drop,0
Tanzania,Air,Direct Drop,0
South Africa,Truck,Direct Drop,0
Sierra Leone,Air,Direct Drop,0
South Africa,Truck,Direct Drop,0
South Africa,Truck,Direct Drop,0
South Africa,Truck,Direct Drop,0
Cameroon,Air,Direct Drop,0
South Africa,Truck,Direct Drop,0
"Congo, DRC",Air,Direct Drop,0
Uganda,Air,Direct Drop,0
South Africa,Truck,Direct Drop,0
Vietnam,Air,Direct Drop,0
Vietnam,Air,Direct Drop,0
South Africa,Ocean,Direct Drop,0
Sudan,Air,Direct Drop,0
Haiti,Air,Direct Drop,0
"Congo, DRC",Air,Direct Drop,0
South Africa,Truck,Direct Drop,0
Uganda,Air,Direct Drop,0
South Africa,Truck,Direct Drop,0
Vietnam,Air,Direct Drop,0
South Sudan,Air,Direct Drop,0
South Africa,Truck,Direct Drop,0
Vietnam,Air,Direct Drop,0
South Africa,Truck,Direct Drop,0
Côte d'Ivoire,Air,Direct Drop,0
South Africa,Truck,Direct Drop,0
Vietnam,Air,Direct Drop,0
South Africa,Truck,Direct Drop,0
South Africa,Truck,Direct Drop,0
South Africa,Truck,Direct Drop,0
Zimbabwe,Air Charter,Direct Drop,0
Tanzania,Air,Direct Drop,0
Botswana,Air,Direct Drop,0
"Congo, DRC",Air,Direct Drop,0
South Africa,Ocean,Direct Drop,0
Haiti,Ocean,Direct Drop,0
South Africa,Truck,Direct Drop,0
Zambia,Air,Direct Drop,0
South Africa,Ocean,Direct Drop,0
Vietnam,Air,Direct Drop,0
Zambia,Air,Direct Drop,0
Vietnam,Air,Direct Drop,0
Haiti,Air,Direct Drop,0
Nigeria,Air,Direct Drop,-5
Vietnam,Air,Direct Drop,0
South Africa,Truck,Direct Drop,0
South Africa,Air,Direct Drop,86
Mozambique,Air,Direct Drop,0
Zimbabwe,Air,Direct Drop,0
Rwanda,Air,Direct Drop,0
Vietnam,Air,Direct Drop,0
South Africa,Truck,Direct Drop,0
Vietnam,Air,Direct Drop,0
South Africa,Truck,Direct Drop,0
Botswana,Air,Direct Drop,2
South Africa,Truck,Direct Drop,0
South Africa,Truck,Direct Drop,0
South Africa,Truck,Direct Drop,0
South Africa,Truck,Direct Drop,0
Haiti,Truck,Direct Drop,0
Vietnam,Air,Direct Drop,0
South Africa,Truck,Direct Drop,0
South Africa,Ocean,Direct Drop,0
"Congo, DRC",Air,Direct Drop,0
Malawi,Air,Direct Drop,0
Mozambique,Air,Direct Drop,0
Zambia,Air,Direct Drop,-4
Vietnam,Air,Direct Drop,0
South Africa,Truck,Direct Drop,0
Zimbabwe,Air,Direct Drop,0
Côte d'Ivoire,Air,Direct Drop,0
Vietnam,Air,Direct Drop,0
South Africa,Truck,Direct Drop,0
Uganda,Air,Direct Drop,0
South Africa,Truck,Direct Drop,0
South Africa,Truck,Direct Drop,0
Vietnam,Air,Direct Drop,0
South Africa,Truck,Direct Drop,0
Namibia,Air,Direct Drop,0
Zambia,Air,Direct Drop,0
South Africa,Truck,Direct Drop,0
Vietnam,Air,Direct Drop,0
South Africa,Ocean,Direct Drop,0
Tanzania,Air,Direct Drop,0
Haiti,Air,Direct Drop,0
South Africa,Truck,Direct Drop,0
Haiti,Ocean,Direct Drop,0
Zimbabwe,Air Charter,Direct Drop,0
Côte d'Ivoire,Air,Direct Drop,0
South Africa,Truck,Direct Drop,0
Zimbabwe,Air,Direct Drop,0
Uganda,Air,Direct Drop,0
Haiti,Air,Direct Drop,0
South Africa,Air,Direct Drop,2
Guyana,Air,Direct Drop,0
Haiti,Air,Direct Drop,0
Côte d'Ivoire,Air,Direct Drop,0
South Africa,Truck,Direct Drop,0
Haiti,Air,Direct Drop,0
"Congo, DRC",Air,Direct Drop,0
South Sudan,Air,Direct Drop,0
Burundi,Air,Direct Drop,0
South Africa,Truck,Direct Drop,0
South Africa,Ocean,Direct Drop,0
Tanzania,Air,Direct Drop,0
South Africa,Truck,Direct Drop,0
Kenya,Air,Direct Drop,3
Ethiopia,Air,Direct Drop,0
South Africa,Ocean,Direct Drop,0
Botswana,Air,Direct Drop,0
Ethiopia,Air,Direct Drop,0
South Africa,Truck,Direct Drop,0
Vietnam,Air,Direct Drop,0
Haiti,Air,Direct Drop,0
Côte d'Ivoire,Air,Direct Drop,0
Tanzania,Air,Direct Drop,0
South Africa,Ocean,Direct Drop,0
Uganda,Air,Direct Drop,0
Haiti,Air,Direct Drop,0
South Africa,Truck,Direct Drop,0
Tanzania,Air,Direct Drop,0
South Africa,Ocean,Direct Drop,0
Rwanda,Air,Direct Drop,0
South Africa,Truck,Direct Drop,0
Zambia,Air,Direct Drop,-6
South Africa,Truck,Direct Drop,0
Liberia,Air,Direct Drop,0
South Africa,Ocean,Direct Drop,0
Sudan,Air,Direct Drop,0
South Africa,Air,Direct Drop,41
Côte d'Ivoire,Air,Direct Drop,0
Mozambique,Air,Direct Drop,0
Uganda,Air,Direct Drop,0
South Africa,Truck,Direct Drop,0
Vietnam,Air,Direct Drop,0
Haiti,Air,Direct Drop,0
Uganda,Air,Direct Drop,2
South Africa,Truck,Direct Drop,0
Rwanda,Ocean,Direct Drop,0
Ghana,Air,Direct Drop,0
Nigeria,Air,Direct Drop,6
Zambia,Air,Direct Drop,0
South Africa,Truck,Direct Drop,0
Zimbabwe,Ocean,Direct Drop,0
Dominican Republic,Air,Direct Drop,0
Côte d'Ivoire,Air,Direct Drop,0
South Africa,Air,Direct Drop,14
South Africa,Truck,Direct Drop,0
Uganda,Air,Direct Drop,0
Uganda,Air,Direct Drop,0
South Africa,Truck,Direct Drop,0
Dominican Republic,Air,Direct Drop,0
South Africa,Ocean,Direct Drop,71
"Congo, DRC",Air,Direct Drop,0
Rwanda,Air,Direct Drop,0
Haiti,Air,Direct Drop,0
Ethiopia,Air,Direct Drop,0
Haiti,Air,Direct Drop,0
Vietnam,Air,Direct Drop,0
Côte d'Ivoire,Air,Direct Drop,0
Haiti,Air,Direct Drop,0
South Africa,Ocean,Direct Drop,7
Haiti,Ocean,Direct Drop,0
South Africa,Truck,Direct Drop,0
South Africa,Ocean,Direct Drop,0
Kenya,Air,Direct Drop,0
Zambia,Air,Direct Drop,4
Sudan,Air,Direct Drop,0
South Africa,Truck,Direct Drop,0
Vietnam,Air,Direct Drop,0
South Africa,Truck,Direct Drop,0
Rwanda,Air,Direct Drop,0
Tanzania,Air,Direct Drop,0
Vietnam,Air,Direct Drop,0
Mozambique,Air,Direct Drop,0
Zambia,Air,Direct Drop,0
Mozambique,Air,Direct Drop,0
Tanzania,Ocean,Direct Drop,0
South Africa,Truck,Direct Drop,0
Guyana,Air,Direct Drop,0
Côte d'Ivoire,Air,Direct Drop,0
Dominican Republic,Air,Direct Drop,0
South Africa,Air,Direct Drop,0
Mali,Air,Direct Drop,0
South Sudan,Air,Direct Drop,0
Uganda,Air,Direct Drop,0
Haiti,Air,Direct Drop,0
Mozambique,Air,Direct Drop,0
Ethiopia,Air,Direct Drop,0
Vietnam,Air,Direct Drop,0
"Congo, DRC",Air,Direct Drop,0
Vietnam,Air,Direct Drop,0
Côte d'Ivoire,Air,Direct Drop,0
South Africa,Air,Direct Drop,0
Côte d'Ivoire,Air,Direct Drop,0
Haiti,Ocean,Direct Drop,0
Malawi,Air,Direct Drop,0
Vietnam,Air,Direct Drop,0
Côte d'Ivoire,Air,Direct Drop,0
Zambia,Air,Direct Drop,1
Côte d'Ivoire,Air,Direct Drop,0
South Africa,Truck,Direct Drop,0
Haiti,Ocean,Direct Drop,0
South Africa,Truck,Direct Drop,0
South Africa,Truck,Direct Drop,0
Zambia,Air,Direct Drop,0
Tanzania,Air,Direct Drop,0
Vietnam,Air,Direct Drop,0
South Africa,Truck,Direct Drop,0
Nigeria,Air,Direct Drop,1
Côte d'Ivoire,Air,Direct Drop,0
Uganda,Air,Direct Drop,0
South Africa,Truck,Direct Drop,0
Haiti,Air,Direct Drop,0
Uganda,Air,Direct Drop,0
Angola,Air,Direct Drop,0
South Africa,Truck,Direct Drop,0
South Africa,Truck,Direct Drop,0
Rwanda,Air,Direct Drop,0
"Congo, DRC",Air,Direct Drop,0
Vietnam,Air,Direct Drop,0
South Africa,Truck,Direct Drop,0
Mozambique,Air,Direct Drop,0
Cameroon,Air,Direct Drop,0
Vietnam,Air,Direct Drop,0
Côte d'Ivoire,Air,Direct Drop,0
South Africa,Truck,Direct Drop,0
Côte d'Ivoire,Ocean,Direct Drop,0
Kenya,Air,Direct Drop,0
Uganda,Air,Direct Drop,0
South Africa,Truck,Direct Drop,0
South Africa,Truck,Direct Drop,0
Vietnam,Air,Direct Drop,0
"Congo, DRC",Air,Direct Drop,0
South Sudan,Air,Direct Drop,0
Vietnam,Air,Direct Drop,0
Uganda,Air,Direct Drop,0
South Africa,Ocean,Direct Drop,0
Côte d'Ivoire,Air,Direct Drop,0
South Africa,Truck,Direct Drop,0
South Africa,Ocean,Direct Drop,0
South Africa,Truck,Direct Drop,0
Zambia,Air,Direct Drop,0
Cameroon,Air,Direct Drop,0
South Africa,Truck,Direct Drop,0
Dominican Republic,Air,Direct Drop,0
Rwanda,Air,Direct Drop,0
Mozambique,Air,Direct Drop,0
Vietnam,Air,Direct Drop,0
Vietnam,Air,Direct Drop,0
Haiti,Ocean,Direct Drop,0
Malawi,Air,Direct Drop,0
South Africa,Truck,Direct Drop,0
Vietnam,Air,Direct Drop,0
Vietnam,Air,Direct Drop,0
South Africa,Truck,Direct Drop,0
Nigeria,Air,Direct Drop,0
Zimbabwe,Air,Direct Drop,0
Cameroon,Air,Direct Drop,0
Mali,Air,Direct Drop,0
Haiti,Ocean,Direct Drop,0
Rwanda,Air,Direct Drop,0
Rwanda,Air,Direct Drop,0
South Africa,Truck,Direct Drop,0
Sudan,Air,Direct Drop,0
Tanzania,Air,Direct Drop,0
Vietnam,Air,Direct Drop,0
Cameroon,Air,Direct Drop,0
Vietnam,Air,Direct Drop,0
Botswana,Air,Direct Drop,0
Haiti,Ocean,Direct Drop,0
South Africa,Truck,Direct Drop,0
Ghana,Air,Direct Drop,0
South Africa,Truck,Direct Drop,0
Uganda,Air,Direct Drop,0
Ethiopia,Air,Direct Drop,0
Côte d'Ivoire,Air,Direct Drop,0
Swaziland,Air,Direct Drop,0
Côte d'Ivoire,Air,Direct Drop,0
Tanzania,Air,Direct Drop,0
South Africa,Truck,Direct Drop,0
South Africa,Truck,Direct Drop,0
Vietnam,Air,Direct Drop,0
Haiti,Air,Direct Drop,0
Nigeria,Air,Direct Drop,0
Côte d'Ivoire,Air,Direct Drop,0
Zimbabwe,Air,Direct Drop,0
South Sudan,Air,Direct Drop,0
Tanzania,Air,Direct Drop,0
"Congo, DRC",Air,Direct Drop,0
South Sudan,Air,Direct Drop,0
South Africa,Truck,Direct Drop,0
Kenya,Air,Direct Drop,0
Uganda,Air,Direct Drop,0
Haiti,Air,Direct Drop,0
Tanzania,Air,Direct Drop,0
South Africa,Air,Direct Drop,0
Uganda,Air,Direct Drop,0
Nigeria,Air,Direct Drop,1
Mozambique,Air,Direct Drop,0
South Africa,Ocean,Direct Drop,0
South Africa,Ocean,Direct Drop,0
Côte d'Ivoire,Air,Direct Drop,0
Haiti,Ocean,Direct Drop,0
Côte d'Ivoire,Air,Direct Drop,0
Côte d'Ivoire,Air,Direct Drop,0
Guatemala,Air,Direct Drop,0
Vietnam,Air,Direct Drop,0
Côte d'Ivoire,Air,Direct Drop,0
Namibia,Air,Direct Drop,0
"Congo, DRC",Air,Direct Drop,0
Cameroon,Air,Direct Drop,0
Côte d'Ivoire,Air,Direct Drop,0
Haiti,Air,Direct Drop,0
South Africa,Ocean,Direct Drop,0
Botswana,Air,Direct Drop,0
Rwanda,Air,Direct Drop,0
Nigeria,Air,Direct Drop,0
Nigeria,Air,Direct Drop,0
Mozambique,Air,Direct Drop,0
Cameroon,Air,Direct Drop,0
Vietnam,Air,Direct Drop,0
Namibia,Air,Direct Drop,0
Haiti,Ocean,Direct Drop,0
Nigeria,Air,Direct Drop,4
Haiti,Air,Direct Drop,0
Nigeria,Air,Direct Drop,1
Swaziland,Air,Direct Drop,0
Côte d'Ivoire,Air,Direct Drop,0
Mozambique,Air,Direct Drop,0
South Africa,Ocean,Direct Drop,0
Uganda,Air,Direct Drop,0
Mozambique,Air,Direct Drop,0
Sudan,Air,Direct Drop,0
Zimbabwe,Air,Direct Drop,0
South Africa,Truck,Direct Drop,0
Vietnam,Air,Direct Drop,0
South Africa,Truck,Direct Drop,0
"Congo, DRC",Air,Direct Drop,0
Vietnam,Air,Direct Drop,0
Haiti,Air,Direct Drop,0
Kenya,Air,Direct Drop,0
Mozambique,Air,Direct Drop,0
Nigeria,Air,Direct Drop,5
Rwanda,Air,Direct Drop,0
Uganda,Air,Direct Drop,0
Côte d'Ivoire,Air,Direct Drop,0
Uganda,Air,Direct Drop,0
Haiti,Air,Direct Drop,0
"Congo, DRC",Air,Direct Drop,0
Uganda,Air,Direct Drop,0
South Africa,Truck,Direct Drop,0
Haiti,Ocean,Direct Drop,0
Guyana,Air,Direct Drop,0
South Africa,Ocean,Direct Drop,0
South Sudan,Air,Direct Drop,0
Guyana,Air,Direct Drop,0
Haiti,Air,Direct Drop,0
Uganda,Air,Direct Drop,0
Haiti,Ocean,Direct Drop,0
Nigeria,Air,Direct Drop,0
"Congo, DRC",Air,Direct Drop,0
South Africa,Air,Direct Drop,0
Ethiopia,Air,Direct Drop,0
South Africa,Truck,Direct Drop,0
Nigeria,Air,Direct Drop,0
"Congo, DRC",Air,Direct Drop,0
Vietnam,Air,Direct Drop,0
Ghana,Air,Direct Drop,0
South Sudan,Air,Direct Drop,0
Nigeria,Air,Direct Drop,-13
Haiti,Air,Direct Drop,0
Rwanda,Air,Direct Drop,0
Vietnam,Air,Direct Drop,0
South Africa,Truck,Direct Drop,0
Haiti,Air,Direct Drop,0
Nigeria,Air,Direct Drop,4
Vietnam,Air,Direct Drop,7
Zimbabwe,Air,Direct Drop,0
Kenya,Air,Direct Drop,0
Guyana,Air,Direct Drop,0
Guyana,Air,Direct Drop,0
Botswana,Air,Direct Drop,0
"Congo, DRC",Air,Direct Drop,0
South Africa,Ocean,Direct Drop,-1
Dominican Republic,Air,Direct Drop,0
Vietnam,Air,Direct Drop,0
Tanzania,Air,Direct Drop,0
Zimbabwe,Air,Direct Drop,0
Rwanda,Air,Direct Drop,0
Ethiopia,Air,Direct Drop,0
Malawi,Air,Direct Drop,0
Haiti,Air,Direct Drop,0
Nigeria,Air,Direct Drop,0
Vietnam,Air,Direct Drop,0
Cameroon,Air,Direct Drop,0
South Africa,Truck,Direct Drop,0
Ethiopia,Air,Direct Drop,0
Nigeria,Air,Direct Drop,10
South Africa,Truck,Direct Drop,0
Tanzania,Air,Direct Drop,0
Haiti,Air,Direct Drop,0
South Africa,Ocean,Direct Drop,0
South Africa,Truck,Direct Drop,0
Ethiopia,Air,Direct Drop,0
South Africa,Truck,Direct Drop,0
Zimbabwe,Air,Direct Drop,0
Zambia,Air,Direct Drop,0
South Africa,Truck,Direct Drop,0
Nigeria,Air,Direct Drop,0
Burundi,Air,Direct Drop,0
South Africa,Truck,Direct Drop,0
Côte d'Ivoire,Air,Direct Drop,0
Vietnam,Air,Direct Drop,0
South Africa,Ocean,Direct Drop,0
South Africa,Truck,Direct Drop,0
South Africa,Ocean,Direct Drop,15
Tanzania,Air,Direct Drop,-1
Haiti,Air,Direct Drop,0
Tanzania,Air,Direct Drop,0
Vietnam,Air,Direct Drop,0
Botswana,Air,Direct Drop,0
Mozambique,Air,Direct Drop,0
Tanzania,Air,Direct Drop,0
South Africa,Truck,Direct Drop,0
Ethiopia,Air,Direct Drop,0
South Africa,Truck,Direct Drop,0
Namibia,Air,Direct Drop,0
Tanzania,Air,Direct Drop,0
Guyana,Air,Direct Drop,0
South Africa,Truck,Direct Drop,0
Côte d'Ivoire,Air,Direct Drop,0
Uganda,Air,Direct Drop,0
Haiti,Air,Direct Drop,0
South Africa,Ocean,Direct Drop,0
Tanzania,Air,Direct Drop,0
Vietnam,Air,Direct Drop,0
Rwanda,Air,Direct Drop,0
South Africa,Truck,Direct Drop,0
South Africa,Truck,Direct Drop,0
Nigeria,Air,Direct Drop,0
South Africa,Truck,Direct Drop,0
Haiti,Air,Direct Drop,0
Vietnam,Air,Direct Drop,0
Vietnam,Air,Direct Drop,0
Rwanda,Air,Direct Drop,0
South Africa,Air,Direct Drop,-5
Vietnam,Air,Direct Drop,0
South Africa,Ocean,Direct Drop,0
Nigeria,Air,Direct Drop,0
Ghana,Air,Direct Drop,0
South Africa,Ocean,Direct Drop,30
South Africa,Truck,Direct Drop,0
Vietnam,Air,Direct Drop,0
Haiti,Air,Direct Drop,0
Uganda,Air,Direct Drop,0
South Africa,Truck,Direct Drop,0
Côte d'Ivoire,Air,Direct Drop,0
Uganda,Air,Direct Drop,0
South Africa,Truck,Direct Drop,0
Vietnam,Air,Direct Drop,0
Uganda,Air,Direct Drop,0
Vietnam,Air,Direct Drop,0
Vietnam,Air,Direct Drop,0
Mozambique,Air,Direct Drop,0
South Africa,Truck,Direct Drop,0
South Africa,Truck,Direct Drop,0
South Sudan,Air,Direct Drop,0
South Africa,Truck,Direct Drop,0
Tanzania,Air,Direct Drop,-7
Tanzania,Air,Direct Drop,0
Guyana,Air,Direct Drop,0
South Africa,Ocean,Direct Drop,0
Uganda,Air,Direct Drop,0
Zambia,Air,Direct Drop,-7
Uganda,Air,Direct Drop,0
Haiti,Air,Direct Drop,0
Côte d'Ivoire,Air,Direct Drop,0
Vietnam,Air,Direct Drop,0
South Africa,Truck,Direct Drop,0
Vietnam,Air,Direct Drop,0
South Africa,Truck,Direct Drop,0
South Sudan,Air,Direct Drop,0
Nigeria,Air,Direct Drop,6
Vietnam,Air,Direct Drop,0
Uganda,Air,Direct Drop,0
South Africa,Air,Direct Drop,0
Nigeria,Air,Direct Drop,0
Vietnam,Air,Direct Drop,0
Vietnam,Air,Direct Drop,0
South Africa,Air,Direct Drop,0
Vietnam,Air,Direct Drop,0
Côte d'Ivoire,Air,Direct Drop,0
Uganda,Air,Direct Drop,0
Guinea,Air,Direct Drop,0
Vietnam,Air,Direct Drop,0
Vietnam,Air,Direct Drop,0
Guyana,Air,Direct Drop,0
Tanzania,Air,Direct Drop,0
Cameroon,Air,Direct Drop,0
Vietnam,Air,Direct Drop,0
"Congo, DRC",Air,Direct Drop,0
South Africa,Ocean,Direct Drop,0
Guyana,Air,Direct Drop,0
Zimbabwe,Air Charter,Direct Drop,0
Vietnam,Air,Direct Drop,0
Guyana,Air,Direct Drop,0
Nigeria,Air,Direct Drop,0
Rwanda,Air,Direct Drop,0
South Africa,Truck,Direct Drop,0
Vietnam,Air,Direct Drop,0
Haiti,Air,Direct Drop,0
"Congo, DRC",Air,Direct Drop,0
South Africa,Truck,Direct Drop,0
Côte d'Ivoire,Air,Direct Drop,0
Namibia,Air,Direct Drop,0
Uganda,Ocean,Direct Drop,0
Malawi,Air,Direct Drop,0
Uganda,Air,Direct Drop,0
Zimbabwe,Air Charter,Direct Drop,0
Guyana,Air,Direct Drop,0
South Africa,Ocean,Direct Drop,0
South Africa,Truck,Direct Drop,0
South Sudan,Air,Direct Drop,0
Rwanda,Air,Direct Drop,0
South Africa,Truck,Direct Drop,0
Tanzania,Air,Direct Drop,6
Mozambique,Air,Direct Drop,0
Rwanda,Air,Direct Drop,0
Côte d'Ivoire,Air,Direct Drop,0
Botswana,Air,Direct Drop,0
Vietnam,Air,Direct Drop,0
South Africa,Truck,Direct Drop,0
"Congo, DRC",Air,Direct Drop,0
South Africa,Air,Direct Drop,0
Ethiopia,Air,Direct Drop,0
Tanzania,Air,Direct Drop,0
South Africa,Truck,Direct Drop,0
Nigeria,Air,Direct Drop,0
Mozambique,Air,Direct Drop,0
Tanzania,Air,Direct Drop,0
"Congo, DRC",Air,Direct Drop,0
Zambia,Air,Direct Drop,0
South Sudan,Air,Direct Drop,0
South Africa,Truck,Direct Drop,0
South Africa,Truck,Direct Drop,0
Guyana,Air,Direct Drop,0
South Africa,Truck,Direct Drop,0
Côte d'Ivoire,Air,Direct Drop,0
Vietnam,Air,Direct Drop,0
South Sudan,Air,Direct Drop,0
Côte d'Ivoire,Air,Direct Drop,0
Tanzania,Air,Direct Drop,0
South Africa,Truck,Direct Drop,0
Dominican Republic,Air,Direct Drop,0
Vietnam,Air,Direct Drop,0
Rwanda,Air,Direct Drop,0
Vietnam,Air,Direct Drop,0
Tanzania,Air,Direct Drop,0
Côte d'Ivoire,Air,Direct Drop,0
South Africa,Ocean,Direct Drop,-57
South Africa,Truck,Direct Drop,0
Nigeria,Air,Direct Drop,-1
Zimbabwe,Air,Direct Drop,0
Vietnam,Air,Direct Drop,0
Vietnam,Air,Direct Drop,0
South Africa,Truck,Direct Drop,0
South Africa,Truck,Direct Drop,0
South Africa,Truck,Direct Drop,0
Tanzania,Air,Direct Drop,1
South Sudan,Air,Direct Drop,0
Tanzania,Air,Direct Drop,0
Tanzania,Air,Direct Drop,0
South Africa,Truck,Direct Drop,0
Côte d'Ivoire,Air,Direct Drop,0
Vietnam,Air,Direct Drop,0
South Africa,Truck,Direct Drop,0
Rwanda,Air,Direct Drop,1
Ethiopia,Air,Direct Drop,0
South Africa,Truck,Direct Drop,0
South Africa,Ocean,Direct Drop,0
Vietnam,Air,Direct Drop,0
Rwanda,Ocean,Direct Drop,0
South Africa,Truck,Direct Drop,0
Uganda,Air,Direct Drop,0
Uganda,Air,Direct Drop,0
Mozambique,Air,Direct Drop,0
South Africa,Ocean,Direct Drop,84
Rwanda,Air,Direct Drop,0
Côte d'Ivoire,Air,Direct Drop,0
Haiti,Air,Direct Drop,0
Vietnam,Air,Direct Drop,0
Haiti,Ocean,Direct Drop,0
Tanzania,Air,Direct Drop,0
Côte d'Ivoire,Air,Direct Drop,0
Vietnam,Air,Direct Drop,0
Tanzania,Air,Direct Drop,0
"Congo, DRC",Air,Direct Drop,0
South Sudan,Air,Direct Drop,0
Vietnam,Air,Direct Drop,0
South Africa,Truck,Direct Drop,0
South Africa,Truck,Direct Drop,0
South Africa,Truck,Direct Drop,0
Mozambique,Air,Direct Drop,0
Cameroon,Air,Direct Drop,-7
South Africa,Truck,Direct Drop,0
Vietnam,Air,Direct Drop,0
Tanzania,Air,Direct Drop,0
"Congo, DRC",Air,Direct Drop,0
Vietnam,Air,Direct Drop,0
Vietnam,Air,Direct Drop,0
Rwanda,Air,Direct Drop,0
Uganda,Air,Direct Drop,0
Uganda,Air,Direct Drop,0
South Africa,Truck,Direct Drop,0
Ethiopia,Air,Direct Drop,0
South Africa,Truck,Direct Drop,0
Uganda,Air,Direct Drop,0
Côte d'Ivoire,Air,Direct Drop,0
Zimbabwe,Air Charter,Direct Drop,0
South Africa,Air,Direct Drop,0
Ethiopia,Truck,Direct Drop,0
Zambia,Air,Direct Drop,-4
South Africa,Truck,Direct Drop,0
Nigeria,Air,Direct Drop,1
Zimbabwe,Air Charter,Direct Drop,0
Tanzania,Air,Direct Drop,0
"Congo, DRC",Air,Direct Drop,0
South Africa,Ocean,Direct Drop,0
Botswana,Air,Direct Drop,0
"Congo, DRC",Air,Direct Drop,0
Haiti,Air,Direct Drop,0
Rwanda,Air,Direct Drop,0
South Africa,Truck,Direct Drop,0
Vietnam,Air,Direct Drop,0
Vietnam,Air,Direct Drop,0
Mozambique,Air,Direct Drop,0
South Africa,Air,Direct Drop,0
Ethiopia,Air,Direct Drop,0
South Africa,Ocean,Direct Drop,0
South Africa,Truck,Direct Drop,0
Haiti,Ocean,Direct Drop,0
South Africa,Truck,Direct Drop,0
Vietnam,Air,Direct Drop,0
South Africa,Truck,Direct Drop,0
Nigeria,Air,Direct Drop,-1
Cameroon,Air,Direct Drop,0
Uganda,Air,Direct Drop,0
"Congo, DRC",Air,Direct Drop,0
South Africa,Truck,Direct Drop,0
Uganda,Air,Direct Drop,0
"Congo, DRC",Air,Direct Drop,0
Haiti,Ocean,Direct Drop,0
South Africa,Truck,Direct Drop,0
Tanzania,Air,Direct Drop,0
Vietnam,Air,Direct Drop,0
Zambia,Air,Direct Drop,0
Vietnam,Air,Direct Drop,0
Haiti,Air,Direct Drop,0
Uganda,Air,Direct Drop,0
Vietnam,Air,Direct Drop,0
South Africa,Air,Direct Drop,35
Haiti,Air,Direct Drop,0
South Sudan,Air,Direct Drop,0
Côte d'Ivoire,Air,Direct Drop,0
Zimbabwe,Air,Direct Drop,0
South Africa,Ocean,Direct Drop,-14
"Congo, DRC",Air,Direct Drop,0
Kenya,Air,Direct Drop,0
Nigeria,Air,Direct Drop,0
South Africa,Truck,Direct Drop,0
South Africa,Truck,Direct Drop,0
Vietnam,Air,Direct Drop,0
Rwanda,Air,Direct Drop,0
Uganda,Air,Direct Drop,0
Vietnam,Air,Direct Drop,0
South Africa,Truck,Direct Drop,0
South Sudan,Air,Direct Drop,0
Zimbabwe,Air,Direct Drop,0
South Africa,Ocean,Direct Drop,0
Vietnam,Air,Direct Drop,0
Vietnam,Air,Direct Drop,0
South Africa,Truck,Direct Drop,0
Botswana,Air,Direct Drop,0
Nigeria,Air,Direct Drop,0
Rwanda,Air,Direct Drop,0
Guatemala,Air,Direct Drop,0
Cameroon,Air,Direct Drop,0
South Africa,Truck,Direct Drop,0
South Africa,Ocean,Direct Drop,52
Burundi,Air,Direct Drop,0
South Africa,Truck,Direct Drop,0
South Africa,Ocean,Direct Drop,13
Côte d'Ivoire,Air,Direct Drop,0
South Africa,Truck,Direct Drop,0
Haiti,Air,Direct Drop,0
Vietnam,Air,Direct Drop,0
Rwanda,Air,Direct Drop,0
South Africa,Air,Direct Drop,0
Vietnam,Air,Direct Drop,0
Uganda,Ocean,Direct Drop,0
South Africa,Ocean,Direct Drop,-6
Côte d'Ivoire,Air,Direct Drop,0
Nigeria,Air,Direct Drop,0
Vietnam,Air,Direct Drop,0
Haiti,Air,Direct Drop,0
Haiti,Air,Direct Drop,0
Haiti,Air,Direct Drop,0
Vietnam,Air,Direct Drop,0
South Africa,Truck,Direct Drop,0
Vietnam,Air,Direct Drop,0
"Congo, DRC",Air,Direct Drop,0
Uganda,Air,Direct Drop,0
Vietnam,Air,Direct Drop,0
Nigeria,Air,Direct Drop,0
Vietnam,Air,Direct Drop,0
South Sudan,Air,Direct Drop,0
Vietnam,Air,Direct Drop,0
Nigeria,Air,Direct Drop,0
Tanzania,Air,Direct Drop,7
South Africa,Truck,Direct Drop,0
Tanzania,Air,Direct Drop,0
Vietnam,Air,Direct Drop,0
Uganda,Air,Direct Drop,0
South Sudan,Air,Direct Drop,0
Rwanda,Air,Direct Drop,0
Uganda,Air,Direct Drop,0
Rwanda,Air,Direct Drop,0
Kenya,Air,Direct Drop,0
South Africa,Ocean,Direct Drop,0
Zambia,Air,Direct Drop,0
Liberia,Air,Direct Drop,0
Botswana,Air,Direct Drop,0
Ghana,Air,Direct Drop,0
South Sudan,Air,Direct Drop,5
South Africa,Truck,Direct Drop,0
Rwanda,Air,Direct Drop,0
South Africa,Truck,Direct Drop,0
South Africa,Ocean,Direct Drop,43
Rwanda,Air,Direct Drop,0
Haiti,Ocean,Direct Drop,0
Tanzania,Air,Direct Drop,0
Nigeria,Air,Direct Drop,0
Zimbabwe,Air Charter,Direct Drop,0
Swaziland,Air,Direct Drop,0
Zambia,Air,Direct Drop,0
Cameroon,Air,Direct Drop,0
South Africa,Truck,Direct Drop,0
Vietnam,Air,Direct Drop,0
Namibia,Air,Direct Drop,0
Nigeria,Air,Direct Drop,0
Rwanda,Air,Direct Drop,0
Botswana,Air,Direct Drop,0
South Sudan,Air,Direct Drop,0
Vietnam,Air,Direct Drop,0
Haiti,Air,Direct Drop,0
Kenya,Air,Direct Drop,0
Nigeria,Air,Direct Drop,1
Nigeria,Air,Direct Drop,-1
South Africa,Ocean,Direct Drop,13
Namibia,Air,Direct Drop,0
Haiti,Air,Direct Drop,0
Zimbabwe,Air,Direct Drop,0
South Africa,Ocean,Direct Drop,0
South Africa,Truck,Direct Drop,0
Rwanda,Air,Direct Drop,0
Vietnam,Air,Direct Drop,0
Nigeria,Air,Direct Drop,-10
South Africa,Truck,Direct Drop,0
Vietnam,Air,Direct Drop,0
"Congo, DRC",Air,Direct Drop,0
Vietnam,Air,Direct Drop,0
Ghana,Ocean,Direct Drop,0
South Sudan,Air,Direct Drop,0
"Congo, DRC",Air,Direct Drop,0
South Africa,Truck,Direct Drop,0
South Africa,Truck,Direct Drop,0
Dominican Republic,Air,Direct Drop,0
Nigeria,Air,Direct Drop,0
Haiti,Air,Direct Drop,-13
South Africa,Truck,Direct Drop,0
Vietnam,Air,Direct Drop,0
Uganda,Air,Direct Drop,0
Vietnam,Air,Direct Drop,0
South Africa,Truck,Direct Drop,0
Côte d'Ivoire,Air,Direct Drop,0
Haiti,Air,Direct Drop,0
Haiti,Ocean,Direct Drop,0
Côte d'Ivoire,Air,Direct Drop,0
Rwanda,Air,Direct Drop,0
Vietnam,Air,Direct Drop,0
Vietnam,Air,Direct Drop,0
Haiti,Ocean,Direct Drop,0
Zimbabwe,Air,Direct Drop,-1
Vietnam,Air,Direct Drop,0
South Africa,Truck,Direct Drop,0
Uganda,Air,Direct Drop,0
South Africa,Truck,Direct Drop,0
Rwanda,Ocean,Direct Drop,0
South Africa,Truck,Direct Drop,0
Rwanda,Air,Direct Drop,0
South Africa,Truck,Direct Drop,0
Tanzania,Air,Direct Drop,0
South Africa,Ocean,Direct Drop,0
South Sudan,Air,Direct Drop,5
Nigeria,Air,Direct Drop,0
Rwanda,Air,Direct Drop,0
Haiti,Ocean,Direct Drop,0
South Africa,Air,Direct Drop,0
Namibia,Air,Direct Drop,0
Rwanda,Air,Direct Drop,0
Zambia,Air,Direct Drop,0
Haiti,Air,Direct Drop,0
Kenya,Air,Direct Drop,1
Zambia,Air,Direct Drop,0
South Africa,Ocean,Direct Drop,0
South Africa,Ocean,Direct Drop,0
South Africa,Truck,Direct Drop,0
"Congo, DRC",Air,Direct Drop,0
Côte d'Ivoire,Air,Direct Drop,0
Kenya,Air,Direct Drop,0
Burkina Faso,Air,Direct Drop,0
Kenya,Air,Direct Drop,0
Nigeria,Air,Direct Drop,0
Haiti,Air,Direct Drop,0
Uganda,Air,Direct Drop,0
Vietnam,Air,Direct Drop,0
Uganda,Air,Direct Drop,4
Botswana,Air,Direct Drop,0
Mozambique,Ocean,Direct Drop,0
South Africa,Truck,Direct Drop,0
Haiti,Air,Direct Drop,0
Côte d'Ivoire,Air,Direct Drop,0
Rwanda,Air,Direct Drop,0
Vietnam,Air,Direct Drop,0
Côte d'Ivoire,Air,Direct Drop,0
Haiti,Air,Direct Drop,0
"Congo, DRC",Air,Direct Drop,0
Guyana,Air,Direct Drop,0
South Sudan,Air,Direct Drop,0
Cameroon,Air,Direct Drop,-8
Ghana,Air,Direct Drop,0
Mozambique,Air,Direct Drop,0
South Africa,Ocean,Direct Drop,31
Namibia,Air,Direct Drop,0
South Africa,Truck,Direct Drop,0
Tanzania,Air,Direct Drop,0
Ghana,Air,Direct Drop,0
South Africa,Truck,Direct Drop,0
Tanzania,Air,Direct Drop,0
South Africa,Ocean,Direct Drop,18
"Congo, DRC",Air,Direct Drop,0
Vietnam,Air,Direct Drop,0
South Africa,Ocean,Direct Drop,0
Mozambique,Air,Direct Drop,0
South Africa,Truck,Direct Drop,0
Tanzania,Air,Direct Drop,7
Vietnam,Air,Direct Drop,0
Guyana,Air,Direct Drop,0
South Africa,Truck,Direct Drop,0
Mozambique,Air,Direct Drop,0
Mozambique,Air,Direct Drop,0
Côte d'Ivoire,Air,Direct Drop,0
Haiti,Air,Direct Drop,0
South Africa,Truck,Direct Drop,0
Vietnam,Air,Direct Drop,0
Uganda,Air,Direct Drop,0
South Africa,Ocean,Direct Drop,0
Vietnam,Air,Direct Drop,0
South Africa,Truck,Direct Drop,0
South Africa,Truck,Direct Drop,0
South Africa,Truck,Direct Drop,0
Uganda,Air,Direct Drop,0
Mozambique,Air,Direct Drop,0
South Africa,Ocean,Direct Drop,0
Nigeria,Air,Direct Drop,0
Zimbabwe,Air,Direct Drop,0
Vietnam,Air,Direct Drop,0
"Congo, DRC",Air,Direct Drop,0
South Africa,Truck,Direct Drop,0
Afghanistan,Air,Direct Drop,0
Mozambique,Air,Direct Drop,0
Nigeria,Air,Direct Drop,0
Vietnam,Air,Direct Drop,0
South Africa,Truck,Direct Drop,0
Nigeria,Air,Direct Drop,16
Côte d'Ivoire,Air,Direct Drop,0
South Africa,Ocean,Direct Drop,0
South Africa,Ocean,Direct Drop,-14
Vietnam,Air,Direct Drop,0
Haiti,Air,Direct Drop,0
Haiti,Ocean,Direct Drop,0
Uganda,Air,Direct Drop,0
Tanzania,Air,Direct Drop,0
Zambia,Air,Direct Drop,0
"Congo, DRC",Air,Direct Drop,0
Haiti,Ocean,Direct Drop,0
Vietnam,Air,Direct Drop,0
South Africa,Truck,Direct Drop,0
South Africa,Air,Direct Drop,50
Côte d'Ivoire,Air,Direct Drop,0
South Africa,Ocean,Direct Drop,0
Vietnam,Air,Direct Drop,0
South Sudan,Air,Direct Drop,0
Ghana,Air,Direct Drop,0
Zimbabwe,Air,Direct Drop,0
Uganda,Air,Direct Drop,0
Nigeria,Air,Direct Drop,4
Côte d'Ivoire,Air,Direct Drop,0
South Africa,Ocean,Direct Drop,0
South Africa,Truck,Direct Drop,0
South Africa,Ocean,Direct Drop,127
South Sudan,Air,Direct Drop,0
Uganda,Air,Direct Drop,0
Burundi,Air,Direct Drop,0
South Africa,Truck,Direct Drop,0
Uganda,Air,Direct Drop,0
Namibia,Air,Direct Drop,0
South Africa,Truck,Direct Drop,0
Vietnam,Air,Direct Drop,0
Haiti,Ocean,Direct Drop,0
Cameroon,Air,Direct Drop,0
South Africa,Truck,Direct Drop,0
South Africa,Truck,Direct Drop,0
Ethiopia,Air,Direct Drop,0
Kenya,Air,Direct Drop,19
South Africa,Truck,Direct Drop,0
South Sudan,Air,Direct Drop,0
South Africa,Ocean,Direct Drop,0
South Africa,Truck,Direct Drop,0
"Congo, DRC",Air,Direct Drop,0
Nigeria,Air,Direct Drop,-6
Haiti,Air,Direct Drop,0
Ethiopia,Air,Direct Drop,0
Rwanda,Ocean,Direct Drop,0
Haiti,Air,Direct Drop,0
Haiti,Truck,Direct Drop,0
Zimbabwe,Air,Direct Drop,0
Vietnam,Air,Direct Drop,0
South Africa,Truck,Direct Drop,0
South Africa,Ocean,Direct Drop,0
Kenya,Air,Direct Drop,0
Vietnam,Air,Direct Drop,0
Rwanda,Air,Direct Drop,0
South Africa,Truck,Direct Drop,0
Tanzania,Air,Direct Drop,0
South Africa,Truck,Direct Drop,0
Vietnam,Air,Direct Drop,0
Vietnam,Air,Direct Drop,0
Ghana,Air,Direct Drop,0
South Africa,Truck,Direct Drop,0
Nigeria,Air,Direct Drop,0
Sudan,Air,Direct Drop,0
South Africa,Truck,Direct Drop,0
South Africa,Truck,Direct Drop,0
Côte d'Ivoire,Air,Direct Drop,0
Côte d'Ivoire,Air,Direct Drop,0
South Africa,Truck,Direct Drop,0
Nigeria,Air,Direct Drop,0
Haiti,Air,Direct Drop,0
Haiti,Air,Direct Drop,0
Vietnam,Air,Direct Drop,0
Zambia,Air,Direct Drop,0
Vietnam,Air,Direct Drop,0
South Africa,Truck,Direct Drop,0
Tanzania,Air,Direct Drop,0
South Africa,Truck,Direct Drop,0
Rwanda,Air,Direct Drop,0
South Africa,Truck,Direct Drop,0
Namibia,Air,Direct Drop,0
South Africa,Ocean,Direct Drop,0
Vietnam,Air,Direct Drop,0
Zimbabwe,Air,Direct Drop,0
Mozambique,Air,Direct Drop,0
Vietnam,Air,Direct Drop,0
Nigeria,Air,Direct Drop,0
South Africa,Truck,Direct Drop,0
"Congo, DRC",Air,Direct Drop,0
Ghana,Air,Direct Drop,0
"Congo, DRC",Air,Direct Drop,0
Zambia,Air,Direct Drop,0
South Africa,Truck,Direct Drop,0
South Africa,Truck,Direct Drop,0
Vietnam,Air,Direct Drop,0
Côte d'Ivoire,Air,Direct Drop,0
Cameroon,Air,Direct Drop,0
South Sudan,Air,Direct Drop,0
Zambia,Air,Direct Drop,1
South Africa,Truck,Direct Drop,0
Rwanda,Air,Direct Drop,0
Tanzania,Air,Direct Drop,0
Vietnam,Air,Direct Drop,0
Rwanda,Air,Direct Drop,0
Haiti,Ocean,Direct Drop,0
Vietnam,Air,Direct Drop,0
Haiti,Air,Direct Drop,0
Sudan,Air,Direct Drop,0
Tanzania,Air,Direct Drop,0
Haiti,Ocean,Direct Drop,0
Uganda,Air,Direct Drop,0
Tanzania,Air,Direct Drop,0
Ghana,Air,Direct Drop,0
Haiti,Air,Direct Drop,0
Nigeria,Air,Direct Drop,0
South Sudan,Air,Direct Drop,0
Vietnam,Air,Direct Drop,0
Ghana,Air,Direct Drop,0
Côte d'Ivoire,Air,Direct Drop,0
South Africa,Truck,Direct Drop,0
Tanzania,Air,Direct Drop,1
Zimbabwe,Air,Direct Drop,0
Dominican Republic,Truck,Direct Drop,0
South Africa,Truck,Direct Drop,0
Cameroon,Air,Direct Drop,0
South Sudan,Air,Direct Drop,0
Kenya,Air,Direct Drop,0
South Sudan,Air,Direct Drop,0
Haiti,Air,Direct Drop,0
"Congo, DRC",Air,Direct Drop,0
Mozambique,Air,Direct Drop,0
South Africa,Truck,Direct Drop,0
Dominican Republic,Air,Direct Drop,0
Vietnam,Air,Direct Drop,0
Rwanda,Air,Direct Drop,0
Mozambique,Air,Direct Drop,0
Vietnam,Air,Direct Drop,0
Zambia,Air,Direct Drop,0
Tanzania,Air,Direct Drop,0
Mozambique,Air,Direct Drop,0
Zambia,Air,Direct Drop,0
South Africa,Air,Direct Drop,0
South Sudan,Air,Direct Drop,0
Mozambique,Air,Direct Drop,12
Haiti,Ocean,Direct Drop,0
South Sudan,Air,Direct Drop,0
South Africa,Truck,Direct Drop,0
Rwanda,Air,Direct Drop,0
Kenya,Air,Direct Drop,0
Vietnam,Air,Direct Drop,0
South Africa,Truck,Direct Drop,0
Vietnam,Air,Direct Drop,0
Tanzania,Air,Direct Drop,0
Vietnam,Air,Direct Drop,0
Côte d'Ivoire,Air,Direct Drop,0
Rwanda,Air,Direct Drop,0
Haiti,Ocean,Direct Drop,0
"Congo, DRC",Air,Direct Drop,0
South Africa,Ocean,Direct Drop,30
Sudan,Air,Direct Drop,0
South Africa,Truck,Direct Drop,0
Haiti,Ocean,Direct Drop,0
Vietnam,Air,Direct Drop,0
Dominican Republic,Air,Direct Drop,0
South Africa,Truck,Direct Drop,0
Vietnam,Air,Direct Drop,0
South Africa,Truck,Direct Drop,0
Nigeria,Air,Direct Drop,0
South Africa,Truck,Direct Drop,0
Namibia,Air,Direct Drop,0
South Africa,Truck,Direct Drop,0
Uganda,Air,Direct Drop,0
Zambia,Air,Direct Drop,0
South Africa,Truck,Direct Drop,0
Vietnam,Air,Direct Drop,0
Nigeria,Air,Direct Drop,0
Haiti,Air,Direct Drop,0
Liberia,Air,Direct Drop,0
South Africa,Truck,Direct Drop,0
Tanzania,Air,Direct Drop,0
South Africa,Ocean,Direct Drop,13
South Africa,Truck,Direct Drop,0
Cameroon,Air,Direct Drop,0
Côte d'Ivoire,Air,Direct Drop,0
"Congo, DRC",Air,Direct Drop,0
South Africa,Ocean,Direct Drop,21
Swaziland,Air,Direct Drop,0
South Africa,Truck,Direct Drop,0
South Africa,Truck,Direct Drop,0
South Africa,Truck,Direct Drop,0
Haiti,Air,Direct Drop,0
South Sudan,Air,Direct Drop,5
South Africa,Truck,Direct Drop,0
South Africa,Ocean,Direct Drop,0
Côte d'Ivoire,Air,Direct Drop,0
Tanzania,Air,Direct Drop,0
South Africa,Truck,Direct Drop,0
Vietnam,Air,Direct Drop,0
Uganda,Air,Direct Drop,0
Ethiopia,Air,Direct Drop,0
South Africa,Air,Direct Drop,0
Rwanda,Air,Direct Drop,0
Sudan,Air,Direct Drop,0
Vietnam,Air,Direct Drop,0
Rwanda,Air,Direct Drop,0
Zambia,Air,Direct Drop,0
Burundi,Air,Direct Drop,0
Vietnam,Air,Direct Drop,0
South Africa,Truck,Direct Drop,0
Uganda,Ocean,Direct Drop,0
South Africa,Ocean,Direct Drop,0
South Sudan,Air,Direct Drop,0
Vietnam,Air,Direct Drop,0
Haiti,Ocean,Direct Drop,0
South Sudan,Air,Direct Drop,0
Nigeria,Air,Direct Drop,0
Cameroon,Air,Direct Drop,0
"Congo, DRC",Air,Direct Drop,0
South Africa,Truck,Direct Drop,0
Vietnam,Air,Direct Drop,0
South Africa,Truck,Direct Drop,0
Ghana,Air,Direct Drop,0
Tanzania,Air,Direct Drop,0
Tanzania,Air,Direct Drop,0
Côte d'Ivoire,Air,Direct Drop,0
Rwanda,Air,Direct Drop,0
Zimbabwe,Air,Direct Drop,14
South Sudan,Air,Direct Drop,0
Uganda,Air,Direct Drop,0
Uganda,Air,Direct Drop,0
South Africa,Truck,Direct Drop,0
Botswana,Air,Direct Drop,0
Nigeria,Air,Direct Drop,43
South Africa,Truck,Direct Drop,0
South Africa,Truck,Direct Drop,0
South Africa,Truck,Direct Drop,0
South Africa,Truck,Direct Drop,0
"Congo, DRC",Air,Direct Drop,0
Rwanda,Air,Direct Drop,0
Nigeria,Air,Direct Drop,44
Vietnam,Air,Direct Drop,-14
Côte d'Ivoire,Air,Direct Drop,0
Vietnam,Air,Direct Drop,0
Cameroon,Air,Direct Drop,0
South Africa,Ocean,Direct Drop,0
Cameroon,Air,Direct Drop,0
Zimbabwe,Ocean,Direct Drop,0
Vietnam,Air,Direct Drop,0
Vietnam,Air,Direct Drop,0
Vietnam,Air,Direct Drop,0
Mali,Air,Direct Drop,0
Vietnam,Air,Direct Drop,0
Vietnam,Air,Direct Drop,0
Côte d'Ivoire,Air,Direct Drop,0
South Africa,Air,Direct Drop,27
South Africa,Truck,Direct Drop,0
South Africa,Truck,Direct Drop,0
Uganda,Air,Direct Drop,0
Côte d'Ivoire,Air,Direct Drop,0
South Africa,Truck,Direct Drop,0
Côte d'Ivoire,Air,Direct Drop,0
Rwanda,Air,Direct Drop,0
Rwanda,Air,Direct Drop,0
Côte d'Ivoire,Air,Direct Drop,0
Vietnam,Air,Direct Drop,0
Vietnam,Air,Direct Drop,0
Haiti,Air,Direct Drop,0
"Congo, DRC",Air,Direct Drop,0
South Africa,Truck,Direct Drop,0
Uganda,Air,Direct Drop,0
Nigeria,Air,Direct Drop,0
Namibia,Air,Direct Drop,0
Haiti,Air,Direct Drop,0
South Africa,Truck,Direct Drop,0
Zimbabwe,Air,Direct Drop,33
"Congo, DRC",Air,Direct Drop,19
Namibia,Air,Direct Drop,0
Haiti,Air,Direct Drop,0
Cameroon,Air,Direct Drop,0
Botswana,Air,Direct Drop,0
South Africa,Truck,Direct Drop,0
Côte d'Ivoire,Air,Direct Drop,0
Botswana,Air,Direct Drop,0
Vietnam,Air,Direct Drop,0
South Africa,Ocean,Direct Drop,0
South Africa,Ocean,Direct Drop,0
South Africa,Truck,Direct Drop,0
Vietnam,Air,Direct Drop,0
South Africa,Ocean,Direct Drop,0
Rwanda,Air,Direct Drop,0
Vietnam,Air,Direct Drop,0
South Africa,Ocean,Direct Drop,0
Burundi,Air,Direct Drop,0
Ethiopia,Air,Direct Drop,0
Vietnam,Air,Direct Drop,0
Tanzania,Air,Direct Drop,6
Vietnam,Air,Direct Drop,0
Tanzania,Air,Direct Drop,0
Nigeria,Air,Direct Drop,-6
Zimbabwe,Air,Direct Drop,0
Zimbabwe,Air,Direct Drop,0
Zambia,Air,Direct Drop,-1
South Africa,Truck,Direct Drop,0
South Africa,Truck,Direct Drop,0
South Sudan,Air,Direct Drop,0
Zambia,Air,Direct Drop,0
South Africa,Truck,Direct Drop,0
Uganda,Air,Direct Drop,0
Kenya,Air,Direct Drop,0
Vietnam,Air,Direct Drop,0
Haiti,Air,Direct Drop,0
Rwanda,Air,Direct Drop,0
Vietnam,Air,Direct Drop,3
South Africa,Truck,Direct Drop,0
Vietnam,Air,Direct Drop,0
Côte d'Ivoire,Air,Direct Drop,0
Vietnam,Air,Direct Drop,0
South Africa,Truck,Direct Drop,0
South Africa,Truck,Direct Drop,0
Nigeria,Air,Direct Drop,0
Sudan,Air,Direct Drop,0
South Africa,Truck,Direct Drop,0
Haiti,Air,Direct Drop,0
"Congo, DRC",Air,Direct Drop,0
South Africa,Ocean,Direct Drop,0
Nigeria,Air,Direct Drop,14
Côte d'Ivoire,Air,Direct Drop,0
Tanzania,Air,Direct Drop,0
Haiti,Air,Direct Drop,0
Vietnam,Air,Direct Drop,0
Tanzania,Air,Direct Drop,3
Guatemala,Air,Direct Drop,0
South Africa,Ocean,Direct Drop,34
Vietnam,Air,Direct Drop,0
"Congo, DRC",Air,Direct Drop,0
South Africa,Truck,Direct Drop,0
South Africa,Truck,Direct Drop,0
Nigeria,Air,Direct Drop,10
"Congo, DRC",Air,Direct Drop,0
Côte d'Ivoire,Air,Direct Drop,0
Rwanda,Air,Direct Drop,0
Guyana,Air,Direct Drop,0
Nigeria,Air,Direct Drop,0
Côte d'Ivoire,Air,Direct Drop,0
Zimbabwe,Air Charter,Direct Drop,0
Vietnam,Air,Direct Drop,0
South Africa,Truck,Direct Drop,0
Mozambique,Air,Direct Drop,0
Haiti,Air,Direct Drop,0
Vietnam,Air,Direct Drop,0
South Africa,Truck,Direct Drop,0
Vietnam,Air,Direct Drop,0
Vietnam,Air,Direct Drop,0
Vietnam,Air,Direct Drop,0
Cameroon,Air,Direct Drop,0
Nigeria,Air,Direct Drop,0
Uganda,Air,Direct Drop,0
Nigeria,Air,Direct Drop,1
Zambia,Air,Direct Drop,0
South Africa,Truck,Direct Drop,0
Tanzania,Air,Direct Drop,0
Mozambique,Air,Direct Drop,0
Haiti,Ocean,Direct Drop,0
South Africa,Truck,Direct Drop,0
South Africa,Air,Direct Drop,0
Vietnam,Air,Direct Drop,0
Mozambique,Air,Direct Drop,0
South Africa,Truck,Direct Drop,0
Namibia,Air,Direct Drop,0
"Congo, DRC",Air,Direct Drop,0
South Sudan,Air,Direct Drop,0
Uganda,Air,Direct Drop,0
"Congo, DRC",Air,Direct Drop,0
Zimbabwe,Air Charter,Direct Drop,0
Uganda,Air,Direct Drop,0
Vietnam,Air,Direct Drop,0
South Africa,Truck,Direct Drop,0
Rwanda,Air,Direct Drop,0
South Africa,Truck,Direct Drop,0
Uganda,Air,Direct Drop,0
Côte d'Ivoire,Air,Direct Drop,0
Haiti,Air,Direct Drop,0
Swaziland,Air,Direct Drop,0
Tanzania,Air,Direct Drop,0
Côte d'Ivoire,Air,Direct Drop,0
Nigeria,Air,Direct Drop,70
"Congo, DRC",Air,Direct Drop,0
Uganda,Air,Direct Drop,0
Zimbabwe,Air Charter,Direct Drop,0
South Africa,Ocean,Direct Drop,16
Zambia,Air,Direct Drop,0
Haiti,Air,Direct Drop,0
South Africa,Truck,Direct Drop,0
Côte d'Ivoire,Air,Direct Drop,0
Zambia,Air,Direct Drop,0
Côte d'Ivoire,Air,Direct Drop,0
South Africa,Truck,Direct Drop,0
South Africa,Truck,Direct Drop,0
South Africa,Truck,Direct Drop,0
South Africa,Truck,Direct Drop,0
South Africa,Truck,Direct Drop,0
Zimbabwe,Air,Direct Drop,0
Nigeria,Air,Direct Drop,0
Rwanda,Air,Direct Drop,0
Uganda,Ocean,Direct Drop,0
South Africa,Truck,Direct Drop,0
Vietnam,Air,Direct Drop,0
Côte d'Ivoire,Air,Direct Drop,0
Côte d'Ivoire,Air,Direct Drop,0
Côte d'Ivoire,Air,Direct Drop,0
Botswana,Air,Direct Drop,0
South Africa,Truck,Direct Drop,0
Kenya,Air,Direct Drop,0
South Africa,Truck,Direct Drop,0
Haiti,Ocean,Direct Drop,0
Kenya,Air,Direct Drop,0
South Africa,Truck,Direct Drop,0
Zimbabwe,Air,Direct Drop,0
South Africa,Truck,Direct Drop,2
South Africa,Air,Direct Drop,0
Rwanda,Air,Direct Drop,0
Ghana,Air,Direct Drop,0
South Africa,Ocean,Direct Drop,0
Vietnam,Air,Direct Drop,0
Guatemala,Air,Direct Drop,0
Haiti,Air,Direct Drop,0
South Africa,Ocean,Direct Drop,0
Vietnam,Air,Direct Drop,0
Haiti,Air,Direct Drop,0
Vietnam,Air,Direct Drop,0
South Sudan,Air,Direct Drop,0
South Africa,Ocean,Direct Drop,33
Haiti,Air,Direct Drop,0
Côte d'Ivoire,Air,Direct Drop,0
Kenya,Air,Direct Drop,21
South Africa,Truck,Direct Drop,0
Zambia,Air,Direct Drop,0
Vietnam,Air,Direct Drop,0
South Africa,Truck,Direct Drop,0
Côte d'Ivoire,Air,Direct Drop,0
South Africa,Truck,Direct Drop,0
Vietnam,Air,Direct Drop,0
South Africa,Air,Direct Drop,13
Vietnam,Air,Direct Drop,0
South Africa,Truck,Direct Drop,0
Mozambique,Air,Direct Drop,0
Zimbabwe,Air,Direct Drop,0
Mozambique,Air,Direct Drop,0
Vietnam,Air,Direct Drop,0
South Africa,Truck,Direct Drop,0
Haiti,Ocean,Direct Drop,0
Mozambique,Air,Direct Drop,0
South Africa,Ocean,Direct Drop,23
Ethiopia,Air,Direct Drop,0
Nigeria,Air,Direct Drop,-5
Nigeria,Air,Direct Drop,-2
Haiti,Air,Direct Drop,0
South Africa,Truck,Direct Drop,0
Ethiopia,Air,Direct Drop,0
Guatemala,Air,Direct Drop,0
South Africa,Truck,Direct Drop,0
South Africa,Truck,Direct Drop,0
Guyana,Air,Direct Drop,0
South Africa,Ocean,Direct Drop,0
South Africa,Truck,Direct Drop,0
South Africa,Truck,Direct Drop,0
South Africa,Ocean,Direct Drop,23
South Africa,Truck,Direct Drop,0
South Africa,Truck,Direct Drop,0
South Africa,Truck,Direct Drop,0
Vietnam,Air,Direct Drop,0
Zimbabwe,Air Charter,Direct Drop,0
South Africa,Truck,Direct Drop,0
South Africa,Air,Direct Drop,71
South Sudan,Air,Direct Drop,5
Nigeria,Air,Direct Drop,0
Vietnam,Air,Direct Drop,0
Vietnam,Air,Direct Drop,0
Haiti,Air,Direct Drop,0
South Africa,Truck,Direct Drop,-2
Uganda,Air,From RDC,0
Nigeria,Air Charter,From RDC,-10
Côte d'Ivoire,Air,From RDC,0
Zimbabwe,Truck,From RDC,-6
Zambia,Truck,From RDC,-7
Nigeria,Air Charter,From RDC,0
Côte d'Ivoire,Air,From RDC,-8
Côte d'Ivoire,Air,From RDC,0
Côte d'Ivoire,Air,From RDC,-12
Uganda,Air,From RDC,-36
Mozambique,Air,From RDC,7
Zambia,Truck,From RDC,-37
Uganda,Air,From RDC,7
Haiti,Air,From RDC,-3
Mozambique,Truck,From RDC,-7
Haiti,Air,From RDC,9
Côte d'Ivoire,Air,From RDC,-13
Haiti,Air,From RDC,-2
Mozambique,Air,From RDC,0
Mozambique,Air,From RDC,0
Zambia,Truck,From RDC,-10
Mozambique,Truck,From RDC,-5
Uganda,Air,From RDC,-1
Zimbabwe,Air,From RDC,-19
Uganda,Air,From RDC,-2
Côte d'Ivoire,Air,From RDC,-11
Côte d'Ivoire,Air,From RDC,-60
Nigeria,Air Charter,From RDC,-19
Nigeria,Air Charter,From RDC,-19
Nigeria,Air Charter,From RDC,-19
Nigeria,Air Charter,From RDC,-19
Nigeria,Air Charter,From RDC,-19
Nigeria,Air Charter,From RDC,-19
Nigeria,Air Charter,From RDC,-19
Nigeria,Air Charter,From RDC,-19
Nigeria,Air Charter,From RDC,-19
Nigeria,Air Charter,From RDC,-19
Nigeria,Air Charter,From RDC,-20
Uganda,Truck,From RDC,-7
Uganda,Air,From RDC,-76
Zambia,Truck,From RDC,-6
Mozambique,Truck,From RDC,-7
Uganda,Air,From RDC,-37
Nigeria,Air Charter,From RDC,-13
Uganda,Air,From RDC,0
Uganda,Air,From RDC,0
Zimbabwe,Truck,From RDC,0
Mozambique,Truck,From RDC,-16
Ethiopia,Air,From RDC,-1
Nigeria,Air Charter,From RDC,-2
Nigeria,Air Charter,From RDC,-2
Zambia,Truck,From RDC,-1
Côte d'Ivoire,Air,From RDC,-7
Côte d'Ivoire,Air,From RDC,-7
Haiti,Air,From RDC,-12
Côte d'Ivoire,Air,From RDC,-12
Zambia,Truck,From RDC,-128
Zambia,Truck,From RDC,-128
Côte d'Ivoire,Air,From RDC,-4
Côte d'Ivoire,Air,From RDC,-4
Côte d'Ivoire,Air,From RDC,-4
Ethiopia,Air,From RDC,-7
Nigeria,Air,From RDC,-17
Nigeria,Air,From RDC,-17
Nigeria,Air,From RDC,-17
Nigeria,Air,From RDC,-17
Rwanda,Air,From RDC,-27
Tanzania,Air,From RDC,-3
Tanzania,Air,From RDC,-8
Nigeria,Air Charter,From RDC,8
Nigeria,Air Charter,From RDC,-14
Côte d'Ivoire,Air,From RDC,-8
Ethiopia,Air,From RDC,14
Côte d'Ivoire,Air,From RDC,-5
Guyana,Air,From RDC,-65
Zambia,Truck,From RDC,-23
Haiti,Air,From RDC,1
Mozambique,Truck,From RDC,6
Guyana,Air,From RDC,-10
Côte d'Ivoire,Truck,From RDC,-4
Côte d'Ivoire,Truck,From RDC,-4
Côte d'Ivoire,Air,From RDC,10
Mozambique,Truck,From RDC,3
Dominican Republic,Air,From RDC,-54
Côte d'Ivoire,Air,From RDC,1
Haiti,Air,From RDC,16
Zambia,Air,From RDC,18
Uganda,Air,From RDC,-22
Ethiopia,Air,From RDC,-9
Nigeria,Air Charter,From RDC,-6
Ethiopia,Air,From RDC,-17
Côte d'Ivoire,Air,From RDC,22
Uganda,Air,From RDC,-47
Uganda,Truck,From RDC,22
Zimbabwe,Truck,From RDC,-14
Uganda,Air,From RDC,6
Ethiopia,Air,From RDC,-43
Côte d'Ivoire,Air,From RDC,51
Zimbabwe,Truck,From RDC,50
Haiti,Air,From RDC,20
Haiti,Air,From RDC,-8
Uganda,Truck,From RDC,13
Nigeria,Air Charter,From RDC,20
Zimbabwe,Truck,From RDC,30
Zimbabwe,Truck,From RDC,30
Guyana,Air,From RDC,-134
Ethiopia,Air,From RDC,-20
Nigeria,Air Charter,From RDC,21
Zambia,Truck,From RDC,-10
Zimbabwe,Truck,From RDC,-4
Zimbabwe,Air,From RDC,-57
Zambia,Air,From RDC,-28
Uganda,Truck,From RDC,0
Uganda,Truck,From RDC,4
Zimbabwe,Truck,From RDC,-1
Côte d'Ivoire,Air,From RDC,-15
Mozambique,Truck,From RDC,0
Uganda,Air,From RDC,-74
Uganda,Air,From RDC,14
Côte d'Ivoire,Air,From RDC,0
Guyana,Air,From RDC,-15
Nigeria,Air Charter,From RDC,-36
Nigeria,Air Charter,From RDC,-36
Nigeria,Air Charter,From RDC,-36
Nigeria,Air Charter,From RDC,-36
Swaziland,Air,From RDC,-15
Swaziland,Air,From RDC,-15
Haiti,Air,From RDC,-21
Swaziland,Air,From RDC,5
Uganda,Air,From RDC,2
Tanzania,Air,From RDC,0
Mozambique,Truck,From RDC,0
Nigeria,Air Charter,From RDC,-52
Nigeria,Air Charter,From RDC,-53
Mozambique,Truck,From RDC,0
Côte d'Ivoire,Truck,From RDC,-26
Zambia,Ocean,From RDC,-43
Mozambique,Truck,From RDC,0
Tanzania,Air,From RDC,-39
Tanzania,Air,From RDC,-40
Nigeria,Air Charter,From RDC,-75
Nigeria,Air Charter,From RDC,-75
Côte d'Ivoire,Truck,From RDC,0
Nigeria,Air Charter,From RDC,-75
Nigeria,Air Charter,From RDC,-89
Côte d'Ivoire,Air Charter,From RDC,-79
Nigeria,Air Charter,From RDC,-89
"Congo, DRC",Air,From RDC,7
Tanzania,Truck,From RDC,-24
Zambia,Truck,From RDC,-10
"Congo, DRC",Air,From RDC,-31
"Congo, DRC",Air,From RDC,-31
"Congo, DRC",Air,From RDC,-31
"Congo, DRC",Air,From RDC,-31
"Congo, DRC",Air,From RDC,4
"Congo, DRC",Air,From RDC,4
"Congo, DRC",Air,From RDC,4
"Congo, DRC",Air,From RDC,-2
"Congo, DRC",Air,From RDC,26
"Congo, DRC",Air,From RDC,28
"Congo, DRC",Air,From RDC,7
"Congo, DRC",Air,From RDC,-2
Zambia,Truck,From RDC,-11
Mozambique,Truck,From RDC,22
"Congo, DRC",Air,From RDC,0
"Congo, DRC",Air,From RDC,0
Zambia,Truck,From RDC,-70
Tanzania,Truck,From RDC,-3
Côte d'Ivoire,Truck,From RDC,1
Tanzania,Truck,From RDC,-3
Côte d'Ivoire,Truck,From RDC,-7
Tanzania,Truck,From RDC,-52
Nigeria,Air Charter,From RDC,-125
Nigeria,Air Charter,From RDC,-125
Guyana,Air,From RDC,-11
South Sudan,Air,From RDC,-13
South Sudan,Air,From RDC,-13
Nigeria,Air Charter,From RDC,-125
Nigeria,Air Charter,From RDC,-125
Rwanda,Air,From RDC,-7
Uganda,Truck,From RDC,-57
Uganda,Truck,From RDC,-57
Uganda,Truck,From RDC,-57
Tanzania,Truck,From RDC,-23
Côte d'Ivoire,Air,From RDC,-10
Zimbabwe,Truck,From RDC,-3
Burundi,Air,From RDC,4
Nigeria,Air Charter,From RDC,-51
Nigeria,Air Charter,From RDC,-51
Uganda,Truck,From RDC,-46
Uganda,Truck,From RDC,-46
Uganda,Truck,From RDC,-38
Zimbabwe,Truck,From RDC,-6
Zambia,Truck,From RDC,-4
Zambia,Truck,From RDC,-18
Côte d'Ivoire,Air,From RDC,0
Mozambique,Truck,From RDC,-5
Nigeria,Air Charter,From RDC,-31
Nigeria,Air Charter,From RDC,-60
Zimbabwe,Truck,From RDC,-48
Zimbabwe,Truck,From RDC,-34
Zimbabwe,Truck,From RDC,-111
Côte d'Ivoire,Air,From RDC,1
Rwanda,Air,From RDC,-13
Uganda,Air,From RDC,11
Nigeria,Air Charter,From RDC,-24
Uganda,Air,From RDC,-16
Uganda,Truck,From RDC,-41
Côte d'Ivoire,Air,From RDC,0
Côte d'Ivoire,Air,From RDC,0
Zambia,Truck,From RDC,1
Nigeria,Air Charter,From RDC,-9
Uganda,Air,From RDC,-34
Nigeria,Air Charter,From RDC,-7
Nigeria,Air Charter,From RDC,-9
Côte d'Ivoire,Air,From RDC,-2
Zimbabwe,Truck,From RDC,-98
Mozambique,Truck,From RDC,-32
Côte d'Ivoire,Truck,From RDC,-63
Nigeria,Air,From RDC,-17
Tanzania,Air,From RDC,0
Uganda,Air,From RDC,0
Zambia,Truck,From RDC,-10
Zambia,Truck,From RDC,-18
Côte d'Ivoire,Truck,From RDC,-69
Zambia,Truck,From RDC,-54
Uganda,Air,From RDC,0
Rwanda,Air,From RDC,0
South Sudan,Air,From RDC,-23
Rwanda,Air,From RDC,-1
Côte d'Ivoire,Truck,From RDC,-28
Zambia,Truck,From RDC,-5
Uganda,Air,From RDC,-3
Côte d'Ivoire,Truck,From RDC,-10
Rwanda,Air,From RDC,-1
Cameroon,Air Charter,From RDC,-7
Cameroon,Air Charter,From RDC,-21
Côte d'Ivoire,Truck,From RDC,-5
Côte d'Ivoire,Truck,From RDC,-52
Côte d'Ivoire,Truck,From RDC,-51
Nigeria,Air,From RDC,0
Uganda,Truck,From RDC,-42
Uganda,Truck,From RDC,-21
Mozambique,Truck,From RDC,0
Zimbabwe,Truck,From RDC,-10
Zimbabwe,Truck,From RDC,-3
Nigeria,Air,From RDC,0
Uganda,Air,From RDC,0
Nigeria,Air,From RDC,4
Côte d'Ivoire,Truck,From RDC,-25
Côte d'Ivoire,Truck,From RDC,-14
Zimbabwe,Truck,From RDC,-8
Uganda,Air,From RDC,0
"Congo, DRC",Air,From RDC,0
"Congo, DRC",Air,From RDC,0
Zimbabwe,Truck,From RDC,0
Nigeria,Air Charter,From RDC,0
Uganda,Air,From RDC,24
Côte d'Ivoire,Truck,From RDC,-28
Côte d'Ivoire,Truck,From RDC,-28
Uganda,Air,From RDC,-28
South Sudan,Air,From RDC,-9
Nigeria,Air Charter,From RDC,-22
Zimbabwe,Truck,From RDC,0
Zimbabwe,Truck,From RDC,-1
Zimbabwe,Truck,From RDC,-17
Zimbabwe,Truck,From RDC,-17
Uganda,Truck,From RDC,-23
Haiti,Air,From RDC,-26
Haiti,Air,From RDC,-26
Nigeria,Air Charter,From RDC,-22
Nigeria,Air Charter,From RDC,-22
Nigeria,Air Charter,From RDC,-22
Zimbabwe,Truck,From RDC,-139
Guyana,Truck,From RDC,-34
South Sudan,Air,From RDC,6
Zimbabwe,Truck,From RDC,-109
"Congo, DRC",Air,From RDC,0
Guyana,Air,From RDC,1
South Sudan,Air,From RDC,-4
Mozambique,Air,From RDC,0
Burundi,Air,From RDC,-8
Uganda,Truck,From RDC,0
South Sudan,Air,From RDC,-6
Uganda,Air,From RDC,-2
Mozambique,Truck,From RDC,0
Nigeria,Air Charter,From RDC,-15
Uganda,Truck,From RDC,-21
Nigeria,Air Charter,From RDC,-11
Mozambique,Truck,From RDC,0
Zambia,Truck,From RDC,-18
Tanzania,Truck,From RDC,18
Nigeria,Air Charter,From RDC,0
Nigeria,Air Charter,From RDC,-6
Cameroon,Air Charter,From RDC,-8
Cameroon,Air Charter,From RDC,9
Burundi,Air,From RDC,17
Tanzania,Truck,From RDC,12
Burundi,Air,From RDC,-77
Uganda,Air,From RDC,-20
"Congo, DRC",Air,From RDC,165
"Congo, DRC",Air,From RDC,165
Tanzania,Truck,From RDC,16
Mozambique,Truck,From RDC,0
Zimbabwe,Truck,From RDC,2
Tanzania,Truck,From RDC,-24
Côte d'Ivoire,Truck,From RDC,-10
Guyana,Air,From RDC,4
Burundi,Air,From RDC,2
Burundi,Air,From RDC,2
Zimbabwe,Truck,From RDC,9
Tanzania,Truck,From RDC,4
Nigeria,Air Charter,From RDC,-17
"Congo, DRC",Air,From RDC,88
Rwanda,Truck,From RDC,-39
Guyana,Air,From RDC,-29
Guyana,Air,From RDC,-29
"Congo, DRC",Air,From RDC,72
Mozambique,Truck,From RDC,0
Côte d'Ivoire,Truck,From RDC,11
Côte d'Ivoire,Truck,From RDC,0
Nigeria,Air Charter,From RDC,-35
Zimbabwe,Truck,From RDC,-18
Tanzania,Truck,From RDC,19
Haiti,Air,From RDC,7
Rwanda,Truck,From RDC,-21
Mozambique,Truck,From RDC,10
Mozambique,Truck,From RDC,20
Zimbabwe,Truck,From RDC,10
Zimbabwe,Truck,From RDC,10
Zambia,Truck,From RDC,-20
Zimbabwe,Truck,From RDC,10
Rwanda,Truck,From RDC,3
Tanzania,Truck,From RDC,19
Côte d'Ivoire,Truck,From RDC,12
"Congo, DRC",Air,From RDC,0
Mozambique,Truck,From RDC,20
Mozambique,Truck,From RDC,-18
Tanzania,Truck,From RDC,19
Côte d'Ivoire,Air,From RDC,-10
Mozambique,Truck,From RDC,0
"Congo, DRC",Air,From RDC,-11
Côte d'Ivoire,Truck,From RDC,14
Tanzania,Truck,From RDC,2
Uganda,Truck,From RDC,-2
"Congo, DRC",Air,From RDC,48
Uganda,Truck,From RDC,18
Mozambique,Truck,From RDC,0
Zambia,Truck,From RDC,0
Côte d'Ivoire,Truck,From RDC,-5
Côte d'Ivoire,Truck,From RDC,-8
Guyana,Air,From RDC,-7
Rwanda,Truck,From RDC,32
Mozambique,Truck,From RDC,-31
Zambia,Air,From RDC,10
Tanzania,Truck,From RDC,44
Côte d'Ivoire,Truck,From RDC,-3
Zimbabwe,Truck,From RDC,3
Tanzania,Truck,From RDC,-9
Côte d'Ivoire,Truck,From RDC,-26
Côte d'Ivoire,Truck,From RDC,-86
Côte d'Ivoire,Truck,From RDC,12
Uganda,Truck,From RDC,0
Mozambique,Truck,From RDC,0
Tanzania,Air,From RDC,56
Zambia,Truck,From RDC,2
Zimbabwe,Truck,From RDC,16
Zambia,Truck,From RDC,6
"Congo, DRC",Air,From RDC,8
Nigeria,Air Charter,From RDC,-10
Nigeria,Air Charter,From RDC,-10
Nigeria,Air Charter,From RDC,-41
Zambia,Truck,From RDC,-6
Nigeria,Air Charter,From RDC,-133
Tanzania,Truck,From RDC,7
Zambia,Truck,From RDC,-6
Zambia,Truck,From RDC,-1
Zimbabwe,Truck,From RDC,-93
Zimbabwe,Truck,From RDC,-93
Zimbabwe,Truck,From RDC,-93
Mozambique,Truck,From RDC,-4
South Sudan,Air,From RDC,0
"Congo, DRC",Air,From RDC,42
"Congo, DRC",Air,From RDC,42
"Congo, DRC",Air,From RDC,42
Guyana,Air,From RDC,-62
Guyana,Air,From RDC,-62
Guyana,Air,From RDC,-62
Mozambique,Truck,From RDC,68
Côte d'Ivoire,Truck,From RDC,-74
Mozambique,Truck,From RDC,-65
Mozambique,Truck,From RDC,60
Ethiopia,Air,From RDC,-19
South Sudan,Air,From RDC,-45
Mozambique,Truck,From RDC,27
Nigeria,Air Charter,From RDC,-27
Namibia,Truck,From RDC,-15
South Sudan,Air,From RDC,15
Tanzania,Truck,From RDC,-13
Mozambique,Truck,From RDC,-1
Mozambique,Truck,From RDC,-64
Zambia,Truck,From RDC,-29
Burundi,Air,From RDC,-16
Côte d'Ivoire,Truck,From RDC,-14
Zimbabwe,Truck,From RDC,-15
Zimbabwe,Truck,From RDC,4
"Congo, DRC",Air,From RDC,0
"Congo, DRC",Air,From RDC,0
Zimbabwe,Truck,From RDC,-93
Zimbabwe,Truck,From RDC,-93
"Congo, DRC",Air,From RDC,19
Nigeria,Air Charter,From RDC,-1
Nigeria,Air Charter,From RDC,-1
Nigeria,Air Charter,From RDC,-152
Nigeria,Air Charter,From RDC,-31
Uganda,Truck,From RDC,5
Rwanda,Truck,From RDC,-16
Rwanda,Truck,From RDC,-33
Côte d'Ivoire,Truck,From RDC,12
Mozambique,Truck,From RDC,0
Rwanda,Truck,From RDC,-21
Mozambique,Truck,From RDC,0
Rwanda,Air,From RDC,-38
Guyana,Air,From RDC,-24
Guyana,Air,From RDC,-84
Côte d'Ivoire,Truck,From RDC,-28
Côte d'Ivoire,Truck,From RDC,-28
Rwanda,Truck,From RDC,10
Uganda,Truck,From RDC,-2
Mozambique,Truck,From RDC,31
Zimbabwe,Truck,From RDC,10
Burundi,Air,From RDC,1
Rwanda,Truck,From RDC,-7
Rwanda,Truck,From RDC,-7
Rwanda,Truck,From RDC,-7
Nigeria,Air Charter,From RDC,10
Nigeria,Air Charter,From RDC,10
Côte d'Ivoire,Truck,From RDC,-1
Togo,Air,From RDC,-8
Côte d'Ivoire,Truck,From RDC,-30
Rwanda,Truck,From RDC,19
Uganda,Truck,From RDC,-8
Zimbabwe,Truck,From RDC,-20
Nigeria,Air Charter,From RDC,-15
Zambia,Truck,From RDC,-14
Zambia,Truck,From RDC,-31
Côte d'Ivoire,Truck,From RDC,10
Zambia,Truck,From RDC,-14
Nigeria,Air Charter,From RDC,-16
Côte d'Ivoire,Truck,From RDC,0
"Congo, DRC",Air,From RDC,-10
"Congo, DRC",Air,From RDC,22
Guyana,Air,From RDC,-4
Uganda,Truck,From RDC,-8
Uganda,Truck,From RDC,-8
Uganda,Truck,From RDC,-8
Côte d'Ivoire,Truck,From RDC,6
Zambia,Truck,From RDC,10
Uganda,Truck,From RDC,-6
Nigeria,Air,From RDC,-125
Rwanda,Air,From RDC,-13
Nigeria,Air Charter,From RDC,5
Nigeria,Air Charter,From RDC,5
Nigeria,Air,From RDC,-3
Côte d'Ivoire,Air,From RDC,-6
Côte d'Ivoire,Air,From RDC,0
Haiti,Air,From RDC,-31
Côte d'Ivoire,Air,From RDC,-14
Côte d'Ivoire,Air,From RDC,-21
Uganda,Air,From RDC,-3
Uganda,Air,From RDC,-7
Côte d'Ivoire,Air,From RDC,6
Nigeria,Air Charter,From RDC,0
Haiti,Air,From RDC,-8
Zambia,Truck,From RDC,-50
Côte d'Ivoire,Air,From RDC,6
Côte d'Ivoire,Air,From RDC,-16
Côte d'Ivoire,Air,From RDC,-7
Sudan,Air,From RDC,-8
Côte d'Ivoire,Air,From RDC,-9
Côte d'Ivoire,Air,From RDC,-41
Zimbabwe,Truck,From RDC,-19
Zimbabwe,Truck,From RDC,-19
Haiti,Air,From RDC,-7
Côte d'Ivoire,Air,From RDC,-6
Côte d'Ivoire,Air,From RDC,1
Ethiopia,Air,From RDC,2
Uganda,Air,From RDC,-17
Nigeria,Air Charter,From RDC,-19
Nigeria,Air Charter,From RDC,-19
Nigeria,Air Charter,From RDC,-19
Uganda,Air,From RDC,-12
Nigeria,Air Charter,From RDC,0
Nigeria,Air Charter,From RDC,-20
Nigeria,Air Charter,From RDC,-19
Côte d'Ivoire,Air,From RDC,-4
Uganda,Truck,From RDC,-7
Côte d'Ivoire,Air,From RDC,-5
Uganda,Air,From RDC,-48
Uganda,Air,From RDC,-44
Uganda,Air,From RDC,-44
Uganda,Air,From RDC,-44
Nigeria,Air Charter,From RDC,48
Nigeria,Air Charter,From RDC,-13
Uganda,Air,From RDC,-30
Nigeria,Air Charter,From RDC,-13
Côte d'Ivoire,Air,From RDC,-11
Nigeria,Air Charter,From RDC,-13
Côte d'Ivoire,Air,From RDC,-6
Guyana,Air,From RDC,-11
Ethiopia,Air,From RDC,-14
Haiti,Air,From RDC,-21
Haiti,Air,From RDC,0
Uganda,Air,From RDC,-8
Ethiopia,Air,From RDC,-20
Côte d'Ivoire,Air,From RDC,-12
Haiti,Air,From RDC,-12
Côte d'Ivoire,Air,From RDC,-7
Côte d'Ivoire,Air,From RDC,-4
Nigeria,Air,From RDC,-17
Nigeria,Air,From RDC,-17
Nigeria,Air,From RDC,-17
Nigeria,Air,From RDC,-17
Nigeria,Air,From RDC,-17
Nigeria,Air,From RDC,-17
Nigeria,Air,From RDC,-17
Nigeria,Air,From RDC,-17
Nigeria,Air,From RDC,-17
Zimbabwe,Air,From RDC,-8
Ethiopia,Air,From RDC,-69
Haiti,Air,From RDC,13
Haiti,Air,From RDC,13
Côte d'Ivoire,Air,From RDC,0
Dominican Republic,Air,From RDC,-2
Uganda,Air,From RDC,-7
Uganda,Air,From RDC,-32
Zambia,Truck,From RDC,-56
Côte d'Ivoire,Air,From RDC,-5
Haiti,Air,From RDC,7
Guyana,Air,From RDC,-65
Zimbabwe,Truck,From RDC,4
Tanzania,Truck,From RDC,0
Zambia,Truck,From RDC,4
Côte d'Ivoire,Truck,From RDC,26
Nigeria,Air Charter,From RDC,-8
Nigeria,Air Charter,From RDC,-8
Nigeria,Air Charter,From RDC,-9
Ethiopia,Air,From RDC,-11
Côte d'Ivoire,Air,From RDC,22
Uganda,Truck,From RDC,-25
Ethiopia,Air,From RDC,1
Nigeria,Air Charter,From RDC,-6
Nigeria,Air Charter,From RDC,-6
Côte d'Ivoire,Air,From RDC,22
Côte d'Ivoire,Air,From RDC,6
Côte d'Ivoire,Air,From RDC,22
Uganda,Truck,From RDC,6
Haiti,Air,From RDC,-14
Mozambique,Truck,From RDC,-1
Zambia,Truck,From RDC,5
Zimbabwe,Truck,From RDC,-14
Rwanda,Air,From RDC,-5
Côte d'Ivoire,Air,From RDC,51
Nigeria,Air Charter,From RDC,-41
Zimbabwe,Truck,From RDC,46
Ethiopia,Air,From RDC,8
Ethiopia,Air,From RDC,8
Zimbabwe,Truck,From RDC,13
Zimbabwe,Truck,From RDC,15
Nigeria,Air Charter,From RDC,14
Nigeria,Air Charter,From RDC,21
Nigeria,Air Charter,From RDC,21
Benin,Air,From RDC,-4
Mozambique,Truck,From RDC,-6
Côte d'Ivoire,Air,From RDC,-4
Ghana,Air,From RDC,11
Haiti,Air,From RDC,-21
Mozambique,Truck,From RDC,1
Nigeria,Air Charter,From RDC,6
Zambia,Truck,From RDC,-17
Uganda,Truck,From RDC,-53
Haiti,Air,From RDC,2
Zambia,Truck,From RDC,-17
Mozambique,Truck,From RDC,15
Haiti,Air,From RDC,23
Haiti,Air,From RDC,23
Mozambique,Truck,From RDC,34
Zimbabwe,Truck,From RDC,-7
Zimbabwe,Truck,From RDC,-7
Zambia,Truck,From RDC,-31
Zambia,Truck,From RDC,0
Mozambique,Truck,From RDC,0
Uganda,Truck,From RDC,19
Zimbabwe,Truck,From RDC,7
Haiti,Air,From RDC,-65
Guyana,Air,From RDC,-15
Nigeria,Air Charter,From RDC,-36
Nigeria,Air Charter,From RDC,-20
Zimbabwe,Truck,From RDC,-4
Mozambique,Truck,From RDC,0
Zimbabwe,Truck,From RDC,0
Mozambique,Truck,From RDC,14
Côte d'Ivoire,Truck,From RDC,-11
Côte d'Ivoire,Truck,From RDC,-20
Rwanda,Air,From RDC,-13
Rwanda,Air,From RDC,-3
Zimbabwe,Truck,From RDC,-21
Zimbabwe,Truck,From RDC,2
Uganda,Truck,From RDC,-12
Uganda,Truck,From RDC,-12
Uganda,Truck,From RDC,-12
Tanzania,Truck,From RDC,-10
Zambia,Truck,From RDC,-144
"Congo, DRC",Air,From RDC,-31
"Congo, DRC",Air,From RDC,-31
"Congo, DRC",Air,From RDC,-31
"Congo, DRC",Air,From RDC,-31
"Congo, DRC",Air,From RDC,-31
"Congo, DRC",Air,From RDC,-31
"Congo, DRC",Air,From RDC,4
Guyana,Air,From RDC,-55
"Congo, DRC",Air,From RDC,-2
Mozambique,Truck,From RDC,-22
Mozambique,Truck,From RDC,-22
Haiti,Air,From RDC,10
Tanzania,Truck,From RDC,-18
Tanzania,Truck,From RDC,-11
Tanzania,Truck,From RDC,-11
Zambia,Ocean,From RDC,-32
Nigeria,Air,From RDC,-111
Tanzania,Truck,From RDC,-52
Mozambique,Truck,From RDC,17
Mozambique,Truck,From RDC,17
Tanzania,Truck,From RDC,-19
Burundi,Air,From RDC,8
Haiti,Air,From RDC,-19
Uganda,Air,From RDC,-37
Mozambique,Truck,From RDC,3
Côte d'Ivoire,Truck,From RDC,-5
Côte d'Ivoire,Air,From RDC,-5
Nigeria,Air Charter,From RDC,-20
Libya,Air,From RDC,0
Dominican Republic,Air,From RDC,-12
Zimbabwe,Truck,From RDC,-6
Zimbabwe,Truck,From RDC,-18
Zimbabwe,Truck,From RDC,-18
Zimbabwe,Truck,From RDC,-18
Zambia,Truck,From RDC,-38
Uganda,Air,From RDC,-22
Uganda,Truck,From RDC,-70
"Congo, DRC",Air,From RDC,0
Nigeria,Air Charter,From RDC,-31
Rwanda,Air,From RDC,-46
Zimbabwe,Truck,From RDC,-167
Zimbabwe,Truck,From RDC,-167
"Congo, DRC",Air,From RDC,0
"Congo, DRC",Air,From RDC,0
Mozambique,Truck,From RDC,-33
Nigeria,Air Charter,From RDC,-60
Nigeria,Air Charter,From RDC,-60
Uganda,Air,From RDC,-7
Nigeria,Air Charter,From RDC,6
Nigeria,Air Charter,From RDC,0
Nigeria,Air Charter,From RDC,-24
Nigeria,Air Charter,From RDC,-24
Rwanda,Air,From RDC,-69
Uganda,Air,From RDC,0
Uganda,Air,From RDC,0
"Congo, DRC",Air,From RDC,0
Nigeria,Air Charter,From RDC,-9
Uganda,Air,From RDC,0
Uganda,Air,From RDC,0
Côte d'Ivoire,Truck,From RDC,-19
Nigeria,Air Charter,From RDC,-6
Rwanda,Air,From RDC,-8
Uganda,Truck,From RDC,0
Guyana,Air,From RDC,-34
"Congo, DRC",Air,From RDC,0
Nigeria,Air,From RDC,-17
Nigeria,Air,From RDC,-27
Zambia,Truck,From RDC,-10
Zambia,Truck,From RDC,-17
Zambia,Truck,From RDC,-18
Côte d'Ivoire,Truck,From RDC,-69
Uganda,Truck,From RDC,1
Uganda,Truck,From RDC,-4
Rwanda,Air,From RDC,-1
Rwanda,Air,From RDC,-15
Rwanda,Air,From RDC,7
Rwanda,Air,From RDC,0
South Sudan,Air,From RDC,-23
Uganda,Air,From RDC,0
Mozambique,Truck,From RDC,-21
Uganda,Air,From RDC,-3
Rwanda,Air,From RDC,-1
Cameroon,Air Charter,From RDC,-7
Cameroon,Air Charter,From RDC,-7
Cameroon,Air Charter,From RDC,-21
Zimbabwe,Truck,From RDC,0
Zimbabwe,Truck,From RDC,-16
Côte d'Ivoire,Truck,From RDC,-19
Zambia,Truck,From RDC,-9
Côte d'Ivoire,Truck,From RDC,-19
Haiti,Air,From RDC,-19
Zimbabwe,Truck,From RDC,-3
Nigeria,Air,From RDC,0
Côte d'Ivoire,Truck,From RDC,-18
Rwanda,Air,From RDC,0
Côte d'Ivoire,Truck,From RDC,-63
Tanzania,Truck,From RDC,-368
Uganda,Air,From RDC,0
"Congo, DRC",Air,From RDC,0
Mozambique,Truck,From RDC,0
Mozambique,Truck,From RDC,-10
"Congo, DRC",Air,From RDC,143
Côte d'Ivoire,Truck,From RDC,-11
Côte d'Ivoire,Air,From RDC,-6
Côte d'Ivoire,Truck,From RDC,-27
Uganda,Air,From RDC,-11
Nigeria,Air Charter,From RDC,-22
Zimbabwe,Truck,From RDC,-7
Tanzania,Truck,From RDC,-17
Haiti,Air,From RDC,-40
Haiti,Air,From RDC,-26
Zambia,Truck,From RDC,7
Côte d'Ivoire,Truck,From RDC,-53
Haiti,Air,From RDC,-26
Guyana,Air,From RDC,-34
Tanzania,Truck,From RDC,2
Uganda,Truck,From RDC,-100
Uganda,Air,From RDC,0
Zimbabwe,Truck,From RDC,-22
Zimbabwe,Truck,From RDC,9
Zimbabwe,Truck,From RDC,9
Côte d'Ivoire,Truck,From RDC,2
Mozambique,Air,From RDC,5
Zimbabwe,Truck,From RDC,-1
Dominican Republic,Air,From RDC,27
Burundi,Air,From RDC,-8
Uganda,Air,From RDC,9
Burundi,Air,From RDC,-52
Zimbabwe,Truck,From RDC,-7
Nigeria,Air Charter,From RDC,-18
Mozambique,Truck,From RDC,-30
Uganda,Air,From RDC,-29
Uganda,Truck,From RDC,-21
Nigeria,Air Charter,From RDC,-117
Uganda,Truck,From RDC,10
Tanzania,Truck,From RDC,-2
Nigeria,Air Charter,From RDC,-43
Burundi,Air,From RDC,2
Uganda,Air,From RDC,14
Uganda,Air,From RDC,0
Uganda,Truck,From RDC,0
Tanzania,Truck,From RDC,-35
Uganda,Truck,From RDC,34
Tanzania,Truck,From RDC,-19
Mozambique,Truck,From RDC,12
Cameroon,Air,From RDC,0
Tanzania,Truck,From RDC,-34
Nigeria,Air Charter,From RDC,-8
Côte d'Ivoire,Truck,From RDC,-10
Mozambique,Truck,From RDC,0
Rwanda,Truck,From RDC,11
Mozambique,Truck,From RDC,-38
Zambia,Truck,From RDC,0
Zambia,Truck,From RDC,0
Côte d'Ivoire,Truck,From RDC,-9
Mozambique,Truck,From RDC,-1
Burundi,Air,From RDC,7
Burundi,Air,From RDC,13
Uganda,Truck,From RDC,7
Tanzania,Truck,From RDC,-10
Zimbabwe,Truck,From RDC,-5
Côte d'Ivoire,Air,From RDC,-14
Côte d'Ivoire,Truck,From RDC,4
Rwanda,Truck,From RDC,-39
Guyana,Air,From RDC,-29
Mozambique,Truck,From RDC,62
Mozambique,Truck,From RDC,62
Nigeria,Air Charter,From RDC,8
Nigeria,Air Charter,From RDC,8
Nigeria,Air Charter,From RDC,8
Zambia,Truck,From RDC,0
Tanzania,Truck,From RDC,-11
Zimbabwe,Truck,From RDC,-18
Tanzania,Truck,From RDC,56
Nigeria,Air Charter,From RDC,-7
Rwanda,Truck,From RDC,-9
Uganda,Truck,From RDC,-29
Uganda,Air,From RDC,17
Mozambique,Truck,From RDC,20
Uganda,Truck,From RDC,7
Nigeria,Air Charter,From RDC,-25
Côte d'Ivoire,Air,From RDC,-10
Zimbabwe,Truck,From RDC,-48
"Congo, DRC",Air,From RDC,-11
"Congo, DRC",Air,From RDC,-11
Ghana,Truck,From RDC,-6
Rwanda,Truck,From RDC,5
Rwanda,Truck,From RDC,5
South Sudan,Air,From RDC,-10
South Sudan,Air,From RDC,-10
South Sudan,Air,From RDC,-10
Guyana,Air,From RDC,11
Guyana,Air,From RDC,3
Haiti,Air,From RDC,-6
Zimbabwe,Truck,From RDC,-46
Zimbabwe,Truck,From RDC,-46
Tanzania,Truck,From RDC,0
Uganda,Truck,From RDC,11
Rwanda,Truck,From RDC,-77
Côte d'Ivoire,Truck,From RDC,-8
Rwanda,Truck,From RDC,0
Mozambique,Truck,From RDC,-27
Zambia,Truck,From RDC,29
Mozambique,Truck,From RDC,10
Mozambique,Truck,From RDC,10
Zambia,Truck,From RDC,9
Côte d'Ivoire,Truck,From RDC,10
Haiti,Air,From RDC,36
Nigeria,Air Charter,From RDC,-19
Côte d'Ivoire,Truck,From RDC,-3
Côte d'Ivoire,Truck,From RDC,-18
"Congo, DRC",Air,From RDC,77
Tanzania,Truck,From RDC,-6
Côte d'Ivoire,Truck,From RDC,0
Zambia,Truck,From RDC,19
Mozambique,Truck,From RDC,-62
Mozambique,Truck,From RDC,-62
Nigeria,Air Charter,From RDC,-10
Côte d'Ivoire,Truck,From RDC,-142
Côte d'Ivoire,Truck,From RDC,-142
Tanzania,Truck,From RDC,-2
Zimbabwe,Truck,From RDC,-93
"Congo, DRC",Air,From RDC,42
Mozambique,Truck,From RDC,68
Zambia,Truck,From RDC,0
Mozambique,Truck,From RDC,27
Namibia,Air,From RDC,-28
Nigeria,Air Charter,From RDC,-27
Namibia,Truck,From RDC,-15
Rwanda,Air,From RDC,-37
Tanzania,Truck,From RDC,-9
Mozambique,Truck,From RDC,-1
Mozambique,Truck,From RDC,-30
Guyana,Air,From RDC,-35
Zambia,Truck,From RDC,-42
"Congo, DRC",Air,From RDC,0
"Congo, DRC",Air,From RDC,0
Uganda,Truck,From RDC,5
Zambia,Truck,From RDC,2
Uganda,Truck,From RDC,-23
Uganda,Truck,From RDC,-23
Rwanda,Truck,From RDC,-21
Nigeria,Air Charter,From RDC,-28
Mozambique,Truck,From RDC,0
Rwanda,Truck,From RDC,10
Rwanda,Truck,From RDC,1
Côte d'Ivoire,Truck,From RDC,41
Côte d'Ivoire,Truck,From RDC,24
Mozambique,Truck,From RDC,13
Uganda,Truck,From RDC,-2
Mozambique,Truck,From RDC,14
Rwanda,Truck,From RDC,-2
Nigeria,Air Charter,From RDC,-25
Nigeria,Air Charter,From RDC,-23
Zimbabwe,Truck,From RDC,-14
Zimbabwe,Truck,From RDC,-14
Rwanda,Truck,From RDC,-34
"Congo, DRC",Air,From RDC,61
Uganda,Truck,From RDC,-32
Mozambique,Truck,From RDC,11
Zambia,Truck,From RDC,-31
Nigeria,Air Charter,From RDC,-76
Nigeria,Air Charter,From RDC,-15
Côte d'Ivoire,Truck,From RDC,0
Uganda,Truck,From RDC,-11
Côte d'Ivoire,Truck,From RDC,0
Nigeria,Air Charter,From RDC,-46
Nigeria,Air Charter,From RDC,-46
Zambia,Truck,From RDC,13
Nigeria,Air Charter,From RDC,-28
Nigeria,Air Charter,From RDC,-28
South Sudan,Air,From RDC,-6
Uganda,Truck,From RDC,-8
Côte d'Ivoire,Truck,From RDC,6
Rwanda,Air,From RDC,-12
Nigeria,Air Charter,From RDC,5
Nigeria,Air Charter,From RDC,5
Nigeria,Air,From RDC,-14
Nigeria,Air Charter,From RDC,-27
Nigeria,Air Charter,From RDC,-27
Nigeria,Air Charter,From RDC,-10
Nigeria,Air Charter,From RDC,-28
Uganda,Air,From RDC,-10
Côte d'Ivoire,Air,From RDC,-35
Côte d'Ivoire,Air,From RDC,-13
Uganda,Air,From RDC,-5
Uganda,Air,From RDC,-3
Côte d'Ivoire,Air,From RDC,-2
Côte d'Ivoire,Air,From RDC,-5
Uganda,Air,From RDC,-5
Zambia,Truck,From RDC,3
Nigeria,Air Charter,From RDC,0
Haiti,Air,From RDC,-8
Uganda,Air,From RDC,-24
Haiti,Air,From RDC,-5
Haiti,Air Charter,From RDC,-8
Haiti,Air Charter,From RDC,-8
Haiti,Air Charter,From RDC,-8
Nigeria,Air Charter,From RDC,0
Uganda,Air,From RDC,-56
Ethiopia,Air,From RDC,-27
Uganda,Air,From RDC,-4
Haiti,Air,From RDC,-9
Côte d'Ivoire,Air,From RDC,-16
Côte d'Ivoire,Air,From RDC,-9
Zambia,Truck,From RDC,3
Zambia,Truck,From RDC,0
Zimbabwe,Truck,From RDC,-18
Tanzania,Air,From RDC,-27
Haiti,Air,From RDC,-35
Côte d'Ivoire,Air,From RDC,1
Côte d'Ivoire,Air,From RDC,1
Nigeria,Air Charter,From RDC,-19
Nigeria,Air Charter,From RDC,-19
Nigeria,Air Charter,From RDC,-19
Nigeria,Air Charter,From RDC,-19
Nigeria,Air Charter,From RDC,-19
Zimbabwe,Air,From RDC,-57
Uganda,Truck,From RDC,-7
Uganda,Truck,From RDC,-7
Côte d'Ivoire,Air,From RDC,-5
Côte d'Ivoire,Air,From RDC,-5
Nigeria,Air,From RDC,-19
Zambia,Truck,From RDC,-96
Nigeria,Air Charter,From RDC,-13
Guyana,Air,From RDC,13
Nigeria,Air Charter,From RDC,-13
Nigeria,Air Charter,From RDC,-13
Guyana,Air,From RDC,-34
Uganda,Air,From RDC,0
Nigeria,Air Charter,From RDC,-13
Nigeria,Air Charter,From RDC,-13
Nigeria,Air Charter,From RDC,-13
Ethiopia,Air,From RDC,-59
Tanzania,Air,From RDC,-61
Haiti,Air,From RDC,1
Guyana,Air,From RDC,-11
Côte d'Ivoire,Air,From RDC,-8
Haiti,Air,From RDC,-21
Côte d'Ivoire,Air,From RDC,4
Uganda,Air,From RDC,-8
Côte d'Ivoire,Air,From RDC,-9
Côte d'Ivoire,Air,From RDC,-12
Nigeria,Air,From RDC,-17
Zambia,Truck,From RDC,-13
Nigeria,Air,From RDC,-17
Nigeria,Air,From RDC,-17
Nigeria,Air,From RDC,-23
Nigeria,Air,From RDC,-17
Uganda,Air,From RDC,-16
Uganda,Air,From RDC,-2
Nigeria,Air,From RDC,-14
Ethiopia,Air,From RDC,-69
Nigeria,Air Charter,From RDC,1
Mozambique,Truck,From RDC,-13
Nigeria,Air Charter,From RDC,-14
Côte d'Ivoire,Air,From RDC,0
Côte d'Ivoire,Air,From RDC,0
Côte d'Ivoire,Air,From RDC,0
Côte d'Ivoire,Air,From RDC,-8
Uganda,Air,From RDC,-7
Nigeria,Air Charter,From RDC,-14
Nigeria,Air Charter,From RDC,5
Côte d'Ivoire,Air,From RDC,-5
Haiti,Air,From RDC,7
Uganda,Air,From RDC,6
Nigeria,Air,From RDC,19
Zimbabwe,Truck,From RDC,-5
Côte d'Ivoire,Truck,From RDC,-4
Côte d'Ivoire,Truck,From RDC,-4
Côte d'Ivoire,Truck,From RDC,-4
Zambia,Truck,From RDC,-36
Uganda,Truck,From RDC,0
Uganda,Air,From RDC,-3
Côte d'Ivoire,Air,From RDC,6
Côte d'Ivoire,Air,From RDC,9
Dominican Republic,Air,From RDC,14
Dominican Republic,Air,From RDC,14
Zambia,Truck,From RDC,25
Haiti,Air,From RDC,16
Haiti,Air,From RDC,16
Haiti,Air,From RDC,16
Ethiopia,Air,From RDC,-6
Uganda,Truck,From RDC,-8
Guatemala,Air,From RDC,-7
Mozambique,Air,From RDC,-3
Mozambique,Truck,From RDC,-22
Zambia,Truck,From RDC,14
Côte d'Ivoire,Truck,From RDC,22
Côte d'Ivoire,Air,From RDC,22
Zambia,Truck,From RDC,-11
Haiti,Air,From RDC,-14
Haiti,Air,From RDC,-14
Côte d'Ivoire,Air,From RDC,0
Guyana,Air,From RDC,-6
Guyana,Air,From RDC,-6
Côte d'Ivoire,Air,From RDC,-2
Côte d'Ivoire,Air,From RDC,14
Zambia,Truck,From RDC,5
Uganda,Truck,From RDC,1
Zambia,Truck,From RDC,-9
Tanzania,Air,From RDC,-10
Nigeria,Air Charter,From RDC,-35
Zimbabwe,Truck,From RDC,46
Zimbabwe,Truck,From RDC,46
Uganda,Air,From RDC,53
Nigeria,Air Charter,From RDC,-42
Zambia,Truck,From RDC,20
Zimbabwe,Truck,From RDC,13
Nigeria,Air Charter,From RDC,20
Nigeria,Air Charter,From RDC,21
Nigeria,Air Charter,From RDC,20
Nigeria,Air Charter,From RDC,21
Benin,Air,From RDC,17
Zambia,Truck,From RDC,-4
Ghana,Air,From RDC,11
Tanzania,Air,From RDC,-44
Mozambique,Truck,From RDC,5
Zimbabwe,Truck,From RDC,-4
Zimbabwe,Truck,From RDC,-4
Uganda,Truck,From RDC,14
Côte d'Ivoire,Air,From RDC,0
Zimbabwe,Truck,From RDC,0
Zambia,Truck,From RDC,-17
Côte d'Ivoire,Air,From RDC,-15
Haiti,Air,From RDC,23
Uganda,Truck,From RDC,12
Ghana,Air,From RDC,0
Ghana,Air,From RDC,-26
Zambia,Truck,From RDC,-31
Zimbabwe,Truck,From RDC,-11
Uganda,Truck,From RDC,-13
Uganda,Truck,From RDC,-29
Uganda,Truck,From RDC,19
Côte d'Ivoire,Air,From RDC,0
Tanzania,Truck,From RDC,-17
Nigeria,Air Charter,From RDC,-36
Zimbabwe,Truck,From RDC,0
Zimbabwe,Truck,From RDC,-4
Tanzania,Truck,From RDC,-10
Nigeria,Air Charter,From RDC,-36
Mozambique,Truck,From RDC,0
Swaziland,Air,From RDC,-55
Uganda,Air,From RDC,-14
Zimbabwe,Truck,From RDC,-10
Haiti,Air,From RDC,8
Zambia,Truck,From RDC,12
Nigeria,Air Charter,From RDC,-53
Nigeria,Air Charter,From RDC,-53
Tanzania,Truck,From RDC,-17
Uganda,Truck,From RDC,-22
Nigeria,Air Charter,From RDC,-75
Rwanda,Air,From RDC,0
Mozambique,Truck,From RDC,0
Mozambique,Truck,From RDC,-7
Tanzania,Truck,From RDC,-24
Mozambique,Truck,From RDC,8
Mozambique,Truck,From RDC,8
"Congo, DRC",Air,From RDC,-31
"Congo, DRC",Air,From RDC,-31
Guyana,Air,From RDC,-55
Guyana,Air,From RDC,-55
"Congo, DRC",Air,From RDC,18
"Congo, DRC",Air,From RDC,18
"Congo, DRC",Air,From RDC,-2
"Congo, DRC",Air,From RDC,26
"Congo, DRC",Air,From RDC,-2
"Congo, DRC",Air,From RDC,-2
"Congo, DRC",Air,From RDC,-2
Zimbabwe,Truck,From RDC,16
"Congo, DRC",Air,From RDC,0
Côte d'Ivoire,Truck,From RDC,0
Côte d'Ivoire,Air,From RDC,-81
Côte d'Ivoire,Truck,From RDC,-17
Côte d'Ivoire,Air,From RDC,-52
Nigeria,Air Charter,From RDC,-125
Nigeria,Air Charter,From RDC,-125
Nigeria,Air Charter,From RDC,-125
Guyana,Air,From RDC,-11
Mozambique,Truck,From RDC,17
Burundi,Air,From RDC,-17
Zimbabwe,Truck,From RDC,-8
Zambia,Truck,From RDC,-29
Uganda,Truck,From RDC,-50
Mozambique,Truck,From RDC,3
Zimbabwe,Truck,From RDC,20
Zambia,Truck,From RDC,-15
Rwanda,Air,From RDC,-114
Tanzania,Truck,From RDC,-15
Burundi,Air,From RDC,8
Dominican Republic,Air,From RDC,-5
Libya,Air,From RDC,-29
Côte d'Ivoire,Air,From RDC,0
Mozambique,Truck,From RDC,-5
Uganda,Truck,From RDC,-26
Zimbabwe,Truck,From RDC,-167
Côte d'Ivoire,Air Charter,From RDC,-17
Nigeria,Air Charter,From RDC,-17
Côte d'Ivoire,Truck,From RDC,-28
Côte d'Ivoire,Air,From RDC,-13
Mozambique,Truck,From RDC,-14
Uganda,Air,From RDC,-12
Nigeria,Air Charter,From RDC,-24
Zambia,Truck,From RDC,0
Rwanda,Air,From RDC,-53
Mozambique,Truck,From RDC,-41
Côte d'Ivoire,Air,From RDC,0
Rwanda,Air,From RDC,0
Tanzania,Truck,From RDC,-9
Nigeria,Air Charter,From RDC,-9
Nigeria,Air Charter,From RDC,-9
Uganda,Air,From RDC,0
Rwanda,Air,From RDC,-42
Nigeria,Air Charter,From RDC,-9
Rwanda,Air,From RDC,-47
Zimbabwe,Truck,From RDC,-98
Zimbabwe,Truck,From RDC,-98
Rwanda,Air,From RDC,-10
Côte d'Ivoire,Truck,From RDC,-21
"Congo, DRC",Air,From RDC,0
"Congo, DRC",Air,From RDC,0
"Congo, DRC",Air,From RDC,0
Zimbabwe,Truck,From RDC,11
Zambia,Truck,From RDC,-21
Haiti,Air,From RDC,-17
South Sudan,Air,From RDC,-15
Côte d'Ivoire,Truck,From RDC,-56
South Sudan,Air,From RDC,0
Tanzania,Truck,From RDC,13
Uganda,Air,From RDC,-6
Zimbabwe,Truck,From RDC,-13
Tanzania,Truck,From RDC,-30
Tanzania,Truck,From RDC,-24
Nigeria,Air,From RDC,0
Nigeria,Air,From RDC,0
Nigeria,Air,From RDC,0
Zimbabwe,Truck,From RDC,0
Uganda,Air,From RDC,-36
Mozambique,Truck,From RDC,0
Haiti,Air,From RDC,-17
Zimbabwe,Truck,From RDC,-3
Nigeria,Air,From RDC,0
Côte d'Ivoire,Truck,From RDC,-14
Nigeria,Air,From RDC,0
Uganda,Air,From RDC,0
Côte d'Ivoire,Truck,From RDC,-372
Zimbabwe,Truck,From RDC,-8
Angola,Air,From RDC,0
"Congo, DRC",Air,From RDC,0
Nigeria,Air Charter,From RDC,0
Nigeria,Air Charter,From RDC,0
Uganda,Air,From RDC,6
Uganda,Air,From RDC,-2
Zimbabwe,Truck,From RDC,-17
Côte d'Ivoire,Truck,From RDC,-2
Mozambique,Truck,From RDC,-10
Haiti,Air,From RDC,-96
Haiti,Air,From RDC,-40
Zimbabwe,Truck,From RDC,0
Zimbabwe,Truck,From RDC,-17
Uganda,Air,From RDC,-14
Haiti,Air,From RDC,-40
Haiti,Air,From RDC,-26
Haiti,Air,From RDC,-26
Uganda,Air,From RDC,-2
Zimbabwe,Truck,From RDC,-38
Guyana,Air,From RDC,-19
Guyana,Air,From RDC,-34
Côte d'Ivoire,Truck,From RDC,-32
Mozambique,Truck,From RDC,-76
Haiti,Air,From RDC,-21
Burundi,Air,From RDC,8
Tanzania,Truck,From RDC,-17
Tanzania,Truck,From RDC,-39
Uganda,Truck,From RDC,1
Uganda,Air,From RDC,9
Uganda,Air,From RDC,9
Uganda,Air,From RDC,0
South Sudan,Air,From RDC,-6
South Sudan,Air,From RDC,-6
Zimbabwe,Truck,From RDC,-7
Zimbabwe,Truck,From RDC,-31
Mozambique,Truck,From RDC,12
Nigeria,Air Charter,From RDC,-110
Rwanda,Air,From RDC,-32
Nigeria,Air Charter,From RDC,-11
Nigeria,Air Charter,From RDC,-18
Nigeria,Air Charter,From RDC,-25
Zambia,Truck,From RDC,-21
Tanzania,Air,From RDC,18
Tanzania,Truck,From RDC,-66
Uganda,Truck,From RDC,-13
Uganda,Truck,From RDC,26
Côte d'Ivoire,Truck,From RDC,6
Nigeria,Air Charter,From RDC,-43
Uganda,Air,From RDC,14
Uganda,Air,From RDC,14
Zambia,Truck,From RDC,-38
Uganda,Air,From RDC,0
Uganda,Air,From RDC,15
"Congo, DRC",Air,From RDC,165
"Congo, DRC",Air,From RDC,165
"Congo, DRC",Air,From RDC,164
"Congo, DRC",Air,From RDC,164
Tanzania,Truck,From RDC,-72
Uganda,Air,From RDC,-44
Tanzania,Truck,From RDC,-27
Mozambique,Truck,From RDC,0
Guyana,Air,From RDC,4
Mozambique,Truck,From RDC,13
Zambia,Truck,From RDC,0
Dominican Republic,Air,From RDC,-13
Dominican Republic,Air,From RDC,-19
Nigeria,Air Charter,From RDC,-17
Nigeria,Air Charter,From RDC,-17
Nigeria,Air Charter,From RDC,-35
Nigeria,Air Charter,From RDC,-17
Côte d'Ivoire,Truck,From RDC,-9
Mozambique,Truck,From RDC,-1
Uganda,Truck,From RDC,4
Zimbabwe,Truck,From RDC,-5
Mozambique,Truck,From RDC,62
Zambia,Truck,From RDC,0
Nigeria,Air Charter,From RDC,8
Côte d'Ivoire,Air,From RDC,0
Côte d'Ivoire,Truck,From RDC,0
Tanzania,Truck,From RDC,56
Mozambique,Truck,From RDC,0
Mozambique,Truck,From RDC,-3
Nigeria,Air Charter,From RDC,-21
Nigeria,Air Charter,From RDC,-7
Rwanda,Truck,From RDC,-8
Mozambique,Truck,From RDC,10
Rwanda,Truck,From RDC,25
Tanzania,Truck,From RDC,19
Mozambique,Truck,From RDC,19
Côte d'Ivoire,Truck,From RDC,-41
Côte d'Ivoire,Air,From RDC,-10
Côte d'Ivoire,Air,From RDC,1
Mozambique,Truck,From RDC,-18
Mozambique,Truck,From RDC,-18
"Congo, DRC",Air,From RDC,-11
Zambia,Truck,From RDC,25
Mozambique,Truck,From RDC,-1
Tanzania,Truck,From RDC,2
Guyana,Air,From RDC,3
Haiti,Air,From RDC,-6
Haiti,Air,From RDC,-42
Uganda,Truck,From RDC,-12
Tanzania,Truck,From RDC,1
Nigeria,Air Charter,From RDC,5
Guyana,Air,From RDC,-77
Mozambique,Truck,From RDC,0
Mozambique,Truck,From RDC,0
Côte d'Ivoire,Truck,From RDC,-8
Guyana,Air,From RDC,-8
Côte d'Ivoire,Truck,From RDC,-3
Haiti,Air,From RDC,-3
Haiti,Air,From RDC,12
Côte d'Ivoire,Truck,From RDC,-14
Côte d'Ivoire,Truck,From RDC,-13
Zambia,Truck,From RDC,7
Burundi,Air,From RDC,26
Burundi,Air,From RDC,26
Burundi,Air,From RDC,26
Burundi,Air,From RDC,-12
Rwanda,Truck,From RDC,-18
Uganda,Air,From RDC,-10
Zambia,Truck,From RDC,4
Uganda,Truck,From RDC,-10
Ethiopia,Air,From RDC,-17
Côte d'Ivoire,Truck,From RDC,-22
Mozambique,Truck,From RDC,30
Rwanda,Truck,From RDC,-6
Nigeria,Air Charter,From RDC,-10
Guyana,Air,From RDC,-32
Zimbabwe,Truck,From RDC,-93
Mozambique,Truck,From RDC,-14
"Congo, DRC",Air,From RDC,34
South Sudan,Air,From RDC,59
South Sudan,Air,From RDC,0
"Congo, DRC",Air,From RDC,42
Guyana,Air,From RDC,-62
Rwanda,Truck,From RDC,-46
Côte d'Ivoire,Truck,From RDC,-11
Burundi,Air,From RDC,-25
Zambia,Truck,From RDC,54
Uganda,Truck,From RDC,-33
Uganda,Truck,From RDC,-13
"Congo, DRC",Air,From RDC,-3
Tanzania,Truck,From RDC,-8
Tanzania,Air,From RDC,-44
Zimbabwe,Truck,From RDC,-1
Zimbabwe,Truck,From RDC,-15
Côte d'Ivoire,Truck,From RDC,-7
"Congo, DRC",Air,From RDC,19
Zimbabwe,Truck,From RDC,-13
Rwanda,Truck,From RDC,-33
Mozambique,Truck,From RDC,0
Mozambique,Truck,From RDC,0
Uganda,Truck,From RDC,-150
Côte d'Ivoire,Truck,From RDC,-28
Uganda,Truck,From RDC,-23
Uganda,Truck,From RDC,-9
Côte d'Ivoire,Truck,From RDC,12
Mozambique,Truck,From RDC,4
Tanzania,Truck,From RDC,-29
Mozambique,Truck,From RDC,13
Uganda,Truck,From RDC,-2
Nigeria,Air Charter,From RDC,-45
Uganda,Truck,From RDC,-3
Uganda,Truck,From RDC,-17
Zambia,Truck,From RDC,-40
Mozambique,Truck,From RDC,14
Nigeria,Air Charter,From RDC,-25
Nigeria,Air Charter,From RDC,-23
Zimbabwe,Truck,From RDC,1
Côte d'Ivoire,Truck,From RDC,12
Uganda,Truck,From RDC,-4
Zimbabwe,Truck,From RDC,-44
Burundi,Air,From RDC,1
Rwanda,Truck,From RDC,-7
Zimbabwe,Truck,From RDC,-44
Rwanda,Air,From RDC,-34
Mozambique,Truck,From RDC,-18
Mozambique,Truck,From RDC,-18
Uganda,Truck,From RDC,-32
Uganda,Truck,From RDC,-8
Uganda,Truck,From RDC,-32
Burundi,Air,From RDC,-69
Zimbabwe,Truck,From RDC,0
Mozambique,Truck,From RDC,-15
Uganda,Truck,From RDC,15
Nigeria,Air Charter,From RDC,-76
Côte d'Ivoire,Truck,From RDC,-11
"Congo, DRC",Air,From RDC,30
"Congo, DRC",Air,From RDC,22
South Sudan,Air,From RDC,-39
Senegal,Air,From RDC,3
Burundi,Air,From RDC,-21
Rwanda,Truck,From RDC,-1
Nigeria,Air,From RDC,-8
Zimbabwe,Truck,From RDC,-16
Côte d'Ivoire,Truck,From RDC,6
Cameroon,Air,From RDC,9
Zambia,Truck,From RDC,8
Zambia,Truck,From RDC,11
Zimbabwe,Truck,From RDC,-149
Nigeria,Air,From RDC,-33
Rwanda,Air,From RDC,-13
Nigeria,Air Charter,From RDC,5
Nigeria,Air Charter,From RDC,5
Nigeria,Air Charter,From RDC,-10
Nigeria,Air Charter,From RDC,-10
Nigeria,Air Charter,From RDC,5
Nigeria,Air Charter,From RDC,-28
Nigeria,Air Charter,From RDC,-28
Mozambique,Truck,From RDC,-13
Zimbabwe,Truck,From RDC,-6
Zimbabwe,Truck,From RDC,-6
Haiti,Air,From RDC,-13
Zambia,Truck,From RDC,-2
Uganda,Air,From RDC,-9
Côte d'Ivoire,Air,From RDC,1
Côte d'Ivoire,Air,From RDC,1
Côte d'Ivoire,Air,From RDC,2
Haiti,Air,From RDC,0
Haiti,Air,From RDC,-2
Zambia,Air,From RDC,-19
Uganda,Air,From RDC,-7
Nigeria,Air Charter,From RDC,0
Zambia,Truck,From RDC,-43
Uganda,Air,From RDC,-42
Vietnam,Air,From RDC,-55
Haiti,Air,From RDC,-3
Ethiopia,Air,From RDC,-44
Côte d'Ivoire,Air,From RDC,-16
Uganda,Truck,From RDC,-13
Côte d'Ivoire,Air,From RDC,-50
Zambia,Truck,From RDC,-10
Zambia,Truck,From RDC,-10
Zambia,Truck,From RDC,-10
Zimbabwe,Truck,From RDC,-19
Côte d'Ivoire,Air,From RDC,-8
Haiti,Air,From RDC,-7
Haiti,Air,From RDC,0
Haiti,Air,From RDC,0
Uganda,Air,From RDC,-5
Côte d'Ivoire,Air,From RDC,1
Nigeria,Air Charter,From RDC,-19
Nigeria,Air Charter,From RDC,-19
Nigeria,Air Charter,From RDC,-20
Nigeria,Air Charter,From RDC,29
Nigeria,Air Charter,From RDC,-19
Uganda,Truck,From RDC,-18
Uganda,Air,From RDC,-53
Rwanda,Air,From RDC,-57
Nigeria,Air Charter,From RDC,-13
Nigeria,Air Charter,From RDC,-13
Guyana,Air,From RDC,-34
Nigeria,Air Charter,From RDC,-13
Nigeria,Air Charter,From RDC,-13
Zambia,Truck,From RDC,-6
Zimbabwe,Air,From RDC,3
Mozambique,Truck,From RDC,-16
Uganda,Air,From RDC,-12
Zimbabwe,Truck,From RDC,-60
Uganda,Air,From RDC,-15
Haiti,Air,From RDC,7
Uganda,Air,From RDC,6
Ethiopia,Air,From RDC,-12
Rwanda,Air,From RDC,-8
Uganda,Air,From RDC,-6
Zambia,Truck,From RDC,-128
Mozambique,Air,From RDC,-42
Nigeria,Air,From RDC,-17
Nigeria,Air,From RDC,-17
Nigeria,Air,From RDC,-17
Nigeria,Air,From RDC,-17
Nigeria,Air,From RDC,-17
Tanzania,Air,From RDC,16
Nigeria,Air,From RDC,-17
Nigeria,Air,From RDC,-17
Tanzania,Air,From RDC,0
Zimbabwe,Air,From RDC,-8
Zimbabwe,Air,From RDC,-8
Zimbabwe,Air,From RDC,-8
Ethiopia,Air,From RDC,-64
Nigeria,Air Charter,From RDC,1
Haiti,Air,From RDC,-1
Nigeria,Air Charter,From RDC,-14
Nigeria,Air Charter,From RDC,-14
Ethiopia,Air,From RDC,-8
Côte d'Ivoire,Air,From RDC,-8
Dominican Republic,Air,From RDC,-2
Nigeria,Air Charter,From RDC,5
Nigeria,Air Charter,From RDC,5
Tanzania,Air,From RDC,-20
Côte d'Ivoire,Air,From RDC,-24
Côte d'Ivoire,Truck,From RDC,-24
Côte d'Ivoire,Truck,From RDC,-24
Haiti,Air,From RDC,7
Guyana,Air,From RDC,-65
Guyana,Air,From RDC,-65
Zimbabwe,Truck,From RDC,4
Guyana,Air,From RDC,-22
Uganda,Air,From RDC,5
Uganda,Air,From RDC,5
Nigeria,Air,From RDC,19
Nigeria,Air,From RDC,19
Ethiopia,Air,From RDC,-2
Zambia,Truck,From RDC,-36
Haiti,Air,From RDC,19
Côte d'Ivoire,Air,From RDC,22
Nigeria,Air Charter,From RDC,-80
Uganda,Truck,From RDC,-24
Mozambique,Truck,From RDC,-8
Nigeria,Air Charter,From RDC,-5
Côte d'Ivoire,Air,From RDC,22
Ethiopia,Air,From RDC,-2
Zambia,Truck,From RDC,-24
Zambia,Truck,From RDC,-13
Côte d'Ivoire,Air,From RDC,-16
Zambia,Truck,From RDC,5
Guyana,Air,From RDC,-6
Côte d'Ivoire,Air,From RDC,-2
Côte d'Ivoire,Air,From RDC,14
Tanzania,Air,From RDC,-7
Côte d'Ivoire,Air,From RDC,51
Côte d'Ivoire,Air,From RDC,51
Mozambique,Truck,From RDC,-55
Côte d'Ivoire,Air,From RDC,75
Nigeria,Air Charter,From RDC,-35
Nigeria,Air Charter,From RDC,41
Nigeria,Air Charter,From RDC,-41
Haiti,Air,From RDC,35
Zimbabwe,Truck,From RDC,46
Zimbabwe,Truck,From RDC,46
Zambia,Truck,From RDC,36
Zambia,Truck,From RDC,20
Zambia,Truck,From RDC,39
Mozambique,Truck,From RDC,23
Zambia,Truck,From RDC,57
Ethiopia,Air,From RDC,-1
Zimbabwe,Truck,From RDC,15
Nigeria,Air Charter,From RDC,15
Nigeria,Air Charter,From RDC,21
Nigeria,Air Charter,From RDC,20
Rwanda,Air Charter,From RDC,-81
Guyana,Air,From RDC,-111
Zambia,Truck,From RDC,51
Benin,Air,From RDC,22
Benin,Air,From RDC,22
Ghana,Air,From RDC,16
Haiti,Air,From RDC,-21
Mozambique,Truck,From RDC,1
Zimbabwe,Truck,From RDC,-4
Haiti,Air,From RDC,2
Côte d'Ivoire,Air,From RDC,0
Haiti,Air,From RDC,23
Zambia,Truck,From RDC,-31
Mozambique,Truck,From RDC,0
Haiti,Air,From RDC,-7
Mozambique,Truck,From RDC,0
Guyana,Air,From RDC,-15
Zambia,Truck,From RDC,113
Nigeria,Air Charter,From RDC,-36
Zambia,Truck,From RDC,-35
Swaziland,Air,From RDC,6
Haiti,Air,From RDC,-7
Swaziland,Air,From RDC,-30
Zambia,Truck,From RDC,-1
Côte d'Ivoire,Truck,From RDC,-11
Zambia,Truck,From RDC,-1
Côte d'Ivoire,Truck,From RDC,-34
Uganda,Truck,From RDC,-39
Tanzania,Truck,From RDC,-19
Tanzania,Truck,From RDC,-50
Tanzania,Air,From RDC,-39
Tanzania,Truck,From RDC,-19
Swaziland,Air,From RDC,0
Mozambique,Truck,From RDC,-6
Nigeria,Air Charter,From RDC,-89
Zambia,Truck,From RDC,-40
"Congo, DRC",Air,From RDC,-31
"Congo, DRC",Air,From RDC,-31
"Congo, DRC",Air,From RDC,-31
"Congo, DRC",Air,From RDC,-31
"Congo, DRC",Air,From RDC,-31
"Congo, DRC",Air,From RDC,-31
"Congo, DRC",Air,From RDC,-31
"Congo, DRC",Air,From RDC,-31
"Congo, DRC",Air,From RDC,4
"Congo, DRC",Air,From RDC,7
Mozambique,Truck,From RDC,-22
Zimbabwe,Truck,From RDC,-13
"Congo, DRC",Air,From RDC,0
Zambia,Truck,From RDC,-70
Haiti,Air,From RDC,10
Tanzania,Truck,From RDC,-18
Tanzania,Truck,From RDC,-18
Uganda,Truck,From RDC,-23
Nigeria,Air Charter,From RDC,-29
Tanzania,Truck,From RDC,0
Tanzania,Truck,From RDC,-18
South Sudan,Air,From RDC,-13
South Sudan,Air,From RDC,-13
Mozambique,Truck,From RDC,17
Burundi,Air,From RDC,8
Burundi,Air,From RDC,-17
Côte d'Ivoire,Truck,From RDC,0
Côte d'Ivoire,Truck,From RDC,-8
Zimbabwe,Truck,From RDC,20
Rwanda,Air,From RDC,-11
Zimbabwe,Truck,From RDC,20
Rwanda,Air,From RDC,-64
Tanzania,Truck,From RDC,0
Tanzania,Truck,From RDC,-31
Mozambique,Truck,From RDC,0
Libya,Air,From RDC,0
Libya,Air,From RDC,0
Uganda,Truck,From RDC,-46
Nigeria,Air Charter,From RDC,-65
Zimbabwe,Truck,From RDC,-18
Zambia,Truck,From RDC,-4
Nigeria,Air Charter,From RDC,-60
Nigeria,Air Charter,From RDC,-31
Zimbabwe,Truck,From RDC,0
Tanzania,Truck,From RDC,-7
"Congo, DRC",Air,From RDC,0
Uganda,Truck,From RDC,-68
Nigeria,Air Charter,From RDC,-24
Zimbabwe,Truck,From RDC,-85
Zimbabwe,Truck,From RDC,-22
Zambia,Truck,From RDC,-24
Nigeria,Air Charter,From RDC,-9
Zimbabwe,Truck,From RDC,-42
Zambia,Truck,From RDC,7
Nigeria,Air,From RDC,-17
Zambia,Truck,From RDC,-6
Uganda,Truck,From RDC,8
Uganda,Truck,From RDC,8
Uganda,Truck,From RDC,-11
Côte d'Ivoire,Truck,From RDC,-28
Mozambique,Truck,From RDC,-21
Uganda,Truck,From RDC,0
Zimbabwe,Truck,From RDC,-13
Tanzania,Truck,From RDC,-30
Zambia,Truck,From RDC,-4
Côte d'Ivoire,Truck,From RDC,-51
Uganda,Air,From RDC,-38
Nigeria,Air,From RDC,0
Zambia,Truck,From RDC,0
Zambia,Truck,From RDC,0
Zimbabwe,Truck,From RDC,-1
Mozambique,Truck,From RDC,0
Mozambique,Truck,From RDC,0
Mozambique,Truck,From RDC,0
Zimbabwe,Truck,From RDC,-10
Zimbabwe,Truck,From RDC,-9
Côte d'Ivoire,Truck,From RDC,-14
Côte d'Ivoire,Truck,From RDC,-34
Rwanda,Air,From RDC,0
Côte d'Ivoire,Truck,From RDC,-34
Uganda,Air,From RDC,1
Rwanda,Air,From RDC,0
Uganda,Truck,From RDC,0
"Congo, DRC",Air,From RDC,0
Zimbabwe,Truck,From RDC,0
Zimbabwe,Truck,From RDC,0
Zambia,Truck,From RDC,-24
Haiti,Air,From RDC,-96
"Congo, DRC",Air,From RDC,143
"Congo, DRC",Air,From RDC,143
"Congo, DRC",Air,From RDC,143
"Congo, DRC",Air,From RDC,143
Côte d'Ivoire,Truck,From RDC,0
Uganda,Air,From RDC,-11
Uganda,Air,From RDC,-28
Zimbabwe,Truck,From RDC,-17
Zimbabwe,Truck,From RDC,-17
Uganda,Truck,From RDC,-1
Haiti,Air,From RDC,-26
Côte d'Ivoire,Truck,From RDC,-53
Zimbabwe,Truck,From RDC,-23
Zambia,Truck,From RDC,-102
Guyana,Truck,From RDC,-34
Zimbabwe,Air,From RDC,0
Uganda,Air,From RDC,0
Zambia,Truck,From RDC,-15
Côte d'Ivoire,Truck,From RDC,2
Tanzania,Truck,From RDC,-17
Mozambique,Air,From RDC,0
Burundi,Air,From RDC,-8
Zambia,Air,From RDC,-46
South Sudan,Air,From RDC,-13
Zambia,Air,From RDC,-46
Burundi,Air,From RDC,-52
Nigeria,Air Charter,From RDC,-18
Zimbabwe,Truck,From RDC,-7
Mozambique,Truck,From RDC,5
Mozambique,Truck,From RDC,-32
Mozambique,Truck,From RDC,0
Mozambique,Truck,From RDC,0
Zimbabwe,Truck,From RDC,-31
Nigeria,Air Charter,From RDC,-15
Tanzania,Truck,From RDC,-101
Nigeria,Air Charter,From RDC,-11
Nigeria,Air Charter,From RDC,-103
Mozambique,Truck,From RDC,12
Mozambique,Truck,From RDC,0
Nigeria,Air Charter,From RDC,8
Nigeria,Air Charter,From RDC,-6
Nigeria,Air Charter,From RDC,-3
Zambia,Truck,From RDC,5
Zimbabwe,Truck,From RDC,6
Uganda,Air,From RDC,-8
Uganda,Truck,From RDC,26
Nigeria,Air Charter,From RDC,1
Côte d'Ivoire,Truck,From RDC,-100
"Congo, DRC",Air,From RDC,164
Uganda,Truck,From RDC,16
Zimbabwe,Truck,From RDC,0
Côte d'Ivoire,Truck,From RDC,-33
Zambia,Truck,From RDC,0
Zambia,Truck,From RDC,0
Zambia,Truck,From RDC,7
"Congo, DRC",Air,From RDC,0
Mozambique,Truck,From RDC,0
Tanzania,Truck,From RDC,-71
Uganda,Air,From RDC,29
Zimbabwe,Truck,From RDC,9
Rwanda,Truck,From RDC,0
Uganda,Air,From RDC,24
Dominican Republic,Air,From RDC,-13
Mozambique,Truck,From RDC,-38
Dominican Republic,Air,From RDC,-47
Tanzania,Truck,From RDC,4
Zambia,Truck,From RDC,0
Côte d'Ivoire,Truck,From RDC,-9
Côte d'Ivoire,Truck,From RDC,-9
Zambia,Truck,From RDC,0
Rwanda,Truck,From RDC,0
Tanzania,Truck,From RDC,-10
Côte d'Ivoire,Air,From RDC,-14
Guyana,Air,From RDC,-31
Rwanda,Truck,From RDC,68
Guyana,Air,From RDC,-29
Nigeria,Air Charter,From RDC,-35
Zimbabwe,Truck,From RDC,13
Côte d'Ivoire,Air,From RDC,0
Haiti,Air,From RDC,3
Côte d'Ivoire,Air,From RDC,-37
Burundi,Air,From RDC,7
Nigeria,Air Charter,From RDC,-21
Rwanda,Truck,From RDC,-3
South Sudan,Air,From RDC,20
Rwanda,Truck,From RDC,3
Côte d'Ivoire,Air,From RDC,18
Uganda,Air,From RDC,17
Tanzania,Truck,From RDC,19
Mozambique,Truck,From RDC,-9
Nigeria,Air Charter,From RDC,-18
Nigeria,Air Charter,From RDC,-18
Mozambique,Truck,From RDC,-18
"Congo, DRC",Air,From RDC,-11
Mozambique,Truck,From RDC,0
Côte d'Ivoire,Truck,From RDC,0
Côte d'Ivoire,Air,From RDC,-2
Zimbabwe,Truck,From RDC,-7
Rwanda,Truck,From RDC,5
Mozambique,Truck,From RDC,-1
Mozambique,Truck,From RDC,-1
South Sudan,Air,From RDC,-10
Guyana,Air,From RDC,3
Guyana,Air,From RDC,3
Ghana,Air,From RDC,0
Côte d'Ivoire,Truck,From RDC,-16
Nigeria,Air Charter,From RDC,-19
Guyana,Air,From RDC,-77
Mozambique,Truck,From RDC,0
Mozambique,Truck,From RDC,10
Guyana,Air,From RDC,-66
Rwanda,Truck,From RDC,1
Rwanda,Truck,From RDC,32
Zambia,Truck,From RDC,13
"Congo, DRC",Air,From RDC,0
Côte d'Ivoire,Truck,From RDC,10
Mozambique,Truck,From RDC,-6
Rwanda,Truck,From RDC,9
Côte d'Ivoire,Truck,From RDC,-1
Tanzania,Truck,From RDC,-20
Tanzania,Truck,From RDC,-24
Burundi,Air,From RDC,26
Burundi,Air,From RDC,-12
Mozambique,Truck,From RDC,-6
Tanzania,Air,From RDC,56
Zambia,Truck,From RDC,25
Côte d'Ivoire,Truck,From RDC,-22
Zambia,Truck,From RDC,19
Nigeria,Air Charter,From RDC,-10
Côte d'Ivoire,Truck,From RDC,0
Côte d'Ivoire,Truck,From RDC,-6
Burundi,Air,From RDC,-6
Rwanda,Truck,From RDC,-139
Guyana,Air,From RDC,-32
Zambia,Truck,From RDC,51
Zimbabwe,Truck,From RDC,-154
Zimbabwe,Truck,From RDC,-93
"Congo, DRC",Air,From RDC,34
Uganda,Truck,From RDC,-16
Guyana,Air,From RDC,-62
Mozambique,Truck,From RDC,68
Zambia,Truck,From RDC,54
Zambia,Truck,From RDC,25
Nigeria,Air Charter,From RDC,-27
Nigeria,Air Charter,From RDC,-27
Zambia,Truck,From RDC,-21
Mozambique,Truck,From RDC,-64
Rwanda,Air,From RDC,-1
Zambia,Truck,From RDC,-29
Zambia,Truck,From RDC,-29
Mozambique,Truck,From RDC,-30
Rwanda,Truck,From RDC,42
"Congo, DRC",Air,From RDC,19
Nigeria,Air Charter,From RDC,-1
Nigeria,Air Charter,From RDC,-29
Burundi,Air,From RDC,0
Rwanda,Truck,From RDC,-62
Rwanda,Truck,From RDC,-33
Uganda,Truck,From RDC,-29
Côte d'Ivoire,Truck,From RDC,12
Rwanda,Truck,From RDC,-21
Uganda,Truck,From RDC,-23
Rwanda,Air,From RDC,-18
Rwanda,Truck,From RDC,-38
Côte d'Ivoire,Truck,From RDC,-11
Haiti,Air,From RDC,14
Mozambique,Truck,From RDC,13
Nigeria,Air Charter,From RDC,-16
Nigeria,Air Charter,From RDC,-16
Uganda,Air,From RDC,-8
Zambia,Truck,From RDC,-9
Zambia,Truck,From RDC,-40
Zimbabwe,Truck,From RDC,-28
Zambia,Truck,From RDC,-8
Côte d'Ivoire,Truck,From RDC,12
Rwanda,Air,From RDC,17
Zambia,Truck,From RDC,26
Zimbabwe,Truck,From RDC,-44
Zimbabwe,Truck,From RDC,-14
Burundi,Air,From RDC,-65
Nigeria,Air Charter,From RDC,-43
Uganda,Truck,From RDC,-32
Mozambique,Truck,From RDC,-21
Côte d'Ivoire,Truck,From RDC,-11
Zambia,Truck,From RDC,-14
Nigeria,Air Charter,From RDC,-62
Mozambique,Truck,From RDC,-8
Nigeria,Air Charter,From RDC,-63
Nigeria,Air Charter,From RDC,-46
Nigeria,Air Charter,From RDC,-46
Nigeria,Air Charter,From RDC,-46
"Congo, DRC",Air,From RDC,30
Nigeria,Air Charter,From RDC,-28
Rwanda,Truck,From RDC,-13
Côte d'Ivoire,Truck,From RDC,6
Zambia,Truck,From RDC,-6
Zambia,Truck,From RDC,8
Nigeria,Air Charter,From RDC,5
Nigeria,Air,From RDC,-3
Nigeria,Air,From RDC,-3
Nigeria,Air Charter,From RDC,-27
Nigeria,Air Charter,From RDC,5
Côte d'Ivoire,Air,From RDC,-7
Uganda,Air,From RDC,-10
Guyana,Air,From RDC,-20
Guyana,Air,From RDC,-20
Côte d'Ivoire,Air,From RDC,-26
Nigeria,Air Charter,From RDC,0
Uganda,Air,From RDC,5
Haiti,Air,From RDC,0
Côte d'Ivoire,Air,From RDC,-2
Côte d'Ivoire,Air,From RDC,-2
Uganda,Air,From RDC,-5
Côte d'Ivoire,Air,From RDC,-8
Zimbabwe,Truck,From RDC,-11
Nigeria,Air Charter,From RDC,0
Haiti,Air,From RDC,-8
Haiti,Air,From RDC,-8
Nigeria,Air Charter,From RDC,0
Nigeria,Air Charter,From RDC,0
Haiti,Air,From RDC,-4
Zambia,Truck,From RDC,-38
Zambia,Truck,From RDC,-32
Haiti,Air,From RDC,9
Guyana,Air,From RDC,-17
Guyana,Air,From RDC,-17
Uganda,Truck,From RDC,-7
Côte d'Ivoire,Air,From RDC,-7
Côte d'Ivoire,Air,From RDC,-8
Haiti,Air,From RDC,-21
Côte d'Ivoire,Air,From RDC,-8
Côte d'Ivoire,Air,From RDC,-8
Côte d'Ivoire,Air,From RDC,-8
Haiti,Air,From RDC,-7
Haiti,Air,From RDC,-35
Côte d'Ivoire,Air,From RDC,-6
Haiti,Air,From RDC,-1
Nigeria,Air Charter,From RDC,-19
Nigeria,Air Charter,From RDC,-19
Nigeria,Air Charter,From RDC,-19
Nigeria,Air Charter,From RDC,29
Nigeria,Air Charter,From RDC,-20
Uganda,Truck,From RDC,-36
Uganda,Truck,From RDC,-7
Uganda,Truck,From RDC,-13
Uganda,Truck,From RDC,-34
Uganda,Air,From RDC,-48
Uganda,Air,From RDC,-44
Tanzania,Air,From RDC,-112
Zambia,Truck,From RDC,-14
Nigeria,Air Charter,From RDC,-13
Nigeria,Air Charter,From RDC,-13
Nigeria,Air Charter,From RDC,-13
Nigeria,Air Charter,From RDC,-13
Uganda,Air,From RDC,12
Uganda,Air,From RDC,0
Nigeria,Air Charter,From RDC,-13
Nigeria,Air Charter,From RDC,-13
Uganda,Air,From RDC,-67
Côte d'Ivoire,Air,From RDC,-3
Côte d'Ivoire,Air,From RDC,-3
Côte d'Ivoire,Air,From RDC,-11
Zimbabwe,Truck,From RDC,0
Zimbabwe,Air,From RDC,3
Haiti,Air,From RDC,0
Haiti,Air,From RDC,1
Uganda,Air,From RDC,1
Haiti,Air,From RDC,7
Uganda,Air,From RDC,-8
Uganda,Air,From RDC,-8
Côte d'Ivoire,Air,From RDC,-9
Côte d'Ivoire,Air,From RDC,-4
Nigeria,Air,From RDC,-17
Nigeria,Air,From RDC,-17
Nigeria,Air,From RDC,-17
Nigeria,Air,From RDC,-17
Nigeria,Air,From RDC,-23
Nigeria,Air,From RDC,-17
Haiti,Air,From RDC,-11
Mozambique,Truck,From RDC,-13
Haiti,Air,From RDC,13
Nigeria,Air Charter,From RDC,-14
Côte d'Ivoire,Air,From RDC,0
Côte d'Ivoire,Air,From RDC,0
Côte d'Ivoire,Air,From RDC,-8
Uganda,Air,From RDC,-32
Uganda,Air,From RDC,-38
Uganda,Air,From RDC,-38
Côte d'Ivoire,Air,From RDC,-5
Côte d'Ivoire,Air,From RDC,-5
Côte d'Ivoire,Truck,From RDC,-24
Guyana,Air,From RDC,-65
Uganda,Air,From RDC,5
Tanzania,Air,From RDC,0
Côte d'Ivoire,Air,From RDC,24
Côte d'Ivoire,Truck,From RDC,-4
Côte d'Ivoire,Truck,From RDC,-4
Nigeria,Air Charter,From RDC,-8
Mozambique,Truck,From RDC,3
Mozambique,Truck,From RDC,3
Zambia,Truck,From RDC,-36
Uganda,Air,From RDC,-3
Uganda,Truck,From RDC,-3
Haiti,Air,From RDC,19
Haiti,Air,From RDC,19
Côte d'Ivoire,Air,From RDC,9
Côte d'Ivoire,Air,From RDC,9
Haiti,Air,From RDC,16
Zambia,Truck,From RDC,-78
Guatemala,Air,From RDC,-7
Guatemala,Air,From RDC,-7
Zambia,Truck,From RDC,-13
Côte d'Ivoire,Truck,From RDC,22
Haiti,Air,From RDC,-14
Haiti,Air,From RDC,-14
Zambia,Truck,From RDC,4
Uganda,Truck,From RDC,22
Côte d'Ivoire,Air,From RDC,-16
Zimbabwe,Truck,From RDC,-14
Zimbabwe,Truck,From RDC,-13
Zimbabwe,Truck,From RDC,-13
Ethiopia,Air,From RDC,1
Uganda,Air,From RDC,-34
Haiti,Air,From RDC,37
Côte d'Ivoire,Air,From RDC,-2
Côte d'Ivoire,Air,From RDC,14
Côte d'Ivoire,Air,From RDC,14
Zambia,Truck,From RDC,-10
Côte d'Ivoire,Air,From RDC,51
Tanzania,Air,From RDC,-7
Côte d'Ivoire,Air,From RDC,68
Côte d'Ivoire,Air,From RDC,-23
Zimbabwe,Truck,From RDC,50
Zimbabwe,Truck,From RDC,50
Côte d'Ivoire,Air,From RDC,76
Uganda,Truck,From RDC,13
Uganda,Truck,From RDC,-5
Zimbabwe,Truck,From RDC,13
Guyana,Air,From RDC,-35
Zimbabwe,Truck,From RDC,15
Zimbabwe,Truck,From RDC,15
Nigeria,Air Charter,From RDC,-41
Nigeria,Air Charter,From RDC,21
Benin,Air,From RDC,-4
Benin,Air,From RDC,-4
Benin,Air,From RDC,-4
Mozambique,Truck,From RDC,-6
Zambia,Truck,From RDC,-4
Uganda,Truck,From RDC,-34
Tanzania,Truck,From RDC,78
Ghana,Air,From RDC,-25
Zimbabwe,Truck,From RDC,-4
Mozambique,Truck,From RDC,1
Haiti,Air,From RDC,-2
Tanzania,Truck,From RDC,11
Mozambique,Truck,From RDC,-15
Haiti,Air,From RDC,23
Côte d'Ivoire,Air,From RDC,-81
Zambia,Truck,From RDC,0
Zambia,Truck,From RDC,-3
Nigeria,Air Charter,From RDC,-36
Swaziland,Air,From RDC,6
Guyana,Air,From RDC,-78
Côte d'Ivoire,Air,From RDC,-6
Swaziland,Air,From RDC,-1
Tanzania,Truck,From RDC,-6
Zambia,Truck,From RDC,4
Zimbabwe,Truck,From RDC,7
Nigeria,Air Charter,From RDC,-155
Zimbabwe,Truck,From RDC,-9
Côte d'Ivoire,Air,From RDC,-31
Côte d'Ivoire,Truck,From RDC,-20
Swaziland,Air,From RDC,-10
Zambia,Truck,From RDC,-92
Uganda,Truck,From RDC,-39
Nigeria,Air Charter,From RDC,-2
Nigeria,Air Charter,From RDC,-89
Côte d'Ivoire,Air Charter,From RDC,-79
Zambia,Truck,From RDC,-27
Tanzania,Truck,From RDC,0
"Congo, DRC",Air,From RDC,-31
"Congo, DRC",Air,From RDC,-31
"Congo, DRC",Air,From RDC,-31
"Congo, DRC",Air,From RDC,-31
"Congo, DRC",Air,From RDC,-31
"Congo, DRC",Air,From RDC,-31
"Congo, DRC",Air,From RDC,-31
"Congo, DRC",Air,From RDC,-31
"Congo, DRC",Air,From RDC,-31
"Congo, DRC",Air,From RDC,-31
"Congo, DRC",Air,From RDC,-31
"Congo, DRC",Air,From RDC,-2
Haiti,Air,From RDC,-46
"Congo, DRC",Air,From RDC,0
"Congo, DRC",Air,From RDC,0
"Congo, DRC",Air,From RDC,0
Haiti,Air,From RDC,10
Uganda,Truck,From RDC,-42
Côte d'Ivoire,Truck,From RDC,-7
Tanzania,Truck,From RDC,0
Burundi,Air,From RDC,8
Burundi,Air,From RDC,-17
Tanzania,Truck,From RDC,-23
Uganda,Truck,From RDC,-20
Uganda,Air,From RDC,-86
Zimbabwe,Truck,From RDC,20
Côte d'Ivoire,Air,From RDC,-5
Rwanda,Air,From RDC,-73
Dominican Republic,Air,From RDC,-5
Libya,Air,From RDC,-29
Nigeria,Air Charter,From RDC,-51
Rwanda,Air,From RDC,-45
Rwanda,Air,From RDC,-7
Zimbabwe,Truck,From RDC,-96
Rwanda,Air,From RDC,-28
Uganda,Air,From RDC,-22
Mozambique,Truck,From RDC,-6
Rwanda,Air,From RDC,-14
Guyana,Air,From RDC,-22
Zimbabwe,Truck,From RDC,-111
Nigeria,Air Charter,From RDC,-23
Zimbabwe,Truck,From RDC,-85
Uganda,Truck,From RDC,-41
Uganda,Truck,From RDC,-41
Zambia,Truck,From RDC,-1
Côte d'Ivoire,Air,From RDC,0
Nigeria,Air Charter,From RDC,-6
Nigeria,Air Charter,From RDC,-6
Rwanda,Air,From RDC,-8
Rwanda,Air,From RDC,-8
Côte d'Ivoire,Truck,From RDC,-35
Côte d'Ivoire,Truck,From RDC,-21
"Congo, DRC",Air,From RDC,0
Côte d'Ivoire,Truck,From RDC,-64
Uganda,Truck,From RDC,0
Côte d'Ivoire,Truck,From RDC,-36
Tanzania,Air,From RDC,0
Tanzania,Air,From RDC,0
Uganda,Air,From RDC,0
Uganda,Air,From RDC,0
Zimbabwe,Truck,From RDC,-22
Côte d'Ivoire,Truck,From RDC,-18
Côte d'Ivoire,Truck,From RDC,-18
Rwanda,Air,From RDC,0
Mozambique,Truck,From RDC,-51
Zambia,Truck,From RDC,-5
Uganda,Air,From RDC,-3
Tanzania,Truck,From RDC,-30
Tanzania,Truck,From RDC,-24
Nigeria,Air,From RDC,0
Nigeria,Air,From RDC,0
Nigeria,Air,From RDC,0
Zimbabwe,Truck,From RDC,0
Uganda,Truck,From RDC,-21
Uganda,Air,From RDC,-22
Zimbabwe,Truck,From RDC,-6
Haiti,Air,From RDC,-19
Haiti,Air,From RDC,-19
Côte d'Ivoire,Truck,From RDC,-10
Nigeria,Air,From RDC,0
Nigeria,Air,From RDC,0
Uganda,Air,From RDC,0
Nigeria,Air,From RDC,4
Côte d'Ivoire,Truck,From RDC,-25
Tanzania,Truck,From RDC,-10
Zambia,Truck,From RDC,-2
Côte d'Ivoire,Truck,From RDC,-17
Uganda,Air,From RDC,0
Zimbabwe,Truck,From RDC,0
Zimbabwe,Truck,From RDC,0
Zimbabwe,Truck,From RDC,0
Nigeria,Air Charter,From RDC,0
Nigeria,Air Charter,From RDC,0
Uganda,Air,From RDC,-2
Uganda,Air,From RDC,-2
Haiti,Air,From RDC,-96
Côte d'Ivoire,Truck,From RDC,-27
Zimbabwe,Truck,From RDC,0
Zimbabwe,Truck,From RDC,0
Uganda,Air,From RDC,-28
Haiti,Air,From RDC,-46
Haiti,Air,From RDC,-26
Haiti,Air,From RDC,-26
Côte d'Ivoire,Truck,From RDC,-53
Zimbabwe,Truck,From RDC,-38
Zambia,Truck,From RDC,-95
Zimbabwe,Truck,From RDC,-78
Mozambique,Truck,From RDC,8
Uganda,Air,From RDC,0
South Sudan,Air,From RDC,6
Zimbabwe,Truck,From RDC,-53
Burundi,Air,From RDC,8
Dominican Republic,Air,From RDC,-22
Côte d'Ivoire,Truck,From RDC,2
Guyana,Air,From RDC,1
Mozambique,Air,From RDC,0
Mozambique,Truck,From RDC,14
Uganda,Truck,From RDC,0
Uganda,Air,From RDC,0
Zimbabwe,Truck,From RDC,-7
South Sudan,Air,From RDC,-42
Nigeria,Air Charter,From RDC,-32
Uganda,Truck,From RDC,-21
Tanzania,Truck,From RDC,-101
Zambia,Truck,From RDC,-3
Nigeria,Air Charter,From RDC,-25
Zambia,Truck,From RDC,-21
Mozambique,Truck,From RDC,0
Nigeria,Air Charter,From RDC,-6
Côte d'Ivoire,Truck,From RDC,13
Zambia,Truck,From RDC,-18
Nigeria,Air Charter,From RDC,-1
Uganda,Air,From RDC,-13
Cameroon,Air Charter,From RDC,-8
Cameroon,Air Charter,From RDC,9
Zimbabwe,Truck,From RDC,6
Côte d'Ivoire,Truck,From RDC,-9
Côte d'Ivoire,Truck,From RDC,-71
Nigeria,Air Charter,From RDC,-22
Nigeria,Air Charter,From RDC,-22
Nigeria,Air Charter,From RDC,-22
South Sudan,Truck,From RDC,0
Burundi,Air,From RDC,6
Uganda,Air,From RDC,15
"Congo, DRC",Air,From RDC,165
Côte d'Ivoire,Truck,From RDC,-1
Mozambique,Truck,From RDC,0
Tanzania,Truck,From RDC,-35
Tanzania,Truck,From RDC,-35
Uganda,Truck,From RDC,34
Zimbabwe,Truck,From RDC,-10
Tanzania,Truck,From RDC,-34
Zambia,Truck,From RDC,0
Zambia,Truck,From RDC,0
Mozambique,Truck,From RDC,0
Nigeria,Air Charter,From RDC,-6
Côte d'Ivoire,Truck,From RDC,-10
Guyana,Air,From RDC,-7
Zimbabwe,Truck,From RDC,9
Mozambique,Truck,From RDC,13
Guyana,Air,From RDC,11
Tanzania,Truck,From RDC,4
Zambia,Truck,From RDC,5
Zambia,Truck,From RDC,0
Nigeria,Air Charter,From RDC,-35
Zambia,Truck,From RDC,9
Nigeria,Air Charter,From RDC,-17
Rwanda,Truck,From RDC,-39
Guyana,Air,From RDC,-29
Mozambique,Truck,From RDC,62
Rwanda,Truck,From RDC,0
Tanzania,Truck,From RDC,56
Tanzania,Truck,From RDC,56
Côte d'Ivoire,Air,From RDC,-21
Burundi,Air,From RDC,7
Mozambique,Truck,From RDC,8
Zimbabwe,Truck,From RDC,-4
Nigeria,Air Charter,From RDC,-7
Côte d'Ivoire,Air,From RDC,-13
"Congo, DRC",Air,From RDC,0
Tanzania,Truck,From RDC,-22
Tanzania,Truck,From RDC,7
Uganda,Truck,From RDC,47
Côte d'Ivoire,Air,From RDC,-10
Côte d'Ivoire,Truck,From RDC,-41
Nigeria,Air Charter,From RDC,-18
Zimbabwe,Truck,From RDC,-20
Mozambique,Truck,From RDC,0
"Congo, DRC",Air,From RDC,-11
"Congo, DRC",Air,From RDC,-11
"Congo, DRC",Air,From RDC,-11
Zambia,Truck,From RDC,0
Côte d'Ivoire,Air,From RDC,-2
South Sudan,Air,From RDC,-10
Guyana,Air,From RDC,3
Guyana,Air,From RDC,3
Haiti,Air,From RDC,-6
Uganda,Truck,From RDC,-2
Tanzania,Truck,From RDC,-8
Côte d'Ivoire,Truck,From RDC,-16
Nigeria,Air Charter,From RDC,2
Guyana,Air,From RDC,-77
Guyana,Air,From RDC,-77
Côte d'Ivoire,Air,From RDC,-5
Côte d'Ivoire,Truck,From RDC,-5
Guyana,Air,From RDC,-10
Zambia,Truck,From RDC,13
Côte d'Ivoire,Truck,From RDC,10
Côte d'Ivoire,Truck,From RDC,10
Côte d'Ivoire,Truck,From RDC,-8
Haiti,Air,From RDC,12
Rwanda,Truck,From RDC,-30
Côte d'Ivoire,Truck,From RDC,-45
Zimbabwe,Truck,From RDC,0
Rwanda,Truck,From RDC,34
Nigeria,Air Charter,From RDC,-52
Nigeria,Air Charter,From RDC,-52
Guyana,Air,From RDC,-27
Burundi,Air,From RDC,-12
Zambia,Air,From RDC,1
Mozambique,Truck,From RDC,-6
Mozambique,Truck,From RDC,9
Mozambique,Truck,From RDC,67
Tanzania,Truck,From RDC,-6
Tanzania,Air,From RDC,56
Zimbabwe,Truck,From RDC,-102
Zimbabwe,Truck,From RDC,-19
Zimbabwe,Truck,From RDC,18
Mozambique,Truck,From RDC,-62
Mozambique,Truck,From RDC,-25
Mozambique,Truck,From RDC,0
Zimbabwe,Truck,From RDC,-93
Mozambique,Truck,From RDC,68
Zambia,Truck,From RDC,-6
Zambia,Truck,From RDC,-36
South Sudan,Air,From RDC,0
"Congo, DRC",Air,From RDC,42
Rwanda,Air,From RDC,2
Mozambique,Truck,From RDC,60
Tanzania,Truck,From RDC,31
Zambia,Truck,From RDC,4
Mozambique,Truck,From RDC,57
"Congo, DRC",Air,From RDC,24
Rwanda,Air,From RDC,4
"Congo, DRC",Air,From RDC,0
Nigeria,Air Charter,From RDC,-27
Uganda,Truck,From RDC,-36
Mozambique,Truck,From RDC,-1
Zambia,Truck,From RDC,2
Zambia,Truck,From RDC,-68
Guyana,Air,From RDC,31
Burundi,Air,From RDC,-16
Zimbabwe,Truck,From RDC,-25
"Congo, DRC",Air,From RDC,0
"Congo, DRC",Air,From RDC,19
Nigeria,Air Charter,From RDC,-31
Tanzania,Truck,From RDC,-7
Côte d'Ivoire,Truck,From RDC,4
Côte d'Ivoire,Truck,From RDC,4
Côte d'Ivoire,Truck,From RDC,-42
Mozambique,Truck,From RDC,0
Mozambique,Truck,From RDC,0
Uganda,Truck,From RDC,-25
Uganda,Truck,From RDC,-23
Nigeria,Air Charter,From RDC,-32
Nigeria,Air Charter,From RDC,-32
Côte d'Ivoire,Truck,From RDC,-28
Zambia,Truck,From RDC,20
Nigeria,Air Charter,From RDC,-16
Uganda,Truck,From RDC,-17
Tanzania,Truck,From RDC,24
Nigeria,Air Charter,From RDC,-23
Uganda,Air,From RDC,7
Burundi,Air,From RDC,1
Rwanda,Air,From RDC,-11
Nigeria,Air Charter,From RDC,8
Zambia,Truck,From RDC,10
Nigeria,Air Charter,From RDC,-43
"Congo, DRC",Air,From RDC,-22
Uganda,Truck,From RDC,-8
Nigeria,Air Charter,From RDC,-76
Côte d'Ivoire,Truck,From RDC,-11
Côte d'Ivoire,Truck,From RDC,0
Côte d'Ivoire,Truck,From RDC,0
Nigeria,Air Charter,From RDC,-62
Côte d'Ivoire,Truck,From RDC,0
Nigeria,Air Charter,From RDC,-28
Nigeria,Air Charter,From RDC,-28
Uganda,Truck,From RDC,-6
Cameroon,Air,From RDC,-18
Zimbabwe,Truck,From RDC,-16
Zimbabwe,Truck,From RDC,-16
Uganda,Truck,From RDC,-8
Zambia,Truck,From RDC,10
Zambia,Truck,From RDC,10
Uganda,Truck,From RDC,-6
Zambia,Truck,From RDC,11
Mozambique,Truck,From RDC,-63
Nigeria,Air Charter,From RDC,-27
Uganda,Air,From RDC,0
Nigeria,Air Charter,From RDC,-10
Nigeria,Air Charter,From RDC,-10
Nigeria,Air Charter,From RDC,5
Haiti,Air,From RDC,-31
Côte d'Ivoire,Air,From RDC,-26
Côte d'Ivoire,Air,From RDC,1
Côte d'Ivoire,Air,From RDC,-2
Haiti,Air,From RDC,0
Côte d'Ivoire,Air,From RDC,1
Nigeria,Air Charter,From RDC,-4
Uganda,Air,From RDC,2
Nigeria,Air Charter,From RDC,0
Nigeria,Air Charter,From RDC,0
Haiti,Air,From RDC,-4
Uganda,Air,From RDC,-31
Nigeria,Air,From RDC,-7
Sudan,Air,From RDC,-8
Haiti,Air,From RDC,-2
Uganda,Truck,From RDC,-13
Uganda,Truck,From RDC,-7
Uganda,Truck,From RDC,-7
Côte d'Ivoire,Air,From RDC,-80
Côte d'Ivoire,Air,From RDC,-8
Zimbabwe,Truck,From RDC,-19
Zimbabwe,Air,From RDC,-19
Haiti,Air,From RDC,-7
Haiti,Air,From RDC,-7
Uganda,Air,From RDC,-2
Nigeria,Air Charter,From RDC,-19
Nigeria,Air Charter,From RDC,-19
Mozambique,Truck,From RDC,-33
Nigeria,Air Charter,From RDC,-19
Nigeria,Air Charter,From RDC,-19
Nigeria,Air Charter,From RDC,-19
Uganda,Truck,From RDC,-1
Uganda,Air,From RDC,-76
Uganda,Air,From RDC,-41
Nigeria,Air Charter,From RDC,-13
Nigeria,Air Charter,From RDC,-13
Nigeria,Air Charter,From RDC,-13
Nigeria,Air Charter,From RDC,-13
Nigeria,Air Charter,From RDC,-13
Guyana,Air,From RDC,-36
Uganda,Air,From RDC,0
Uganda,Air,From RDC,-39
Tanzania,Air,From RDC,-65
Côte d'Ivoire,Air,From RDC,-3
Côte d'Ivoire,Air,From RDC,-3
Côte d'Ivoire,Air,From RDC,-3
Côte d'Ivoire,Air,From RDC,-3
Guyana,Air,From RDC,-11
Haiti,Air,From RDC,7
Haiti,Air,From RDC,-21
Haiti,Air,From RDC,-21
Uganda,Air,From RDC,-8
Nigeria,Air,From RDC,-13
Uganda,Air,From RDC,-15
Nigeria,Air,From RDC,-17
Nigeria,Air,From RDC,-17
Nigeria,Air,From RDC,-17
Nigeria,Air,From RDC,-17
Nigeria,Air,From RDC,-17
Nigeria,Air,From RDC,-17
Uganda,Air,From RDC,-16
Nigeria,Air Charter,From RDC,-17
Zimbabwe,Air,From RDC,-8
Uganda,Air,From RDC,-2
Uganda,Air,From RDC,-2
Nigeria,Air Charter,From RDC,1
Nigeria,Air Charter,From RDC,8
Côte d'Ivoire,Air,From RDC,-8
Côte d'Ivoire,Air,From RDC,-8
Uganda,Air,From RDC,-2
Nigeria,Air Charter,From RDC,5
Nigeria,Air Charter,From RDC,5
Uganda,Air,From RDC,-32
Uganda,Air,From RDC,-38
Côte d'Ivoire,Air,From RDC,-8
Uganda,Air,From RDC,-28
Zambia,Air,From RDC,-21
Zambia,Air,From RDC,-19
Côte d'Ivoire,Air,From RDC,-5
Côte d'Ivoire,Truck,From RDC,-24
Haiti,Air,From RDC,7
Zambia,Truck,From RDC,-23
Zimbabwe,Truck,From RDC,4
Haiti,Air,From RDC,13
Uganda,Air,From RDC,5
Uganda,Air,From RDC,5
Zambia,Truck,From RDC,-13
Nigeria,Air,From RDC,19
Nigeria,Air,From RDC,19
Zambia,Truck,From RDC,4
Côte d'Ivoire,Truck,From RDC,-4
Mozambique,Air,From RDC,13
Côte d'Ivoire,Truck,From RDC,26
Zimbabwe,Truck,From RDC,-5
Zambia,Truck,From RDC,7
Côte d'Ivoire,Air,From RDC,9
Haiti,Air,From RDC,16
Côte d'Ivoire,Air,From RDC,0
Uganda,Truck,From RDC,0
Guatemala,Air,From RDC,-7
Nigeria,Air Charter,From RDC,-6
Nigeria,Air Charter,From RDC,-6
Guatemala,Air,From RDC,10
Guatemala,Air,From RDC,10
Tanzania,Air,From RDC,0
Côte d'Ivoire,Air,From RDC,22
Côte d'Ivoire,Air,From RDC,22
Uganda,Truck,From RDC,22
Côte d'Ivoire,Air,From RDC,-2
Uganda,Truck,From RDC,1
Nigeria,Air Charter,From RDC,42
Uganda,Truck,From RDC,13
Zimbabwe,Truck,From RDC,9
Uganda,Truck,From RDC,-5
Zimbabwe,Truck,From RDC,75
Tanzania,Truck,From RDC,34
Nigeria,Air Charter,From RDC,21
Ethiopia,Air,From RDC,-20
Ethiopia,Air,From RDC,-20
Belize,Air,From RDC,-14
Ghana,Air,From RDC,16
Mozambique,Truck,From RDC,-1
Zimbabwe,Air,From RDC,-57
Haiti,Air,From RDC,-5
Côte d'Ivoire,Air,From RDC,-15
Zimbabwe,Truck,From RDC,7
Guyana,Air,From RDC,-78
Tanzania,Truck,From RDC,-10
Zimbabwe,Truck,From RDC,7
Zimbabwe,Truck,From RDC,-6
Swaziland,Air,From RDC,-55
Côte d'Ivoire,Air,From RDC,-22
Mozambique,Truck,From RDC,0
Tanzania,Truck,From RDC,-8
Haiti,Air,From RDC,-11
Rwanda,Truck,From RDC,-13
Zambia,Truck,From RDC,-92
Kenya,Air,From RDC,-19
Rwanda,Air,From RDC,-3
Zimbabwe,Truck,From RDC,2
Nigeria,Air Charter,From RDC,0
Côte d'Ivoire,Truck,From RDC,0
Côte d'Ivoire,Truck,From RDC,0
Guyana,Air,From RDC,-13
Haiti,Air,From RDC,-27
"Congo, DRC",Air,From RDC,-31
"Congo, DRC",Air,From RDC,-31
"Congo, DRC",Air,From RDC,-31
"Congo, DRC",Air,From RDC,-31
"Congo, DRC",Air,From RDC,-2
"Congo, DRC",Air,From RDC,-2
"Congo, DRC",Air,From RDC,28
"Congo, DRC",Air,From RDC,28
"Congo, DRC",Air,From RDC,7
Mozambique,Truck,From RDC,8
Zimbabwe,Truck,From RDC,-13
"Congo, DRC",Air,From RDC,0
Haiti,Air,From RDC,10
Tanzania,Truck,From RDC,-18
Côte d'Ivoire,Air,From RDC,-24
Tanzania,Truck,From RDC,-52
Nigeria,Air Charter,From RDC,-125
Nigeria,Air Charter,From RDC,-125
Nigeria,Air Charter,From RDC,-125
Tanzania,Truck,From RDC,0
Zambia,Truck,From RDC,-78
Burundi,Air,From RDC,8
Uganda,Truck,From RDC,-57
Côte d'Ivoire,Truck,From RDC,0
Zimbabwe,Truck,From RDC,-3
Zimbabwe,Truck,From RDC,-3
Uganda,Truck,From RDC,-50
Zambia,Truck,From RDC,-11
Mozambique,Truck,From RDC,3
Zimbabwe,Truck,From RDC,20
Zambia,Truck,From RDC,-15
Zambia,Truck,From RDC,-15
Zambia,Truck,From RDC,-8
Nigeria,Air Charter,From RDC,-65
Dominican Republic,Air,From RDC,-17
Dominican Republic,Air,From RDC,-5
Libya,Air,From RDC,0
Nigeria,Air Charter,From RDC,-94
Zimbabwe,Truck,From RDC,-6
Côte d'Ivoire,Air,From RDC,0
Haiti,Air,From RDC,-23
Zambia,Truck,From RDC,3
Zimbabwe,Truck,From RDC,-48
Zimbabwe,Truck,From RDC,-48
"Congo, DRC",Air,From RDC,0
"Congo, DRC",Air,From RDC,0
Côte d'Ivoire,Air Charter,From RDC,-5
Guyana,Air,From RDC,-27
Zambia,Truck,From RDC,-11
Nigeria,Air Charter,From RDC,-17
Nigeria,Air Charter,From RDC,-60
Libya,Air,From RDC,3
Côte d'Ivoire,Air,From RDC,-13
Uganda,Air,From RDC,11
Nigeria,Air Charter,From RDC,0
Zimbabwe,Truck,From RDC,-22
Uganda,Truck,From RDC,-41
Uganda,Air,From RDC,-10
Zambia,Truck,From RDC,1
Côte d'Ivoire,Truck,From RDC,0
Tanzania,Truck,From RDC,-13
Nigeria,Air Charter,From RDC,-9
Côte d'Ivoire,Truck,From RDC,0
Rwanda,Air,From RDC,-86
Nigeria,Air Charter,From RDC,-9
Zimbabwe,Truck,From RDC,-98
Zimbabwe,Truck,From RDC,-98
Guyana,Air,From RDC,-32
Guyana,Air,From RDC,-34
Guyana,Air,From RDC,-34
Guyana,Air,From RDC,-34
"Congo, DRC",Air,From RDC,0
"Congo, DRC",Air,From RDC,0
Zimbabwe,Truck,From RDC,-19
Zambia,Truck,From RDC,-18
Côte d'Ivoire,Truck,From RDC,-69
Uganda,Truck,From RDC,-17
Uganda,Truck,From RDC,-3
Rwanda,Air,From RDC,12
South Sudan,Air,From RDC,-15
Rwanda,Air,From RDC,-1
Mozambique,Truck,From RDC,-20
Mozambique,Truck,From RDC,-21
Zimbabwe,Truck,From RDC,0
Côte d'Ivoire,Truck,From RDC,-6
Côte d'Ivoire,Truck,From RDC,-6
Zambia,Truck,From RDC,-12
Nigeria,Air,From RDC,0
Nigeria,Air,From RDC,0
Côte d'Ivoire,Truck,From RDC,-25
Zambia,Truck,From RDC,0
Nigeria,Air,From RDC,0
Zimbabwe,Truck,From RDC,0
Uganda,Air,From RDC,0
Tanzania,Truck,From RDC,0
Mozambique,Truck,From RDC,0
"Congo, DRC",Air,From RDC,0
"Congo, DRC",Air,From RDC,0
"Congo, DRC",Air,From RDC,0
Zimbabwe,Truck,From RDC,0
Nigeria,Air Charter,From RDC,0
Mozambique,Truck,From RDC,-10
"Congo, DRC",Air,From RDC,143
Uganda,Air,From RDC,-28
Zimbabwe,Truck,From RDC,-6
Haiti,Air,From RDC,-46
Haiti,Air,From RDC,-26
Haiti,Air,From RDC,-26
Haiti,Air,From RDC,-26
Uganda,Air,From RDC,-2
Zimbabwe,Truck,From RDC,-23
Guyana,Truck,From RDC,-34
Guyana,Air,From RDC,-34
Uganda,Truck,From RDC,-100
Guyana,Air,From RDC,3
Zimbabwe,Truck,From RDC,9
Côte d'Ivoire,Truck,From RDC,2
Guyana,Air,From RDC,1
Tanzania,Truck,From RDC,-39
Uganda,Truck,From RDC,9
Tanzania,Truck,From RDC,-22
Dominican Republic,Air,From RDC,27
Burundi,Air,From RDC,-8
Uganda,Truck,From RDC,0
Uganda,Truck,From RDC,0
South Sudan,Air,From RDC,-6
Uganda,Truck,From RDC,0
Mozambique,Truck,From RDC,5
Uganda,Truck,From RDC,-44
Nigeria,Air Charter,From RDC,-3
Nigeria,Air Charter,From RDC,-19
Rwanda,Air,From RDC,-35
Nigeria,Air Charter,From RDC,-11
Mozambique,Truck,From RDC,-53
Zambia,Truck,From RDC,-21
Mozambique,Truck,From RDC,0
Nigeria,Air Charter,From RDC,-6
Nigeria,Air Charter,From RDC,-6
Zambia,Truck,From RDC,14
Zambia,Truck,From RDC,0
Zimbabwe,Truck,From RDC,6
Zimbabwe,Truck,From RDC,6
Zimbabwe,Truck,From RDC,7
Tanzania,Truck,From RDC,0
Zambia,Truck,From RDC,-38
South Sudan,Truck,From RDC,0
Tanzania,Air,From RDC,-41
Uganda,Air,From RDC,15
"Congo, DRC",Air,From RDC,165
"Congo, DRC",Air,From RDC,165
Burundi,Air,From RDC,45
Burundi,Air,From RDC,45
"Congo, DRC",Air,From RDC,164
"Congo, DRC",Air,From RDC,164
"Congo, DRC",Air,From RDC,164
Uganda,Air,From RDC,0
Uganda,Air,From RDC,0
Mozambique,Truck,From RDC,0
Burundi,Air,From RDC,-3
Tanzania,Truck,From RDC,-40
Nigeria,Air Charter,From RDC,-6
Zambia,Truck,From RDC,-13
Côte d'Ivoire,Truck,From RDC,-10
Guyana,Air,From RDC,4
Dominican Republic,Air,From RDC,-19
Zambia,Truck,From RDC,5
Zambia,Truck,From RDC,0
Nigeria,Air Charter,From RDC,-17
Côte d'Ivoire,Truck,From RDC,-9
Zambia,Truck,From RDC,85
Burundi,Air,From RDC,-39
Uganda,Truck,From RDC,-16
Tanzania,Truck,From RDC,-10
Tanzania,Truck,From RDC,9
Côte d'Ivoire,Truck,From RDC,14
Guyana,Air,From RDC,-31
Mozambique,Truck,From RDC,-1
Côte d'Ivoire,Truck,From RDC,-24
Tanzania,Truck,From RDC,-11
Zimbabwe,Truck,From RDC,-18
Côte d'Ivoire,Air,From RDC,0
Burundi,Air,From RDC,7
Mozambique,Truck,From RDC,10
South Sudan,Air,From RDC,20
Nigeria,Air Charter,From RDC,-7
Côte d'Ivoire,Truck,From RDC,3
Mozambique,Truck,From RDC,-18
Uganda,Air,From RDC,-7
Mozambique,Truck,From RDC,-18
Côte d'Ivoire,Truck,From RDC,-5
Zimbabwe,Truck,From RDC,-7
Ghana,Truck,From RDC,-6
Ghana,Truck,From RDC,-6
Rwanda,Truck,From RDC,5
Mozambique,Truck,From RDC,-1
Ghana,Air,From RDC,0
Côte d'Ivoire,Truck,From RDC,0
Côte d'Ivoire,Air,From RDC,14
Mozambique,Truck,From RDC,-89
Zambia,Truck,From RDC,29
Guyana,Air,From RDC,-77
Tanzania,Truck,From RDC,46
Côte d'Ivoire,Truck,From RDC,-37
Côte d'Ivoire,Truck,From RDC,-5
Côte d'Ivoire,Truck,From RDC,-8
Tanzania,Truck,From RDC,10
Zambia,Truck,From RDC,13
Mozambique,Truck,From RDC,-24
Mozambique,Truck,From RDC,-24
Côte d'Ivoire,Air,From RDC,12
Côte d'Ivoire,Truck,From RDC,-8
Zambia,Air,From RDC,10
Uganda,Truck,From RDC,-12
Tanzania,Truck,From RDC,-6
Côte d'Ivoire,Truck,From RDC,-18
Tanzania,Truck,From RDC,4
Mozambique,Truck,From RDC,36
Côte d'Ivoire,Truck,From RDC,-26
Nigeria,Air Charter,From RDC,-52
Côte d'Ivoire,Truck,From RDC,0
Uganda,Truck,From RDC,0
Guyana,Air,From RDC,-27
Mozambique,Truck,From RDC,-44
Zimbabwe,Truck,From RDC,-19
Côte d'Ivoire,Truck,From RDC,-22
Côte d'Ivoire,Air,From RDC,-22
Mozambique,Truck,From RDC,-19
Mozambique,Truck,From RDC,-62
Mozambique,Truck,From RDC,-62
Nigeria,Air Charter,From RDC,-10
Nigeria,Air Charter,From RDC,-10
Burundi,Air,From RDC,6
Rwanda,Truck,From RDC,-76
Côte d'Ivoire,Truck,From RDC,-142
Nigeria,Air Charter,From RDC,-133
Tanzania,Truck,From RDC,25
Guyana,Air,From RDC,35
Mozambique,Truck,From RDC,-138
Zambia,Truck,From RDC,-8
Zambia,Truck,From RDC,-8
Zimbabwe,Truck,From RDC,-93
Mozambique,Truck,From RDC,-4
Mozambique,Truck,From RDC,62
"Congo, DRC",Air,From RDC,42
Mozambique,Truck,From RDC,59
Mozambique,Truck,From RDC,59
Tanzania,Truck,From RDC,31
Mozambique,Truck,From RDC,27
Nigeria,Air Charter,From RDC,-27
Tanzania,Truck,From RDC,-6
"Congo, DRC",Air,From RDC,-3
Tanzania,Truck,From RDC,-17
Uganda,Air,From RDC,1
Namibia,Air,From RDC,13
Tanzania,Truck,From RDC,-9
Zambia,Truck,From RDC,20
Zimbabwe,Truck,From RDC,-93
Uganda,Truck,From RDC,25
Côte d'Ivoire,Truck,From RDC,12
Côte d'Ivoire,Truck,From RDC,12
Zambia,Truck,From RDC,20
Nigeria,Air Charter,From RDC,-16
Zimbabwe,Truck,From RDC,-12
Zimbabwe,Truck,From RDC,-12
Zimbabwe,Truck,From RDC,-28
Zimbabwe,Truck,From RDC,-28
Zimbabwe,Truck,From RDC,-12
Zambia,Truck,From RDC,-8
Nigeria,Air Charter,From RDC,-25
Nigeria,Air Charter,From RDC,-25
Mozambique,Truck,From RDC,10
Zimbabwe,Truck,From RDC,-14
Burundi,Air,From RDC,1
Rwanda,Truck,From RDC,-7
Côte d'Ivoire,Truck,From RDC,-5
Nigeria,Air Charter,From RDC,10
Burundi,Air,From RDC,-65
Nigeria,Air Charter,From RDC,-28
Nigeria,Air Charter,From RDC,-41
Nigeria,Air Charter,From RDC,-41
Swaziland,Truck,From RDC,-11
"Congo, DRC",Air,From RDC,12
Mozambique,Truck,From RDC,0
Rwanda,Truck,From RDC,14
Burundi,Air,From RDC,-69
Burundi,Air,From RDC,-69
Uganda,Truck,From RDC,-8
Uganda,Truck,From RDC,-32
Nigeria,Air Charter,From RDC,-76
Mozambique,Truck,From RDC,17
Zimbabwe,Truck,From RDC,0
Nigeria,Air Charter,From RDC,-76
Mozambique,Truck,From RDC,-21
Côte d'Ivoire,Truck,From RDC,-11
Côte d'Ivoire,Truck,From RDC,-11
Nigeria,Air Charter,From RDC,-63
Rwanda,Truck,From RDC,-13
Nigeria,Air Charter,From RDC,-28
South Sudan,Air,From RDC,-6
Rwanda,Air,From RDC,-12
Rwanda,Air,From RDC,-58
Nigeria,Air Charter,From RDC,5
Mozambique,Air,From RDC,-31
Uganda,Air,From RDC,0
Uganda,Air,From RDC,0
Nigeria,Air Charter,From RDC,5
Haiti,Air,From RDC,-40
Côte d'Ivoire,Air,From RDC,-10
Uganda,Air,From RDC,-3
Haiti,Air,From RDC,0
Haiti,Air,From RDC,0
Haiti,Air,From RDC,-2
Côte d'Ivoire,Air,From RDC,1
Uganda,Air,From RDC,2
Uganda,Air,From RDC,2
Zimbabwe,Truck,From RDC,-11
Zambia,Truck,From RDC,-50
Côte d'Ivoire,Air,From RDC,-3
Uganda,Air,From RDC,7
Côte d'Ivoire,Air,From RDC,-3
Mozambique,Air,From RDC,7
Haiti,Air,From RDC,-6
Haiti,Air Charter,From RDC,-8
Uganda,Air,From RDC,-41
Uganda,Air,From RDC,0
Mozambique,Air,From RDC,0
Uganda,Truck,From RDC,-49
Côte d'Ivoire,Air,From RDC,-50
Zambia,Truck,From RDC,-10
Uganda,Air,From RDC,-1
Côte d'Ivoire,Air,From RDC,-36
Zimbabwe,Truck,From RDC,-19
Haiti,Air,From RDC,-35
Haiti,Air,From RDC,1
Côte d'Ivoire,Air,From RDC,1
Haiti,Air,From RDC,0
Nigeria,Air Charter,From RDC,-19
Nigeria,Air Charter,From RDC,-19
Nigeria,Air Charter,From RDC,-19
Nigeria,Air Charter,From RDC,-19
Nigeria,Air Charter,From RDC,-19
Nigeria,Air Charter,From RDC,-19
Nigeria,Air Charter,From RDC,-19
Nigeria,Air Charter,From RDC,-19
Uganda,Air,From RDC,-50
Nigeria,Air Charter,From RDC,-13
Nigeria,Air Charter,From RDC,-13
Zimbabwe,Truck,From RDC,0
Haiti,Air,From RDC,0
Haiti,Air,From RDC,7
Haiti,Air,From RDC,7
Uganda,Air,From RDC,-8
Nigeria,Air Charter,From RDC,-2
Côte d'Ivoire,Air,From RDC,-4
Côte d'Ivoire,Air,From RDC,-4
Tanzania,Air,From RDC,-13
Nigeria,Air,From RDC,-17
Nigeria,Air,From RDC,-17
Nigeria,Air,From RDC,-23
Nigeria,Air,From RDC,-17
Nigeria,Air,From RDC,-17
Nigeria,Air,From RDC,-17
Nigeria,Air,From RDC,-17
Nigeria,Air,From RDC,-17
Nigeria,Air,From RDC,-17
Nigeria,Air,From RDC,-17
Nigeria,Air,From RDC,-17
Nigeria,Air,From RDC,-17
Uganda,Air,From RDC,-2
Nigeria,Air Charter,From RDC,1
Haiti,Air,From RDC,13
Nigeria,Air,From RDC,-14
Nigeria,Air Charter,From RDC,-14
Nigeria,Air Charter,From RDC,-14
Nigeria,Air Charter,From RDC,-14
Côte d'Ivoire,Air,From RDC,0
Uganda,Air,From RDC,-38
Côte d'Ivoire,Air,From RDC,-15
Zambia,Air,From RDC,-21
Ethiopia,Air,From RDC,-2
Côte d'Ivoire,Air,From RDC,-5
Côte d'Ivoire,Truck,From RDC,-5
Mozambique,Truck,From RDC,14
Zimbabwe,Truck,From RDC,4
Haiti,Air,From RDC,1
Nigeria,Air,From RDC,19
Uganda,Truck,From RDC,-14
Zambia,Truck,From RDC,4
Tanzania,Truck,From RDC,3
Côte d'Ivoire,Truck,From RDC,-4
Côte d'Ivoire,Truck,From RDC,26
Côte d'Ivoire,Truck,From RDC,26
Côte d'Ivoire,Truck,From RDC,26
Zimbabwe,Truck,From RDC,-5
Nigeria,Air Charter,From RDC,-6
Uganda,Air,From RDC,-3
Ethiopia,Air,From RDC,-11
Zambia,Truck,From RDC,-36
Côte d'Ivoire,Air,From RDC,9
Côte d'Ivoire,Air,From RDC,9
Dominican Republic,Air,From RDC,-54
Dominican Republic,Air,From RDC,-54
Zambia,Truck,From RDC,25
Haiti,Air,From RDC,16
Haiti,Air,From RDC,16
Nigeria,Air Charter,From RDC,-6
Nigeria,Air Charter,From RDC,-6
Côte d'Ivoire,Air,From RDC,0
Côte d'Ivoire,Air,From RDC,0
Nigeria,Air Charter,From RDC,-1
Tanzania,Air,From RDC,0
Tanzania,Truck,From RDC,0
Côte d'Ivoire,Air,From RDC,8
Haiti,Air,From RDC,-14
Zambia,Truck,From RDC,-24
Zambia,Truck,From RDC,-24
Zimbabwe,Truck,From RDC,-14
Zimbabwe,Truck,From RDC,-14
Zimbabwe,Truck,From RDC,-13
Zimbabwe,Truck,From RDC,-13
Ethiopia,Air,From RDC,1
Uganda,Air,From RDC,11
Côte d'Ivoire,Air,From RDC,29
Côte d'Ivoire,Air,From RDC,51
Côte d'Ivoire,Air,From RDC,-23
Côte d'Ivoire,Air,From RDC,75
Nigeria,Air Charter,From RDC,-42
Nigeria,Air Charter,From RDC,-41
Nigeria,Air Charter,From RDC,40
Zimbabwe,Truck,From RDC,30
Mozambique,Truck,From RDC,14
Nigeria,Air Charter,From RDC,-41
Zambia,Truck,From RDC,20
Zambia,Truck,From RDC,57
Mozambique,Truck,From RDC,13
Uganda,Air,From RDC,-15
Nigeria,Air Charter,From RDC,15
Côte d'Ivoire,Air,From RDC,35
Haiti,Air,From RDC,35
Guyana,Air,From RDC,-134
Guyana,Air,From RDC,-134
Zambia,Truck,From RDC,-4
Mozambique,Truck,From RDC,-6
Côte d'Ivoire,Air,From RDC,-4
Benin,Air,From RDC,-4
Ghana,Air,From RDC,16
Haiti,Air,From RDC,-21
Haiti,Air,From RDC,-21
Haiti,Air,From RDC,2
Zambia,Truck,From RDC,-13
Mozambique,Truck,From RDC,0
Côte d'Ivoire,Air,From RDC,0
Côte d'Ivoire,Air,From RDC,-15
Zimbabwe,Truck,From RDC,-1
Uganda,Truck,From RDC,-27
Tanzania,Air,From RDC,-31
Uganda,Truck,From RDC,19
Mozambique,Truck,From RDC,-15
Zambia,Truck,From RDC,-31
Mozambique,Truck,From RDC,10
Zambia,Truck,From RDC,5
Zambia,Truck,From RDC,5
Uganda,Truck,From RDC,-4
Zambia,Truck,From RDC,-35
Guyana,Air,From RDC,-78
Zimbabwe,Truck,From RDC,0
Tanzania,Air,From RDC,-7
Guyana,Air,From RDC,-71
Nigeria,Air Charter,From RDC,-49
Nigeria,Air Charter,From RDC,-140
Côte d'Ivoire,Truck,From RDC,-11
Haiti,Air,From RDC,8
Zimbabwe,Truck,From RDC,-9
Zimbabwe,Truck,From RDC,7
Côte d'Ivoire,Truck,From RDC,-20
Zambia,Truck,From RDC,-57
Zambia,Truck,From RDC,-92
Zimbabwe,Truck,From RDC,2
Zimbabwe,Truck,From RDC,-5
Nigeria,Air Charter,From RDC,-75
Zambia,Truck,From RDC,10
Côte d'Ivoire,Truck,From RDC,0
Mozambique,Truck,From RDC,-7
"Congo, DRC",Air,From RDC,-31
"Congo, DRC",Air,From RDC,-31
"Congo, DRC",Air,From RDC,-31
"Congo, DRC",Air,From RDC,-31
"Congo, DRC",Air,From RDC,-31
Guyana,Air,From RDC,-55
"Congo, DRC",Air,From RDC,26
"Congo, DRC",Air,From RDC,-2
"Congo, DRC",Air,From RDC,-2
Zimbabwe,Truck,From RDC,-13
"Congo, DRC",Air,From RDC,0
Côte d'Ivoire,Truck,From RDC,-21
Zambia,Truck,From RDC,-70
Haiti,Air,From RDC,10
Tanzania,Truck,From RDC,-18
Côte d'Ivoire,Air,From RDC,-24
Côte d'Ivoire,Truck,From RDC,-35
Côte d'Ivoire,Truck,From RDC,-35
Nigeria,Air Charter,From RDC,-15
Nigeria,Air Charter,From RDC,-29
Nigeria,Air Charter,From RDC,-125
Uganda,Truck,From RDC,-32
Zambia,Truck,From RDC,-53
Uganda,Truck,From RDC,-21
South Sudan,Air,From RDC,-13
Tanzania,Truck,From RDC,-19
Zambia,Truck,From RDC,-71
Rwanda,Air,From RDC,-13
Tanzania,Truck,From RDC,-27
Burundi,Air,From RDC,8
Burundi,Air,From RDC,8
Tanzania,Truck,From RDC,-23
Uganda,Air,From RDC,-37
Zimbabwe,Truck,From RDC,-3
Uganda,Truck,From RDC,-50
Zambia,Truck,From RDC,-29
Zambia,Truck,From RDC,-11
Côte d'Ivoire,Truck,From RDC,-8
Zambia,Truck,From RDC,-15
Dominican Republic,Air,From RDC,-17
Nigeria,Air Charter,From RDC,-65
Uganda,Truck,From RDC,-46
Uganda,Truck,From RDC,-38
Mozambique,Truck,From RDC,-5
"Congo, DRC",Air,From RDC,0
Nigeria,Air Charter,From RDC,-31
Nigeria,Air Charter,From RDC,-17
Nigeria,Air Charter,From RDC,-60
Zambia,Air,From RDC,-25
"Congo, DRC",Air,From RDC,0
"Congo, DRC",Air,From RDC,0
"Congo, DRC",Air,From RDC,0
Zimbabwe,Truck,From RDC,-111
Nigeria,Air Charter,From RDC,-17
Mozambique,Truck,From RDC,-14
Tanzania,Truck,From RDC,-7
Tanzania,Truck,From RDC,-21
Nigeria,Air Charter,From RDC,-24
Mozambique,Truck,From RDC,-13
Uganda,Truck,From RDC,-37
Zimbabwe,Truck,From RDC,-85
Côte d'Ivoire,Air,From RDC,0
Tanzania,Truck,From RDC,-9
Nigeria,Air Charter,From RDC,-9
Nigeria,Air Charter,From RDC,-9
Rwanda,Air,From RDC,-15
Côte d'Ivoire,Truck,From RDC,-2
Uganda,Air,From RDC,0
Rwanda,Air,From RDC,-8
Nigeria,Air Charter,From RDC,-6
Nigeria,Air Charter,From RDC,-6
Côte d'Ivoire,Air,From RDC,9
Rwanda,Air,From RDC,-77
Zimbabwe,Truck,From RDC,-98
Côte d'Ivoire,Truck,From RDC,-63
"Congo, DRC",Air,From RDC,0
Côte d'Ivoire,Truck,From RDC,-36
Nigeria,Air,From RDC,-18
Côte d'Ivoire,Truck,From RDC,-28
Uganda,Truck,From RDC,0
Uganda,Air,From RDC,0
Zambia,Truck,From RDC,-18
Rwanda,Air,From RDC,-15
Côte d'Ivoire,Truck,From RDC,-28
Côte d'Ivoire,Air,From RDC,-26
Côte d'Ivoire,Truck,From RDC,-10
South Sudan,Air,From RDC,0
Côte d'Ivoire,Truck,From RDC,-6
Cameroon,Air Charter,From RDC,-7
Cameroon,Air Charter,From RDC,-7
Cameroon,Air Charter,From RDC,-21
Tanzania,Truck,From RDC,-24
Uganda,Air,From RDC,-38
Mozambique,Truck,From RDC,-16
Mozambique,Truck,From RDC,-16
Zambia,Truck,From RDC,-10
Rwanda,Air,From RDC,0
Rwanda,Air,From RDC,0
Zimbabwe,Truck,From RDC,0
Nigeria,Air,From RDC,0
Nigeria,Air,From RDC,-9
Nigeria,Air,From RDC,4
Uganda,Truck,From RDC,0
Mozambique,Truck,From RDC,-20
Côte d'Ivoire,Truck,From RDC,-372
Uganda,Air,From RDC,1
Zimbabwe,Air,From RDC,-22
Uganda,Air,From RDC,0
"Congo, DRC",Air,From RDC,0
Tanzania,Truck,From RDC,-21
Uganda,Air,From RDC,3
Zambia,Truck,From RDC,0
Nigeria,Air Charter,From RDC,0
Nigeria,Air Charter,From RDC,0
Nigeria,Air Charter,From RDC,0
Uganda,Air,From RDC,-2
Uganda,Air,From RDC,0
"Congo, DRC",Air,From RDC,143
Côte d'Ivoire,Truck,From RDC,-28
Zimbabwe,Truck,From RDC,0
Zimbabwe,Truck,From RDC,-17
Uganda,Air,From RDC,-28
Haiti,Air,From RDC,-26
Haiti,Air,From RDC,-26
Nigeria,Air Charter,From RDC,-22
Zimbabwe,Truck,From RDC,-32
Mozambique,Truck,From RDC,8
Côte d'Ivoire,Truck,From RDC,10
Zimbabwe,Truck,From RDC,-22
Mozambique,Truck,From RDC,0
Côte d'Ivoire,Truck,From RDC,2
Tanzania,Truck,From RDC,-17
Mozambique,Truck,From RDC,14
Mozambique,Truck,From RDC,14
South Sudan,Air,From RDC,-6
South Sudan,Air,From RDC,-6
Zimbabwe,Truck,From RDC,-31
Côte d'Ivoire,Truck,From RDC,-59
Nigeria,Air Charter,From RDC,-18
Uganda,Air,From RDC,13
Nigeria,Air,From RDC,2
Uganda,Truck,From RDC,-1
Nigeria,Air Charter,From RDC,-18
Nigeria,Air Charter,From RDC,-25
Nigeria,Air Charter,From RDC,-25
Zambia,Truck,From RDC,-27
Tanzania,Truck,From RDC,-36
Zambia,Truck,From RDC,8
Mozambique,Truck,From RDC,-5
Cameroon,Air Charter,From RDC,9
Zimbabwe,Truck,From RDC,6
Zimbabwe,Truck,From RDC,7
Côte d'Ivoire,Truck,From RDC,6
Côte d'Ivoire,Truck,From RDC,6
Nigeria,Air Charter,From RDC,-22
Côte d'Ivoire,Truck,From RDC,-100
Nigeria,Air Charter,From RDC,-29
Burundi,Air,From RDC,2
Uganda,Air,From RDC,0
Mozambique,Truck,From RDC,0
Mozambique,Truck,From RDC,0
Mozambique,Truck,From RDC,0
Mozambique,Truck,From RDC,0
Uganda,Air,From RDC,0
Tanzania,Truck,From RDC,-24
Zambia,Truck,From RDC,0
Côte d'Ivoire,Truck,From RDC,-117
Tanzania,Truck,From RDC,-23
Nigeria,Air Charter,From RDC,-8
Nigeria,Air Charter,From RDC,-8
Nigeria,Air Charter,From RDC,-8
Zambia,Truck,From RDC,-13
Rwanda,Air,From RDC,-7
Uganda,Truck,From RDC,18
Dominican Republic,Air,From RDC,-19
Tanzania,Truck,From RDC,4
Zimbabwe,Truck,From RDC,-39
Nigeria,Air Charter,From RDC,-17
Zimbabwe,Truck,From RDC,-5
Uganda,Truck,From RDC,4
Zimbabwe,Truck,From RDC,-5
Uganda,Truck,From RDC,-33
Burundi,Air,From RDC,48
Guyana,Air,From RDC,-29
Mozambique,Truck,From RDC,0
Côte d'Ivoire,Truck,From RDC,7
Nigeria,Air Charter,From RDC,-66
Mozambique,Truck,From RDC,-1
Rwanda,Truck,From RDC,-6
Tanzania,Truck,From RDC,56
Zimbabwe,Truck,From RDC,-18
Tanzania,Truck,From RDC,35
South Sudan,Air,From RDC,20
Rwanda,Truck,From RDC,3
Côte d'Ivoire,Air,From RDC,-13
Tanzania,Truck,From RDC,19
Uganda,Truck,From RDC,-1
Zimbabwe,Air,From RDC,12
Côte d'Ivoire,Air,From RDC,13
Tanzania,Truck,From RDC,19
Rwanda,Truck,From RDC,25
Côte d'Ivoire,Air,From RDC,13
Côte d'Ivoire,Air,From RDC,-10
Côte d'Ivoire,Air,From RDC,-10
Côte d'Ivoire,Truck,From RDC,-41
Nigeria,Air Charter,From RDC,-18
Côte d'Ivoire,Truck,From RDC,1
Côte d'Ivoire,Truck,From RDC,-9
"Congo, DRC",Air,From RDC,-11
"Congo, DRC",Air,From RDC,-11
Zambia,Truck,From RDC,0
Côte d'Ivoire,Truck,From RDC,14
Rwanda,Air,From RDC,8
Uganda,Truck,From RDC,-12
Guyana,Air,From RDC,3
Haiti,Air,From RDC,-6
Haiti,Air,From RDC,-42
Uganda,Truck,From RDC,-2
Kenya,Truck,From RDC,-23
Côte d'Ivoire,Air,From RDC,14
Nigeria,Air Charter,From RDC,2
Uganda,Truck,From RDC,28
Zambia,Air,From RDC,0
Nigeria,Air Charter,From RDC,2
Guyana,Air,From RDC,-77
Guyana,Air,From RDC,-77
Mozambique,Truck,From RDC,10
Rwanda,Air,From RDC,0
Mozambique,Truck,From RDC,-35
Zimbabwe,Truck,From RDC,18
Mozambique,Truck,From RDC,10
Côte d'Ivoire,Truck,From RDC,10
Rwanda,Truck,From RDC,32
Mozambique,Truck,From RDC,9
Tanzania,Truck,From RDC,4
Zimbabwe,Truck,From RDC,0
Zimbabwe,Truck,From RDC,-62
Nigeria,Air Charter,From RDC,-25
Uganda,Truck,From RDC,0
Uganda,Truck,From RDC,0
Mozambique,Truck,From RDC,-13
Côte d'Ivoire,Truck,From RDC,-14
Zambia,Truck,From RDC,4
Mozambique,Truck,From RDC,-6
Zambia,Truck,From RDC,-13
Zambia,Truck,From RDC,14
South Sudan,Air,From RDC,15
Zambia,Truck,From RDC,6
Côte d'Ivoire,Truck,From RDC,-22
Mozambique,Truck,From RDC,-62
"Congo, DRC",Air,From RDC,8
Rwanda,Truck,From RDC,-6
Côte d'Ivoire,Truck,From RDC,9
Côte d'Ivoire,Truck,From RDC,9
Rwanda,Air,From RDC,0
Zambia,Truck,From RDC,-8
Zambia,Truck,From RDC,51
Mozambique,Truck,From RDC,-4
Mozambique,Truck,From RDC,-4
"Congo, DRC",Air,From RDC,42
"Congo, DRC",Air,From RDC,42
"Congo, DRC",Air,From RDC,42
Mozambique,Truck,From RDC,68
Burundi,Air,From RDC,-37
Mozambique,Truck,From RDC,60
Mozambique,Truck,From RDC,-61
Tanzania,Truck,From RDC,-25
Nigeria,Air Charter,From RDC,-27
Namibia,Truck,From RDC,-15
Tanzania,Truck,From RDC,-17
Uganda,Air,From RDC,1
Zambia,Truck,From RDC,-11
Côte d'Ivoire,Truck,From RDC,-14
Côte d'Ivoire,Truck,From RDC,-14
Zambia,Truck,From RDC,19
"Congo, DRC",Air,From RDC,19
Nigeria,Air Charter,From RDC,-1
Burundi,Air,From RDC,0
Côte d'Ivoire,Truck,From RDC,4
Zimbabwe,Air,From RDC,-25
Uganda,Truck,From RDC,-23
Uganda,Truck,From RDC,-150
Uganda,Truck,From RDC,-14
Zimbabwe,Truck,From RDC,-18
Côte d'Ivoire,Truck,From RDC,12
Mozambique,Truck,From RDC,4
Côte d'Ivoire,Truck,From RDC,15
Uganda,Truck,From RDC,-3
Zambia,Truck,From RDC,-8
Nigeria,Air Charter,From RDC,-23
Côte d'Ivoire,Truck,From RDC,12
Côte d'Ivoire,Truck,From RDC,-2
Mozambique,Truck,From RDC,-81
Zambia,Truck,From RDC,26
Zimbabwe,Truck,From RDC,10
Zimbabwe,Truck,From RDC,1
Burundi,Air,From RDC,1
Nigeria,Air Charter,From RDC,8
Togo,Air,From RDC,24
Zambia,Truck,From RDC,-21
"Congo, DRC",Air,From RDC,61
"Congo, DRC",Air,From RDC,-22
"Congo, DRC",Air,From RDC,12
Uganda,Truck,From RDC,-8
Uganda,Truck,From RDC,-32
Nigeria,Air Charter,From RDC,-15
Rwanda,Truck,From RDC,-56
Nigeria,Air Charter,From RDC,-15
Zambia,Truck,From RDC,-14
Côte d'Ivoire,Truck,From RDC,0
Côte d'Ivoire,Truck,From RDC,0
Zambia,Truck,From RDC,-14
Nigeria,Air Charter,From RDC,-63
Nigeria,Air Charter,From RDC,-46
Nigeria,Air Charter,From RDC,-46
Nigeria,Air Charter,From RDC,-46
Nigeria,Air,From RDC,20
"Congo, DRC",Air,From RDC,30
Uganda,Truck,From RDC,-8
Zambia,Truck,From RDC,-6
Zambia,Truck,From RDC,-6
Rwanda,Air,From RDC,7
Côte d'Ivoire,Truck,From RDC,6
Zimbabwe,Truck,From RDC,-27
Rwanda,Air,From RDC,-13
Nigeria,Air Charter,From RDC,5
Nigeria,Air,From RDC,-21
Nigeria,Air Charter,From RDC,-27
Nigeria,Air Charter,From RDC,-10
Nigeria,Air Charter,From RDC,-10
Nigeria,Air Charter,From RDC,-11
Nigeria,Air Charter,From RDC,5
Nigeria,Air Charter,From RDC,-28
Côte d'Ivoire,Air,From RDC,1
Côte d'Ivoire,Air,From RDC,1
Uganda,Air,From RDC,-53
Uganda,Air,From RDC,-14
Zimbabwe,Truck,From RDC,-11
Mozambique,Air,From RDC,-41
Nigeria,Air Charter,From RDC,-44
Uganda,Air,From RDC,-34
Uganda,Air,From RDC,-56
Uganda,Air,From RDC,-56
Zambia,Air,From RDC,-6
Ethiopia,Air,From RDC,-17
Haiti,Air,From RDC,-9
Côte d'Ivoire,Air,From RDC,-16
Sudan,Air,From RDC,-8
Uganda,Truck,From RDC,-52
Uganda,Truck,From RDC,-33
Uganda,Truck,From RDC,-27
Haiti,Air,From RDC,-2
Uganda,Truck,From RDC,-7
Côte d'Ivoire,Air,From RDC,-84
Uganda,Air,From RDC,-21
Uganda,Air,From RDC,-148
Zambia,Truck,From RDC,-10
Côte d'Ivoire,Air,From RDC,-119
Zimbabwe,Truck,From RDC,-19
Zimbabwe,Air,From RDC,-19
Haiti,Air,From RDC,-7
Haiti,Air,From RDC,-9
Haiti,Air,From RDC,-7
Mozambique,Truck,From RDC,0
Mozambique,Truck,From RDC,0
Nigeria,Air Charter,From RDC,-19
Uganda,Air,From RDC,-7
Nigeria,Air Charter,From RDC,-19
Nigeria,Air Charter,From RDC,-19
Nigeria,Air Charter,From RDC,-61
Nigeria,Air Charter,From RDC,-19
Nigeria,Air Charter,From RDC,-19
Nigeria,Air Charter,From RDC,0
Nigeria,Air Charter,From RDC,-19
Nigeria,Air Charter,From RDC,-19
Nigeria,Air Charter,From RDC,0
Uganda,Truck,From RDC,-7
Côte d'Ivoire,Air,From RDC,-5
Tanzania,Air,From RDC,-91
Tanzania,Air,From RDC,-91
Zambia,Truck,From RDC,-14
Nigeria,Air Charter,From RDC,-13
Nigeria,Air Charter,From RDC,-13
Mozambique,Truck,From RDC,-7
Mozambique,Truck,From RDC,-7
Nigeria,Air Charter,From RDC,-13
Nigeria,Air Charter,From RDC,-13
Nigeria,Air Charter,From RDC,-13
Nigeria,Air Charter,From RDC,-13
Haiti,Air,From RDC,2
Nigeria,Air Charter,From RDC,-13
Côte d'Ivoire,Air,From RDC,-3
Zimbabwe,Air,From RDC,3
Mozambique,Truck,From RDC,-16
Côte d'Ivoire,Air,From RDC,4
Ethiopia,Air,From RDC,-20
Zambia,Truck,From RDC,-1
Côte d'Ivoire,Air,From RDC,-5
Côte d'Ivoire,Air,From RDC,-4
Nigeria,Air,From RDC,-17
Nigeria,Air,From RDC,-17
Nigeria,Air,From RDC,-17
Nigeria,Air,From RDC,-17
Nigeria,Air,From RDC,-17
Zimbabwe,Air,From RDC,-8
Nigeria,Air,From RDC,-14
Ethiopia,Air,From RDC,-64
Nigeria,Air Charter,From RDC,1
Haiti,Air,From RDC,13
Nigeria,Air Charter,From RDC,-14
Nigeria,Air Charter,From RDC,-14
Nigeria,Air Charter,From RDC,-14
Nigeria,Air Charter,From RDC,-14
Côte d'Ivoire,Air,From RDC,0
Côte d'Ivoire,Air,From RDC,-8
Côte d'Ivoire,Air,From RDC,-8
Nigeria,Air Charter,From RDC,5
Uganda,Air,From RDC,-32
Ethiopia,Air,From RDC,-28
Zambia,Air,From RDC,-21
Côte d'Ivoire,Air,From RDC,-4
Tanzania,Air,From RDC,-20
Côte d'Ivoire,Air,From RDC,-5
Mozambique,Truck,From RDC,14
Haiti,Air,From RDC,7
Guyana,Air,From RDC,-65
Guyana,Air,From RDC,-65
Zambia,Truck,From RDC,-23
Nigeria,Air,From RDC,19
Nigeria,Air,From RDC,19
Zambia,Truck,From RDC,-13
Uganda,Air,From RDC,6
Nigeria,Air,From RDC,19
Côte d'Ivoire,Truck,From RDC,-4
Côte d'Ivoire,Truck,From RDC,-4
Nigeria,Air Charter,From RDC,-6
Nigeria,Air Charter,From RDC,-9
Mozambique,Truck,From RDC,24
Zambia,Truck,From RDC,7
Zambia,Truck,From RDC,7
Uganda,Air,From RDC,-3
Côte d'Ivoire,Truck,From RDC,22
Dominican Republic,Air,From RDC,-54
Dominican Republic,Air,From RDC,-54
Uganda,Truck,From RDC,-14
Côte d'Ivoire,Air,From RDC,0
Zambia,Truck,From RDC,-7
Guatemala,Air,From RDC,-7
Nigeria,Air Charter,From RDC,-6
Nigeria,Air Charter,From RDC,-6
Nigeria,Air Charter,From RDC,-1
Nigeria,Air Charter,From RDC,-5
Uganda,Air,From RDC,-47
Zambia,Air,From RDC,16
Côte d'Ivoire,Air,From RDC,6
Côte d'Ivoire,Air,From RDC,-16
Côte d'Ivoire,Air,From RDC,-16
Côte d'Ivoire,Air,From RDC,-2
Zambia,Truck,From RDC,-10
Uganda,Air,From RDC,-4
Côte d'Ivoire,Air,From RDC,51
Tanzania,Air,From RDC,-7
Nigeria,Air Charter,From RDC,-41
Nigeria,Air Charter,From RDC,-42
Zimbabwe,Truck,From RDC,30
Mozambique,Truck,From RDC,-6
Zambia,Truck,From RDC,39
Uganda,Truck,From RDC,13
Uganda,Truck,From RDC,13
Zimbabwe,Truck,From RDC,13
Nigeria,Air Charter,From RDC,21
Zambia,Air,From RDC,33
Nigeria,Air Charter,From RDC,14
Nigeria,Air Charter,From RDC,21
Guyana,Air,From RDC,-134
Benin,Air,From RDC,-4
Zambia,Truck,From RDC,51
Côte d'Ivoire,Air,From RDC,-4
Haiti,Air,From RDC,-21
Mozambique,Truck,From RDC,1
Nigeria,Air Charter,From RDC,-16
Uganda,Truck,From RDC,0
Mozambique,Truck,From RDC,15
Côte d'Ivoire,Air,From RDC,-15
Nigeria,Air,From RDC,-28
Uganda,Truck,From RDC,-27
Côte d'Ivoire,Air,From RDC,-17
Ghana,Air,From RDC,0
Zambia,Truck,From RDC,-31
Zimbabwe,Truck,From RDC,-11
Uganda,Truck,From RDC,19
Mozambique,Truck,From RDC,0
Uganda,Truck,From RDC,-14
Côte d'Ivoire,Air,From RDC,0
Zimbabwe,Truck,From RDC,7
Uganda,Truck,From RDC,-4
Guyana,Air,From RDC,-78
Guyana,Air,From RDC,-78
Nigeria,Air Charter,From RDC,105
Nigeria,Air Charter,From RDC,-36
Zambia,Truck,From RDC,-76
Ghana,Air,From RDC,120
Tanzania,Truck,From RDC,-44
Mozambique,Truck,From RDC,-1
Zambia,Truck,From RDC,-29
Zambia,Truck,From RDC,-52
Uganda,Truck,From RDC,-39
Uganda,Truck,From RDC,-39
Rwanda,Air,From RDC,-15
Côte d'Ivoire,Truck,From RDC,-88
Côte d'Ivoire,Air,From RDC,-25
Nigeria,Air Charter,From RDC,-2
Nigeria,Air Charter,From RDC,-75
Nigeria,Air Charter,From RDC,-89
Haiti,Air,From RDC,-14
Guyana,Air,From RDC,-9
Uganda,Truck,From RDC,-13
"Congo, DRC",Air,From RDC,-31
"Congo, DRC",Air,From RDC,-31
"Congo, DRC",Air,From RDC,-31
"Congo, DRC",Air,From RDC,-31
"Congo, DRC",Air,From RDC,-31
"Congo, DRC",Air,From RDC,-31
"Congo, DRC",Air,From RDC,-31
"Congo, DRC",Air,From RDC,-31
"Congo, DRC",Air,From RDC,4
Guyana,Air,From RDC,-55
"Congo, DRC",Air,From RDC,18
"Congo, DRC",Air,From RDC,-2
"Congo, DRC",Air,From RDC,-2
"Congo, DRC",Air,From RDC,-2
Zambia,Truck,From RDC,-11
Zambia,Truck,From RDC,-12
Haiti,Air,From RDC,-46
Haiti,Air,From RDC,-3
Tanzania,Truck,From RDC,-45
Uganda,Truck,From RDC,-33
Nigeria,Air Charter,From RDC,-125
Nigeria,Air Charter,From RDC,-125
Tanzania,Air,From RDC,-23
Mozambique,Truck,From RDC,17
Burundi,Air,From RDC,8
Burundi,Air,From RDC,8
Uganda,Truck,From RDC,-21
Uganda,Air,From RDC,-37
Zimbabwe,Truck,From RDC,-3
Zimbabwe,Truck,From RDC,-3
Zimbabwe,Truck,From RDC,-3
Zambia,Truck,From RDC,-29
Mozambique,Truck,From RDC,3
Rwanda,Air,From RDC,-18
Libya,Air,From RDC,-15
Nigeria,Air Charter,From RDC,-51
Zimbabwe,Truck,From RDC,-18
Zimbabwe,Truck,From RDC,-18
Zambia,Truck,From RDC,-38
Côte d'Ivoire,Air,From RDC,0
Zambia,Truck,From RDC,-66
Rwanda,Air,From RDC,-81
Uganda,Truck,From RDC,-70
Zimbabwe,Truck,From RDC,-48
Nigeria,Air Charter,From RDC,-24
Côte d'Ivoire,Air,From RDC,-6
Zimbabwe,Truck,From RDC,-48
Zimbabwe,Truck,From RDC,-48
Mozambique,Truck,From RDC,1
Zimbabwe,Truck,From RDC,-111
Nigeria,Air Charter,From RDC,-60
Nigeria,Air Charter,From RDC,-60
Tanzania,Truck,From RDC,-13
Mozambique,Truck,From RDC,-13
Zambia,Truck,From RDC,-24
Zambia,Truck,From RDC,-24
Zambia,Truck,From RDC,4
Côte d'Ivoire,Air,From RDC,0
Tanzania,Truck,From RDC,-9
Nigeria,Air Charter,From RDC,-6
Nigeria,Air Charter,From RDC,-9
Nigeria,Air Charter,From RDC,-6
Côte d'Ivoire,Truck,From RDC,0
Rwanda,Air,From RDC,-24
Uganda,Air,From RDC,-34
Côte d'Ivoire,Truck,From RDC,-19
Rwanda,Air,From RDC,-15
Ethiopia,Air,From RDC,0
Nigeria,Air Charter,From RDC,-6
Nigeria,Air,From RDC,-17
Guyana,Air,From RDC,-34
"Congo, DRC",Air,From RDC,0
"Congo, DRC",Air,From RDC,0
Nigeria,Air,From RDC,-18
Uganda,Air,From RDC,0
Uganda,Truck,From RDC,0
Tanzania,Truck,From RDC,0
South Sudan,Air,From RDC,-23
Mozambique,Truck,From RDC,-20
Zambia,Truck,From RDC,-5
Zimbabwe,Truck,From RDC,-26
South Sudan,Air,From RDC,0
Côte d'Ivoire,Truck,From RDC,-6
Zimbabwe,Truck,From RDC,-13
Zimbabwe,Truck,From RDC,-13
Tanzania,Truck,From RDC,-30
Zambia,Truck,From RDC,-12
Tanzania,Truck,From RDC,-24
Uganda,Air,From RDC,-10
Côte d'Ivoire,Truck,From RDC,-99
Zambia,Truck,From RDC,0
Zambia,Truck,From RDC,0
Uganda,Truck,From RDC,-16
Uganda,Air,From RDC,-9
Mozambique,Truck,From RDC,0
Nigeria,Air,From RDC,0
Côte d'Ivoire,Truck,From RDC,-25
Côte d'Ivoire,Truck,From RDC,-18
Côte d'Ivoire,Truck,From RDC,-18
Côte d'Ivoire,Truck,From RDC,-44
Tanzania,Truck,From RDC,0
Mozambique,Truck,From RDC,0
Côte d'Ivoire,Air,From RDC,-34
Zimbabwe,Truck,From RDC,-8
"Congo, DRC",Air,From RDC,0
Uganda,Air,From RDC,3
Uganda,Air,From RDC,24
Mozambique,Truck,From RDC,0
"Congo, DRC",Air,From RDC,143
"Congo, DRC",Air,From RDC,143
Côte d'Ivoire,Truck,From RDC,0
Nigeria,Air Charter,From RDC,-18
Nigeria,Air Charter,From RDC,-18
Zimbabwe,Truck,From RDC,0
Zimbabwe,Truck,From RDC,-23
Zambia,Truck,From RDC,-85
Guyana,Air,From RDC,-34
Zimbabwe,Truck,From RDC,-7
Burundi,Air,From RDC,-34
Mozambique,Truck,From RDC,14
Mozambique,Truck,From RDC,14
Uganda,Air,From RDC,0
South Sudan,Air,From RDC,-6
South Sudan,Air,From RDC,-6
Nigeria,Air Charter,From RDC,-18
Zambia,Air,From RDC,-45
Mozambique,Truck,From RDC,0
Nigeria,Air Charter,From RDC,-18
Nigeria,Air Charter,From RDC,-11
Tanzania,Truck,From RDC,18
Mozambique,Truck,From RDC,0
Zambia,Truck,From RDC,-21
Nigeria,Air Charter,From RDC,8
Nigeria,Air Charter,From RDC,-3
Tanzania,Truck,From RDC,-34
Zambia,Truck,From RDC,0
Uganda,Air,From RDC,-12
Cameroon,Air Charter,From RDC,9
Mozambique,Truck,From RDC,0
Mozambique,Truck,From RDC,0
Nigeria,Air Charter,From RDC,-29
Nigeria,Air Charter,From RDC,-43
Nigeria,Air Charter,From RDC,-22
Burundi,Air,From RDC,-77
Uganda,Air,From RDC,0
Uganda,Air,From RDC,15
"Congo, DRC",Air,From RDC,165
"Congo, DRC",Air,From RDC,164
Côte d'Ivoire,Truck,From RDC,0
Burundi,Air,From RDC,-145
Mozambique,Truck,From RDC,0
Zimbabwe,Truck,From RDC,8
Mozambique,Truck,From RDC,-48
Burundi,Air,From RDC,1
Côte d'Ivoire,Truck,From RDC,-17
Nigeria,Air Charter,From RDC,-6
Nigeria,Air Charter,From RDC,-6
Dominican Republic,Air,From RDC,-128
Guyana,Air,From RDC,4
Burundi,Air,From RDC,9
Mozambique,Truck,From RDC,13
Dominican Republic,Air,From RDC,-19
Côte d'Ivoire,Truck,From RDC,-47
Zambia,Truck,From RDC,0
Zambia,Truck,From RDC,0
Côte d'Ivoire,Truck,From RDC,-13
"Congo, DRC",Air,From RDC,88
Mozambique,Truck,From RDC,-1
Uganda,Truck,From RDC,-9
Uganda,Truck,From RDC,-16
Zambia,Air,From RDC,-20
Zambia,Truck,From RDC,0
Zimbabwe,Truck,From RDC,-5
Côte d'Ivoire,Truck,From RDC,10
Uganda,Air,From RDC,4
Guyana,Air,From RDC,-31
Guyana,Air,From RDC,-31
Guyana,Air,From RDC,-29
Zambia,Truck,From RDC,0
Tanzania,Truck,From RDC,19
Mozambique,Truck,From RDC,-3
Tanzania,Truck,From RDC,35
South Sudan,Air,From RDC,20
Tanzania,Truck,From RDC,40
Tanzania,Truck,From RDC,35
Côte d'Ivoire,Truck,From RDC,17
Côte d'Ivoire,Truck,From RDC,-5
Rwanda,Truck,From RDC,3
Nigeria,Air Charter,From RDC,-18
Nigeria,Air Charter,From RDC,-25
Nigeria,Air Charter,From RDC,-18
"Congo, DRC",Air,From RDC,-11
Zambia,Truck,From RDC,4
Mozambique,Truck,From RDC,-1
Mozambique,Truck,From RDC,-1
Zimbabwe,Truck,From RDC,-46
Tanzania,Truck,From RDC,-13
Côte d'Ivoire,Truck,From RDC,0
Côte d'Ivoire,Truck,From RDC,-16
Nigeria,Air Charter,From RDC,2
Tanzania,Truck,From RDC,7
Guyana,Air,From RDC,-77
Mozambique,Truck,From RDC,0
Mozambique,Truck,From RDC,10
Côte d'Ivoire,Air,From RDC,-5
Côte d'Ivoire,Truck,From RDC,-37
Côte d'Ivoire,Truck,From RDC,-5
Côte d'Ivoire,Truck,From RDC,-5
Mozambique,Truck,From RDC,1
Zambia,Truck,From RDC,13
Mozambique,Truck,From RDC,-24
"Congo, DRC",Air,From RDC,0
Tanzania,Truck,From RDC,22
Uganda,Truck,From RDC,-2
Guyana,Air,From RDC,5
Nigeria,Air Charter,From RDC,-52
Nigeria,Air Charter,From RDC,-25
Mozambique,Truck,From RDC,-44
Zimbabwe,Truck,From RDC,-102
Zimbabwe,Air,From RDC,-10
Mozambique,Truck,From RDC,30
South Sudan,Air,From RDC,15
Uganda,Truck,From RDC,-98
Rwanda,Truck,From RDC,-78
Nigeria,Air Charter,From RDC,-10
Mozambique,Truck,From RDC,0
Zimbabwe,Truck,From RDC,-93
Zambia,Truck,From RDC,-41
Mozambique,Truck,From RDC,59
Mozambique,Truck,From RDC,59
Tanzania,Truck,From RDC,31
Mozambique,Truck,From RDC,-61
Nigeria,Air Charter,From RDC,-27
Nigeria,Air Charter,From RDC,-58
Mozambique,Truck,From RDC,-1
Guyana,Air,From RDC,9
Mozambique,Truck,From RDC,-1
Mozambique,Truck,From RDC,-64
Mozambique,Truck,From RDC,-30
Côte d'Ivoire,Truck,From RDC,-7
"Congo, DRC",Air,From RDC,19
"Congo, DRC",Air,From RDC,19
"Congo, DRC",Air,From RDC,19
Nigeria,Air Charter,From RDC,-1
Rwanda,Truck,From RDC,-62
Rwanda,Truck,From RDC,-33
Uganda,Truck,From RDC,-29
Côte d'Ivoire,Truck,From RDC,4
Côte d'Ivoire,Truck,From RDC,4
Zambia,Truck,From RDC,20
Nigeria,Air Charter,From RDC,-32
Côte d'Ivoire,Truck,From RDC,-28
Nigeria,Air Charter,From RDC,-16
Uganda,Truck,From RDC,-7
"Congo, DRC",Air,From RDC,0
Uganda,Truck,From RDC,-4
Mozambique,Truck,From RDC,-81
Zambia,Truck,From RDC,26
Rwanda,Truck,From RDC,-7
Uganda,Truck,From RDC,45
Rwanda,Air,From RDC,10
Burundi,Air,From RDC,-65
Burundi,Air,From RDC,-65
Nigeria,Air Charter,From RDC,-104
"Congo, DRC",Air,From RDC,61
Burundi,Air,From RDC,-69
Côte d'Ivoire,Truck,From RDC,-64
Uganda,Truck,From RDC,-8
Uganda,Truck,From RDC,-32
Zimbabwe,Truck,From RDC,-22
Mozambique,Truck,From RDC,9
Mozambique,Truck,From RDC,17
Mozambique,Truck,From RDC,11
Mozambique,Truck,From RDC,17
Zimbabwe,Truck,From RDC,0
Zambia,Truck,From RDC,-14
Zambia,Truck,From RDC,-14
Uganda,Truck,From RDC,-26
Uganda,Truck,From RDC,-26
Uganda,Truck,From RDC,-11
Côte d'Ivoire,Truck,From RDC,0
Nigeria,Air Charter,From RDC,-46
Nigeria,Air Charter,From RDC,-46
Nigeria,Air Charter,From RDC,-18
Nigeria,Air,From RDC,-8
Zimbabwe,Truck,From RDC,-16
Zimbabwe,Truck,From RDC,-16
Côte d'Ivoire,Truck,From RDC,6
Zambia,Truck,From RDC,-6
Zimbabwe,Truck,From RDC,-36
Zimbabwe,Truck,From RDC,-27
